record_id,user_id,log_date,age,height_cm,weight_kg,bmi,water_glasses,exercise_minutes,sleep_hours,healthy_meals_count,meditation_minutes,pain,temperature_c,systolic_mmhg,diastolic_mmhg,glucose_mg_dl,heart_rate_bpm,stress_level,energy_level,sleep_quality,mood,risk_level
REC_000082,USR_0005,2026-04-01,31,160.5,48.8,18.93,8.0,55.6,5.5,4,17.2,1,36.5,112.0,74.0,83.0,74.0,1.0,7.0,6.0,bien,low
REC_000100,USR_0006,2026-04-01,45,184.7,81.1,23.78,5.0,29.9,5.7,2,0.0,8,36.3,126.0,78.0,91.0,88.0,5.0,4.0,6.0,regular,medium
REC_000330,USR_0017,2026-04-01,32,169.5,65.8,22.9,5.0,40.9,6.3,1,19.3,4,36.5,129.0,65.0,91.0,89.0,5.0,4.0,4.0,mal,medium
REC_000400,USR_0021,2026-04-01,18,158.0,81.1,32.48,5.0,25.5,5.0,2,12.0,6,36.3,113.0,75.0,68.0,86.0,5.0,3.0,3.0,mal,high
REC_000532,USR_0027,2026-04-01,57,164.1,74.0,27.47,6.0,57.1,8.2,1,5.1,3,36.0,119.0,77.0,85.0,72.0,4.0,6.0,6.0,regular,low
REC_000578,USR_0029,2026-04-01,49,153.3,47.7,20.3,9.0,18.4,8.6,4,3.2,0,37.0,111.0,67.0,80.0,75.0,2.0,7.0,7.0,muy bien,low
REC_000654,USR_0033,2026-04-01,46,165.5,66.7,24.35,3.0,0.0,5.3,1,0.0,3,37.3,114.0,67.0,84.0,82.0,5.0,2.0,5.0,mal,high
REC_000785,USR_0041,2026-04-01,43,159.4,68.4,26.9,5.0,55.1,7.8,2,24.5,0,36.4,118.0,61.0,100.0,59.0,3.0,8.0,9.0,muy bien,low
REC_000852,USR_0044,2026-04-01,34,167.9,68.5,24.28,10.0,59.3,9.0,3,29.3,0,37.0,118.0,83.0,73.0,71.0,1.0,8.0,6.0,bien,low
REC_001046,USR_0054,2026-04-01,47,168.1,47.7,16.89,7.0,72.8,8.0,2,15.8,0,36.5,124.0,63.0,91.0,79.0,2.0,8.0,9.0,bien,low
REC_001320,USR_0068,2026-04-01,27,173.0,81.6,27.25,1.0,27.9,5.3,0,21.9,4,36.5,113.0,80.0,93.0,92.0,7.0,3.0,4.0,mal,high
REC_001433,USR_0073,2026-04-01,31,182.5,75.5,22.65,7.0,0.0,5.5,2,0.0,3,36.2,122.0,79.0,99.0,75.0,4.0,2.0,4.0,mal,medium
REC_001555,USR_0079,2026-04-01,36,177.6,68.0,21.57,3.0,60.7,7.8,2,8.1,2,36.8,110.0,75.0,73.0,87.0,3.0,4.0,7.0,bien,low
REC_001613,USR_0082,2026-04-01,51,145.3,54.2,25.66,6.0,43.5,9.2,3,22.7,1,37.1,124.0,76.0,92.0,71.0,1.0,9.0,9.0,muy bien,low
REC_001632,USR_0083,2026-04-01,54,169.8,76.3,26.47,6.0,20.4,7.4,2,12.4,7,36.3,137.0,72.0,98.0,95.0,6.0,4.0,7.0,regular,medium
REC_001718,USR_0087,2026-04-01,34,162.7,85.1,32.15,8.0,39.8,8.0,2,25.9,1,36.7,112.0,65.0,96.0,66.0,6.0,8.0,8.0,regular,medium
REC_001871,USR_0095,2026-04-01,34,180.7,91.1,27.9,9.0,55.4,5.8,2,8.6,5,36.4,119.0,70.0,90.0,75.0,5.0,3.0,7.0,regular,low
REC_001950,USR_0099,2026-04-01,36,171.7,62.8,21.3,6.0,0.0,6.3,4,16.4,4,36.9,121.0,79.0,91.0,86.0,4.0,3.0,7.0,regular,medium
REC_002079,USR_0105,2026-04-01,29,170.0,66.0,22.83,3.0,0.0,5.9,3,12.3,6,36.9,118.0,95.0,84.0,90.0,4.0,3.0,6.0,mal,medium
REC_002142,USR_0108,2026-04-01,36,165.3,108.2,39.62,9.0,62.8,7.7,4,15.8,2,37.6,101.0,73.0,106.0,67.0,3.0,7.0,10.0,bien,low
REC_002161,USR_0109,2026-04-01,18,183.1,77.5,23.12,5.0,0.0,4.9,3,13.3,6,36.2,114.0,69.0,115.0,91.0,5.0,2.0,5.0,mal,medium
REC_002260,USR_0114,2026-04-01,53,169.3,76.5,26.7,7.0,31.5,6.6,1,7.7,1,36.7,111.0,66.0,109.0,72.0,3.0,5.0,7.0,bien,medium
REC_002408,USR_0121,2026-04-01,56,161.4,82.8,31.77,11.0,65.3,8.6,3,27.3,0,37.0,112.0,74.0,76.0,61.0,1.0,8.0,9.0,muy bien,low
REC_002537,USR_0128,2026-04-01,31,166.3,63.4,22.92,8.0,56.2,8.3,5,14.5,0,36.7,102.0,71.0,89.0,74.0,3.0,5.0,6.0,bien,low
REC_002702,USR_0136,2026-04-01,27,162.1,98.1,37.31,9.0,63.5,7.9,0,7.9,0,37.1,104.0,74.0,82.0,69.0,3.0,6.0,9.0,regular,low
REC_003116,USR_0157,2026-04-01,33,169.6,62.3,21.65,3.0,0.0,6.8,1,11.4,5,37.0,121.0,71.0,98.0,101.0,6.0,4.0,6.0,mal,high
REC_003133,USR_0158,2026-04-01,34,167.3,70.6,25.23,7.0,30.6,4.3,3,0.0,7,35.9,119.0,76.0,64.0,80.0,6.0,4.0,5.0,regular,medium
REC_003195,USR_0161,2026-04-01,36,157.9,66.2,26.57,2.0,0.4,5.2,0,13.0,8,36.8,116.0,82.0,86.0,84.0,7.0,1.0,4.0,muy mal,high
REC_003330,USR_0168,2026-04-01,49,179.1,117.2,36.54,3.0,0.0,3.1,0,0.0,6,37.2,137.0,60.0,91.0,76.0,8.0,1.0,2.0,muy mal,high
REC_003370,USR_0170,2026-04-01,53,167.8,96.1,34.15,11.0,35.9,5.4,2,2.6,5,36.6,111.0,64.0,91.0,91.0,4.0,4.0,5.0,muy mal,medium
REC_003382,USR_0171,2026-04-01,70,149.8,58.8,26.2,3.0,26.2,7.0,0,4.6,1,36.9,136.0,69.0,104.0,85.0,3.0,4.0,6.0,regular,medium
REC_003401,USR_0172,2026-04-01,40,173.9,92.0,30.42,3.0,0.0,5.2,1,18.0,5,36.4,128.0,74.0,103.0,85.0,7.0,2.0,6.0,mal,medium
REC_003507,USR_0177,2026-04-01,18,171.9,92.1,31.16,6.0,1.9,2.3,2,13.0,10,37.1,123.0,73.0,97.0,103.0,10.0,1.0,4.0,muy mal,high
REC_003551,USR_0179,2026-04-01,24,140.0,40.3,20.55,5.0,17.1,7.5,2,28.1,2,37.0,121.0,70.0,91.0,76.0,2.0,5.0,6.0,regular,medium
REC_003631,USR_0183,2026-04-01,18,163.7,80.1,29.91,7.0,38.9,7.7,3,23.6,1,36.7,129.0,79.0,82.0,71.0,2.0,7.0,8.0,bien,low
REC_003808,USR_0192,2026-04-01,34,158.4,87.0,34.68,5.0,24.3,5.1,0,9.7,4,36.4,106.0,72.0,105.0,75.0,5.0,1.0,4.0,mal,medium
REC_004037,USR_0203,2026-04-01,58,161.7,49.4,18.89,11.0,51.1,7.2,2,12.5,0,37.2,111.0,80.0,70.0,70.0,3.0,6.0,9.0,muy bien,low
REC_004110,USR_0207,2026-04-01,18,169.3,75.0,26.18,12.0,62.3,7.3,3,8.6,0,36.9,117.0,70.0,69.0,81.0,2.0,8.0,7.0,mal,low
REC_004234,USR_0213,2026-04-01,31,142.0,43.9,21.79,7.0,15.2,7.1,1,10.0,3,36.7,116.0,64.0,96.0,83.0,5.0,3.0,8.0,regular,medium
REC_004468,USR_0224,2026-04-01,49,159.6,62.0,24.36,6.0,32.5,7.5,2,22.2,0,35.9,115.0,68.0,93.0,80.0,1.0,7.0,7.0,muy bien,low
REC_004507,USR_0226,2026-04-01,50,166.7,122.9,44.21,8.0,42.3,7.1,2,27.0,0,36.4,118.0,73.0,122.0,81.0,4.0,5.0,6.0,regular,low
REC_004543,USR_0228,2026-04-01,38,181.6,83.4,25.3,8.0,44.7,9.2,3,22.1,1,36.5,110.0,81.0,110.0,70.0,1.0,8.0,9.0,muy bien,low
REC_004671,USR_0235,2026-04-01,23,166.5,51.7,18.64,6.0,31.7,6.9,1,5.8,0,36.5,112.0,87.0,90.0,94.0,3.0,6.0,7.0,muy bien,low
REC_004693,USR_0236,2026-04-01,38,167.9,50.1,17.77,5.0,9.2,6.2,3,15.6,5,37.4,115.0,76.0,91.0,85.0,4.0,4.0,5.0,regular,medium
REC_004719,USR_0237,2026-04-01,55,174.9,85.9,28.08,0.0,0.0,5.7,0,3.0,5,36.5,125.0,77.0,114.0,77.0,7.0,4.0,5.0,mal,high
REC_004805,USR_0241,2026-04-01,30,172.4,103.3,34.77,1.0,25.4,5.6,3,0.0,8,37.6,119.0,86.0,97.0,97.0,6.0,3.0,5.0,mal,medium
REC_000001,USR_0001,2026-04-02,40,164.4,68.4,25.32,11.0,40.6,7.5,2,17.0,1,37.0,118.0,76.0,79.0,67.0,2.0,7.0,6.0,bien,low
REC_000187,USR_0010,2026-04-02,26,176.8,93.6,29.95,10.0,75.9,8.6,2,28.7,0,36.9,102.0,71.0,78.0,85.0,2.0,8.0,8.0,muy bien,low
REC_000247,USR_0013,2026-04-02,18,171.6,81.9,27.8,9.0,19.4,6.5,2,11.1,4,36.7,139.0,74.0,99.0,77.0,4.0,4.0,6.0,regular,medium
REC_000430,USR_0022,2026-04-02,55,157.3,94.1,38.03,4.0,15.6,5.9,1,9.4,4,36.8,129.0,76.0,75.0,81.0,7.0,3.0,6.0,muy mal,medium
REC_000556,USR_0028,2026-04-02,55,153.2,72.1,30.7,6.0,20.4,7.1,2,9.1,2,36.8,116.0,70.0,97.0,83.0,3.0,6.0,8.0,bien,medium
REC_000602,USR_0030,2026-04-02,25,161.0,71.9,27.75,11.0,46.7,7.8,3,13.6,1,37.0,124.0,59.0,72.0,72.0,3.0,6.0,8.0,bien,low
REC_000762,USR_0040,2026-04-02,27,172.7,67.4,22.6,9.0,51.4,7.4,4,13.6,1,35.9,108.0,79.0,61.0,74.0,2.0,4.0,7.0,regular,low
REC_000786,USR_0041,2026-04-02,43,159.4,68.2,26.84,8.0,0.0,8.7,3,33.0,0,37.3,118.0,70.0,87.0,58.0,1.0,8.0,9.0,muy bien,low
REC_001071,USR_0055,2026-04-02,57,162.7,51.5,19.45,2.0,0.0,7.9,2,4.6,4,36.6,133.0,80.0,109.0,92.0,5.0,3.0,6.0,regular,medium
REC_001211,USR_0062,2026-04-02,45,154.5,74.3,31.12,5.0,1.9,4.6,0,0.0,4,36.3,105.0,60.0,104.0,96.0,6.0,2.0,4.0,mal,high
REC_001226,USR_0063,2026-04-02,19,167.1,60.2,21.55,1.0,8.0,5.5,1,10.5,7,37.0,135.0,73.0,76.0,91.0,8.0,2.0,4.0,muy mal,high
REC_001284,USR_0066,2026-04-02,32,161.3,90.8,34.9,8.0,70.1,7.3,1,8.5,2,36.2,102.0,76.0,88.0,70.0,1.0,8.0,6.0,bien,low
REC_001495,USR_0076,2026-04-02,21,168.4,90.5,31.9,5.0,16.0,6.1,4,0.0,6,36.0,119.0,82.0,97.0,107.0,6.0,3.0,4.0,mal,medium
REC_001531,USR_0078,2026-04-02,40,148.8,54.4,24.56,5.0,19.0,5.2,1,4.2,4,36.6,124.0,79.0,87.0,86.0,6.0,2.0,5.0,mal,medium
REC_001556,USR_0079,2026-04-02,36,177.6,68.1,21.59,8.0,24.7,7.8,2,9.3,3,37.0,108.0,73.0,87.0,76.0,3.0,3.0,6.0,regular,low
REC_001633,USR_0083,2026-04-02,54,169.8,76.5,26.53,7.0,16.4,7.7,4,0.0,5,38.3,133.0,63.0,77.0,89.0,5.0,2.0,6.0,mal,medium
REC_001679,USR_0085,2026-04-02,41,169.2,70.9,24.78,10.0,53.7,7.6,2,12.8,0,36.6,113.0,76.0,85.0,60.0,1.0,5.0,8.0,muy bien,low
REC_001817,USR_0092,2026-04-02,34,166.4,78.8,28.46,8.0,0.0,5.4,3,0.0,3,36.4,130.0,68.0,109.0,90.0,6.0,3.0,6.0,regular,medium
REC_002019,USR_0102,2026-04-02,54,171.0,90.6,30.99,5.0,26.9,5.6,2,1.7,3,37.2,142.0,82.0,110.0,100.0,7.0,2.0,7.0,regular,medium
REC_002080,USR_0105,2026-04-02,29,170.0,66.1,22.89,2.0,0.0,7.9,2,1.5,6,37.2,123.0,82.0,85.0,92.0,3.0,4.0,5.0,regular,medium
REC_002184,USR_0110,2026-04-02,32,143.6,48.9,23.72,6.0,40.0,6.1,3,13.8,2,36.7,125.0,82.0,84.0,89.0,5.0,5.0,8.0,regular,low
REC_002461,USR_0124,2026-04-02,18,168.1,88.6,31.35,11.0,57.5,7.4,0,6.2,1,37.5,111.0,71.0,96.0,66.0,2.0,7.0,8.0,bien,low
REC_002538,USR_0128,2026-04-02,31,166.3,63.6,23.01,8.0,70.2,6.8,4,17.8,0,37.4,110.0,88.0,75.0,62.0,2.0,5.0,9.0,regular,low
REC_002683,USR_0135,2026-04-02,60,162.5,87.0,32.93,1.0,30.6,6.4,0,3.2,5,36.6,126.0,83.0,111.0,85.0,6.0,4.0,7.0,regular,medium
REC_002734,USR_0138,2026-04-02,57,151.4,43.6,19.04,13.0,63.4,8.8,3,9.9,1,37.0,131.0,68.0,108.0,81.0,1.0,4.0,10.0,bien,low
REC_003070,USR_0154,2026-04-02,45,180.2,90.7,27.93,7.0,32.4,8.5,2,26.4,0,35.9,131.0,57.0,81.0,73.0,2.0,7.0,8.0,muy bien,low
REC_003117,USR_0157,2026-04-02,33,169.6,62.0,21.56,4.0,2.8,6.2,1,19.9,3,36.4,108.0,86.0,107.0,99.0,5.0,2.0,5.0,mal,high
REC_003270,USR_0165,2026-04-02,50,167.0,79.7,28.57,7.0,15.2,6.7,2,14.8,3,36.2,125.0,74.0,85.0,84.0,2.0,4.0,8.0,regular,medium
REC_003331,USR_0168,2026-04-02,49,179.1,117.3,36.56,2.0,3.7,4.4,0,1.9,4,37.0,116.0,74.0,94.0,93.0,7.0,1.0,4.0,mal,high
REC_003350,USR_0169,2026-04-02,44,183.3,104.4,31.07,2.0,2.0,4.6,0,0.0,5,36.7,111.0,75.0,122.0,92.0,8.0,1.0,3.0,muy mal,high
REC_003383,USR_0171,2026-04-02,70,149.8,58.6,26.12,7.0,0.0,8.2,0,8.7,2,36.7,127.0,67.0,120.0,76.0,2.0,5.0,8.0,regular,medium
REC_003421,USR_0173,2026-04-02,52,156.9,64.6,26.22,10.0,88.0,10.0,4,9.7,0,37.0,118.0,86.0,81.0,72.0,1.0,8.0,10.0,muy bien,low
REC_003571,USR_0180,2026-04-02,31,158.5,63.6,25.33,10.0,36.6,8.0,4,14.5,0,36.8,115.0,77.0,95.0,70.0,4.0,6.0,9.0,bien,low
REC_003786,USR_0191,2026-04-02,49,159.4,71.3,28.07,9.0,14.1,5.6,4,9.8,2,37.1,128.0,67.0,77.0,60.0,4.0,5.0,8.0,bien,medium
REC_003872,USR_0195,2026-04-02,52,171.9,81.8,27.68,14.0,53.2,9.8,3,22.2,1,36.6,109.0,75.0,81.0,68.0,2.0,6.0,9.0,bien,low
REC_004038,USR_0203,2026-04-02,58,161.7,49.4,18.9,9.0,52.5,7.8,2,23.9,1,36.3,114.0,76.0,93.0,73.0,3.0,6.0,6.0,bien,low
REC_004153,USR_0209,2026-04-02,30,166.3,52.0,18.79,3.0,2.0,5.5,3,0.0,7,37.1,108.0,73.0,63.0,81.0,6.0,3.0,5.0,mal,high
REC_004262,USR_0214,2026-04-02,38,162.4,62.4,23.67,6.0,29.6,7.6,5,8.1,1,36.6,129.0,77.0,107.0,78.0,3.0,8.0,10.0,bien,low
REC_004334,USR_0217,2026-04-02,19,148.5,55.0,24.93,6.0,36.0,7.4,4,0.0,0,36.5,118.0,83.0,94.0,74.0,1.0,7.0,6.0,muy bien,low
REC_004370,USR_0219,2026-04-02,18,176.3,52.8,16.98,6.0,40.8,5.9,2,18.1,3,36.5,133.0,70.0,110.0,76.0,5.0,4.0,6.0,mal,medium
REC_004387,USR_0220,2026-04-02,18,184.4,112.5,33.09,1.0,0.0,6.5,2,14.8,5,36.6,110.0,67.0,94.0,90.0,5.0,3.0,5.0,mal,high
REC_004447,USR_0223,2026-04-02,36,158.4,76.2,30.35,8.0,0.0,3.9,2,13.3,4,36.7,125.0,73.0,50.0,88.0,6.0,1.0,5.0,muy mal,high
REC_004488,USR_0225,2026-04-02,48,174.1,70.1,23.13,5.0,31.3,5.8,3,32.1,6,37.2,118.0,80.0,91.0,90.0,4.0,4.0,6.0,regular,medium
REC_004598,USR_0231,2026-04-02,25,153.6,45.9,19.47,13.0,37.9,7.4,4,0.0,3,36.5,120.0,68.0,87.0,63.0,2.0,6.0,9.0,muy bien,low
REC_004642,USR_0233,2026-04-02,36,167.5,72.1,25.68,8.0,0.0,5.1,3,0.0,5,37.0,120.0,77.0,97.0,96.0,6.0,1.0,3.0,muy mal,high
REC_004826,USR_0242,2026-04-02,18,147.8,40.2,18.38,3.0,0.9,6.4,1,9.9,5,36.8,125.0,67.0,71.0,82.0,5.0,1.0,6.0,mal,high
REC_004869,USR_0244,2026-04-02,31,167.7,70.5,25.08,5.0,25.2,6.5,1,21.7,4,36.4,119.0,79.0,99.0,96.0,6.0,2.0,6.0,mal,medium
REC_004911,USR_0246,2026-04-02,24,174.0,57.3,18.94,8.0,26.6,6.5,2,8.3,6,36.3,139.0,76.0,82.0,97.0,6.0,5.0,9.0,mal,medium
REC_004968,USR_0249,2026-04-02,23,173.3,51.2,17.03,9.0,52.8,6.7,4,17.1,0,37.1,117.0,90.0,72.0,63.0,2.0,7.0,7.0,muy bien,low
REC_004985,USR_0250,2026-04-02,26,149.2,45.5,20.46,3.0,17.4,4.4,1,0.0,6,36.8,127.0,76.0,91.0,87.0,9.0,2.0,3.0,muy mal,high
REC_000066,USR_0004,2026-04-03,18,169.8,76.8,26.65,10.0,13.2,5.4,1,8.3,2,36.3,113.0,73.0,89.0,74.0,4.0,4.0,5.0,regular,medium
REC_000101,USR_0006,2026-04-03,45,184.7,81.1,23.77,6.0,0.0,5.7,0,8.2,5,36.6,130.0,79.0,69.0,86.0,5.0,3.0,5.0,mal,high
REC_000210,USR_0011,2026-04-03,27,164.4,45.9,16.98,4.0,0.0,5.8,1,0.0,3,37.2,119.0,69.0,69.0,91.0,7.0,2.0,5.0,mal,medium
REC_000268,USR_0014,2026-04-03,18,140.0,55.3,28.2,7.0,12.9,7.4,2,10.0,3,36.4,117.0,80.0,91.0,90.0,6.0,4.0,7.0,regular,medium
REC_000312,USR_0016,2026-04-03,30,172.2,68.7,23.18,3.0,0.0,4.9,2,3.6,4,36.9,125.0,75.0,117.0,100.0,7.0,2.0,6.0,mal,high
REC_000473,USR_0024,2026-04-03,37,154.0,56.5,23.92,13.0,45.8,7.4,4,11.2,1,36.7,128.0,62.0,80.0,63.0,2.0,6.0,5.0,bien,low
REC_000533,USR_0027,2026-04-03,57,164.1,73.9,27.45,5.0,33.6,8.1,2,11.3,5,37.2,143.0,75.0,96.0,68.0,7.0,4.0,5.0,regular,medium
REC_000655,USR_0033,2026-04-03,46,165.5,66.9,24.41,2.0,16.8,5.4,1,8.2,4,37.2,119.0,69.0,59.0,90.0,5.0,2.0,4.0,regular,medium
REC_000763,USR_0040,2026-04-03,27,172.7,67.2,22.52,9.0,60.6,7.9,4,14.5,0,36.9,123.0,67.0,92.0,62.0,1.0,7.0,10.0,muy bien,low
REC_000822,USR_0043,2026-04-03,18,151.0,48.9,21.45,8.0,62.5,7.3,3,21.7,1,37.2,119.0,63.0,89.0,67.0,3.0,7.0,9.0,muy bien,low
REC_000988,USR_0051,2026-04-03,44,155.2,69.4,28.81,5.0,70.2,8.9,4,23.9,1,36.7,121.0,82.0,112.0,68.0,1.0,9.0,8.0,muy bien,low
REC_001008,USR_0052,2026-04-03,42,178.1,76.4,24.08,9.0,51.9,9.2,2,10.4,1,36.4,114.0,80.0,73.0,55.0,2.0,9.0,9.0,bien,low
REC_001047,USR_0054,2026-04-03,47,168.1,47.7,16.89,8.0,69.2,7.0,3,0.0,3,36.7,125.0,63.0,98.0,76.0,2.0,6.0,7.0,muy bien,low
REC_001321,USR_0068,2026-04-03,27,173.0,81.6,27.25,7.0,47.5,5.3,2,0.0,3,36.6,109.0,80.0,96.0,104.0,8.0,2.0,7.0,mal,medium
REC_001369,USR_0070,2026-04-03,44,156.1,56.5,23.19,5.0,19.4,6.4,3,5.7,3,37.0,119.0,65.0,67.0,82.0,5.0,5.0,7.0,regular,medium
REC_001496,USR_0076,2026-04-03,21,168.4,90.5,31.92,6.0,14.7,5.3,3,22.0,5,37.7,106.0,76.0,109.0,81.0,5.0,2.0,6.0,mal,medium
REC_001594,USR_0081,2026-04-03,18,167.4,103.9,37.08,3.0,16.7,5.1,2,16.4,4,37.0,122.0,72.0,93.0,95.0,7.0,2.0,6.0,mal,medium
REC_001743,USR_0088,2026-04-03,30,162.3,61.0,23.15,2.0,10.7,6.1,3,1.6,5,37.1,104.0,89.0,89.0,82.0,6.0,3.0,6.0,regular,medium
REC_001797,USR_0091,2026-04-03,44,178.1,104.5,32.93,11.0,38.1,10.0,3,3.1,0,36.7,110.0,77.0,94.0,63.0,2.0,8.0,10.0,muy bien,low
REC_001888,USR_0096,2026-04-03,50,153.1,50.0,21.35,8.0,65.1,5.8,3,19.5,2,37.5,127.0,66.0,112.0,81.0,4.0,8.0,7.0,muy bien,low
REC_001951,USR_0099,2026-04-03,36,171.7,62.7,21.26,5.0,28.9,6.6,3,21.7,3,36.7,99.0,67.0,78.0,80.0,3.0,4.0,5.0,regular,medium
REC_002081,USR_0105,2026-04-03,29,170.0,66.3,22.94,3.0,4.3,7.3,0,6.8,5,37.0,130.0,85.0,70.0,84.0,4.0,4.0,5.0,regular,medium
REC_002185,USR_0110,2026-04-03,32,143.6,49.0,23.76,6.0,47.1,6.2,3,0.0,1,36.8,102.0,66.0,99.0,68.0,4.0,5.0,5.0,bien,medium
REC_002294,USR_0116,2026-04-03,37,173.7,82.6,27.39,1.0,14.5,5.0,1,0.2,6,38.0,105.0,75.0,66.0,86.0,4.0,3.0,4.0,mal,high
REC_002368,USR_0119,2026-04-03,26,177.6,75.7,23.99,4.0,0.0,5.2,1,16.1,4,37.3,112.0,74.0,53.0,72.0,5.0,3.0,6.0,regular,high
REC_002386,USR_0120,2026-04-03,18,164.7,46.0,16.94,5.0,5.4,6.1,1,21.5,1,36.3,131.0,78.0,107.0,75.0,6.0,3.0,7.0,regular,medium
REC_002409,USR_0121,2026-04-03,56,161.4,82.8,31.78,8.0,47.0,8.0,5,5.2,1,36.5,130.0,68.0,94.0,81.0,1.0,8.0,8.0,muy bien,low
REC_002659,USR_0134,2026-04-03,55,153.0,51.8,22.13,3.0,9.4,6.4,1,0.0,6,36.8,125.0,69.0,67.0,88.0,7.0,1.0,4.0,muy mal,high
REC_002684,USR_0135,2026-04-03,60,162.5,86.9,32.89,4.0,0.0,5.3,1,10.7,2,37.2,137.0,70.0,87.0,79.0,5.0,3.0,6.0,regular,high
REC_002703,USR_0136,2026-04-03,27,162.1,97.6,37.13,3.0,25.9,9.3,0,18.5,1,36.8,115.0,80.0,84.0,76.0,3.0,6.0,9.0,bien,medium
REC_002756,USR_0139,2026-04-03,45,155.6,56.8,23.46,6.0,53.4,7.3,1,0.0,2,36.5,117.0,73.0,102.0,81.0,5.0,6.0,7.0,regular,low
REC_002776,USR_0140,2026-04-03,29,157.3,66.7,26.95,8.0,0.0,5.3,3,3.2,5,36.8,89.0,69.0,77.0,78.0,5.0,3.0,5.0,mal,medium
REC_003134,USR_0158,2026-04-03,34,167.3,70.5,25.17,6.0,26.1,7.5,2,0.0,5,37.1,127.0,88.0,97.0,86.0,4.0,4.0,6.0,regular,medium
REC_003174,USR_0160,2026-04-03,74,166.8,72.6,26.08,8.0,39.4,6.2,2,0.0,0,36.8,135.0,83.0,96.0,84.0,4.0,4.0,5.0,regular,medium
REC_003351,USR_0169,2026-04-03,44,183.3,104.4,31.08,3.0,0.0,5.9,2,0.0,6,37.4,117.0,77.0,69.0,81.0,8.0,1.0,4.0,muy mal,high
REC_003402,USR_0172,2026-04-03,40,173.9,91.7,30.37,6.0,0.0,6.0,2,0.0,5,35.9,104.0,81.0,80.0,89.0,7.0,2.0,5.0,mal,high
REC_003444,USR_0174,2026-04-03,45,162.1,60.4,23.0,6.0,0.4,7.2,2,11.7,2,36.4,146.0,75.0,68.0,90.0,5.0,6.0,8.0,regular,medium
REC_003613,USR_0182,2026-04-03,53,170.7,73.9,25.35,2.0,0.0,5.8,2,0.0,4,36.9,134.0,86.0,96.0,86.0,7.0,1.0,5.0,muy mal,high
REC_003724,USR_0188,2026-04-03,29,163.2,53.3,20.01,2.0,0.0,5.7,0,0.0,4,36.8,135.0,80.0,72.0,90.0,10.0,1.0,2.0,muy mal,high
REC_003747,USR_0189,2026-04-03,53,185.5,134.4,39.14,2.0,0.0,5.6,3,7.1,4,37.3,126.0,79.0,123.0,77.0,7.0,3.0,6.0,mal,high
REC_003809,USR_0192,2026-04-03,34,158.4,87.2,34.76,4.0,0.0,4.4,2,6.7,5,36.7,136.0,68.0,104.0,86.0,7.0,1.0,4.0,mal,high
REC_003850,USR_0194,2026-04-03,40,174.0,86.0,28.4,10.0,65.4,7.7,2,25.2,0,36.7,107.0,76.0,91.0,77.0,2.0,8.0,8.0,muy bien,low
REC_003994,USR_0201,2026-04-03,41,166.5,69.9,25.23,8.0,18.5,5.6,2,4.1,0,36.2,120.0,75.0,97.0,76.0,4.0,3.0,5.0,regular,medium
REC_004179,USR_0210,2026-04-03,39,159.0,85.4,33.79,6.0,44.6,7.0,2,18.1,1,37.5,113.0,69.0,114.0,82.0,4.0,3.0,6.0,regular,low
REC_004288,USR_0215,2026-04-03,23,180.8,78.6,24.05,2.0,0.0,6.5,2,16.9,7,37.3,131.0,75.0,69.0,98.0,7.0,2.0,4.0,mal,high
REC_004308,USR_0216,2026-04-03,40,159.2,81.4,32.23,3.0,4.7,6.6,1,0.0,6,36.2,123.0,76.0,124.0,80.0,6.0,1.0,6.0,mal,high
REC_004448,USR_0223,2026-04-03,36,158.4,76.1,30.31,5.0,14.8,4.3,1,3.9,4,36.4,123.0,72.0,66.0,89.0,7.0,1.0,5.0,mal,high
REC_004469,USR_0224,2026-04-03,49,159.6,62.1,24.24,10.0,73.8,8.2,3,19.2,1,37.6,133.0,66.0,90.0,74.0,1.0,8.0,8.0,bien,low
REC_004599,USR_0231,2026-04-03,25,153.6,45.7,19.39,3.0,50.4,7.1,4,6.6,0,36.5,105.0,66.0,87.0,75.0,2.0,7.0,9.0,muy bien,low
REC_004620,USR_0232,2026-04-03,66,172.7,60.9,20.41,5.0,0.0,5.7,0,1.0,3,37.3,113.0,83.0,120.0,99.0,8.0,2.0,7.0,regular,high
REC_004672,USR_0235,2026-04-03,23,166.5,51.9,18.71,13.0,63.8,6.5,5,14.4,1,36.9,105.0,62.0,83.0,62.0,3.0,6.0,7.0,bien,low
REC_004733,USR_0238,2026-04-03,40,170.5,88.0,30.27,7.0,22.7,6.4,3,6.0,1,36.7,113.0,86.0,83.0,69.0,5.0,5.0,5.0,regular,medium
REC_004827,USR_0242,2026-04-03,18,147.8,40.0,18.33,6.0,40.7,6.5,1,0.0,8,36.7,118.0,76.0,94.0,90.0,5.0,4.0,6.0,mal,medium
REC_004912,USR_0246,2026-04-03,24,174.0,57.2,18.89,8.0,41.9,7.7,3,4.0,1,36.8,115.0,71.0,79.0,76.0,4.0,7.0,7.0,regular,low
REC_004952,USR_0248,2026-04-03,35,183.9,58.6,17.34,4.0,23.6,6.5,1,0.0,3,37.2,131.0,78.0,90.0,74.0,6.0,4.0,6.0,mal,medium
REC_000145,USR_0008,2026-04-04,32,161.4,103.4,39.68,7.0,14.0,6.4,2,22.3,4,36.3,105.0,67.0,97.0,83.0,5.0,3.0,4.0,mal,medium
REC_000269,USR_0014,2026-04-04,18,140.0,55.3,28.22,9.0,24.4,6.5,3,0.0,2,36.5,132.0,63.0,64.0,75.0,3.0,4.0,6.0,regular,medium
REC_000351,USR_0018,2026-04-04,27,169.5,74.8,26.04,7.0,10.0,6.0,2,14.9,6,36.6,100.0,66.0,103.0,87.0,5.0,1.0,4.0,muy mal,medium
REC_000431,USR_0022,2026-04-04,55,157.3,94.0,37.98,0.0,0.0,6.2,3,0.0,2,36.6,119.0,86.0,89.0,84.0,7.0,1.0,6.0,mal,medium
REC_000557,USR_0028,2026-04-04,55,153.2,72.2,30.77,6.0,30.2,7.8,3,1.0,3,36.6,131.0,78.0,84.0,97.0,3.0,5.0,5.0,regular,low
REC_000620,USR_0031,2026-04-04,42,175.5,95.9,31.13,7.0,45.0,6.0,2,0.8,2,36.5,117.0,72.0,50.0,88.0,5.0,3.0,5.0,regular,medium
REC_000640,USR_0032,2026-04-04,42,174.4,90.5,29.76,10.0,61.0,8.0,5,21.2,1,36.4,116.0,69.0,85.0,78.0,1.0,8.0,9.0,muy bien,low
REC_000682,USR_0035,2026-04-04,18,170.8,66.7,22.87,3.0,10.1,5.3,0,9.1,6,36.7,138.0,77.0,86.0,97.0,7.0,2.0,3.0,muy mal,high
REC_000764,USR_0040,2026-04-04,27,172.7,67.2,22.53,6.0,51.1,9.4,3,17.0,2,37.3,118.0,83.0,77.0,57.0,1.0,8.0,8.0,muy bien,low
REC_000823,USR_0043,2026-04-04,18,151.0,49.0,21.48,8.0,73.4,6.8,3,13.1,0,36.6,115.0,72.0,81.0,77.0,1.0,7.0,8.0,muy bien,low
REC_000853,USR_0044,2026-04-04,34,167.9,68.8,24.41,9.0,59.6,8.6,2,12.7,2,36.8,128.0,73.0,61.0,72.0,3.0,6.0,7.0,regular,low
REC_000939,USR_0049,2026-04-04,45,158.8,88.4,35.07,8.0,27.5,7.7,2,16.3,0,37.0,111.0,76.0,116.0,77.0,4.0,5.0,7.0,regular,medium
REC_001185,USR_0061,2026-04-04,44,168.5,78.4,27.64,3.0,15.6,5.4,1,0.0,5,36.8,116.0,78.0,98.0,81.0,6.0,2.0,3.0,mal,medium
REC_001212,USR_0062,2026-04-04,45,154.5,74.3,31.13,2.0,20.4,5.2,0,0.0,3,37.7,115.0,88.0,102.0,81.0,7.0,2.0,4.0,regular,high
REC_001512,USR_0077,2026-04-04,27,166.1,67.7,24.55,9.0,41.6,7.4,4,24.4,2,36.8,112.0,74.0,91.0,66.0,1.0,7.0,8.0,bien,low
REC_001557,USR_0079,2026-04-04,36,177.6,68.0,21.51,5.0,29.3,6.3,0,15.8,3,37.0,115.0,73.0,82.0,89.0,5.0,2.0,8.0,mal,medium
REC_001680,USR_0085,2026-04-04,41,169.2,70.9,24.77,10.0,47.4,7.7,3,20.2,0,36.8,137.0,85.0,90.0,61.0,2.0,6.0,7.0,regular,low
REC_001694,USR_0086,2026-04-04,36,181.9,110.3,33.34,3.0,8.5,4.2,0,0.0,6,36.8,144.0,71.0,100.0,84.0,7.0,1.0,3.0,muy mal,high
REC_001757,USR_0089,2026-04-04,18,158.6,89.8,35.71,7.0,41.0,7.6,3,3.3,0,36.5,102.0,63.0,109.0,69.0,2.0,7.0,9.0,bien,low
REC_001818,USR_0092,2026-04-04,34,166.4,78.9,28.48,7.0,26.4,5.3,4,1.1,2,36.6,102.0,80.0,103.0,91.0,4.0,2.0,7.0,regular,medium
REC_002020,USR_0102,2026-04-04,54,171.0,90.6,31.0,6.0,47.8,6.7,0,15.5,3,36.4,131.0,77.0,94.0,91.0,4.0,2.0,6.0,mal,medium
REC_002340,USR_0118,2026-04-04,44,154.4,63.4,26.57,8.0,30.7,7.1,2,17.2,0,36.6,137.0,70.0,97.0,71.0,2.0,7.0,7.0,bien,low
REC_002429,USR_0122,2026-04-04,25,171.8,67.9,23.02,6.0,23.7,7.5,1,18.6,2,36.5,118.0,71.0,89.0,81.0,5.0,3.0,6.0,regular,medium
REC_002448,USR_0123,2026-04-04,29,183.7,72.2,21.41,9.0,35.7,6.4,3,17.8,3,36.8,113.0,78.0,79.0,92.0,4.0,4.0,4.0,regular,medium
REC_002512,USR_0127,2026-04-04,23,162.0,63.6,24.24,7.0,45.7,8.1,4,10.3,0,37.1,109.0,79.0,87.0,63.0,3.0,6.0,9.0,regular,low
REC_002601,USR_0131,2026-04-04,53,165.2,71.2,26.07,3.0,0.0,4.9,0,0.0,5,37.0,126.0,81.0,90.0,94.0,7.0,1.0,6.0,mal,high
REC_002704,USR_0136,2026-04-04,27,162.1,97.4,37.07,6.0,30.8,7.8,3,15.1,2,36.5,119.0,76.0,88.0,77.0,3.0,4.0,6.0,regular,low
REC_002797,USR_0141,2026-04-04,40,188.9,124.3,34.84,6.0,0.0,6.4,1,0.0,2,36.7,128.0,67.0,119.0,93.0,7.0,3.0,4.0,mal,high
REC_002840,USR_0143,2026-04-04,18,163.8,64.6,24.08,6.0,47.1,8.5,4,26.7,3,37.2,124.0,69.0,99.0,64.0,2.0,8.0,7.0,bien,low
REC_002886,USR_0145,2026-04-04,23,164.5,52.2,19.29,9.0,46.5,7.5,1,11.8,0,37.0,111.0,74.0,91.0,69.0,2.0,7.0,8.0,muy bien,low
REC_002947,USR_0148,2026-04-04,30,142.0,48.1,23.86,0.0,23.2,4.5,0,1.0,6,36.5,120.0,74.0,115.0,93.0,6.0,3.0,4.0,mal,high
REC_003314,USR_0167,2026-04-04,34,154.2,70.5,29.65,7.0,14.7,7.0,4,22.0,1,37.2,115.0,69.0,108.0,85.0,2.0,6.0,8.0,mal,medium
REC_003371,USR_0170,2026-04-04,53,167.8,96.0,34.09,7.0,33.6,5.5,1,0.0,1,36.5,119.0,69.0,89.0,80.0,5.0,4.0,6.0,regular,medium
REC_003422,USR_0173,2026-04-04,52,156.9,64.8,26.31,7.0,19.8,8.0,2,20.0,3,37.7,104.0,73.0,99.0,84.0,2.0,6.0,9.0,bien,low
REC_003508,USR_0177,2026-04-04,18,171.9,92.4,31.27,4.0,0.0,3.0,2,0.0,4,36.6,119.0,84.0,85.0,101.0,8.0,1.0,3.0,muy mal,high
REC_003552,USR_0179,2026-04-04,24,140.0,40.1,20.48,7.0,33.1,6.6,3,0.0,4,36.5,127.0,72.0,97.0,97.0,5.0,5.0,7.0,regular,medium
REC_003572,USR_0180,2026-04-04,31,158.5,63.6,25.33,7.0,54.0,9.7,4,35.0,1,36.5,119.0,67.0,88.0,88.0,2.0,6.0,7.0,bien,low
REC_003725,USR_0188,2026-04-04,29,163.2,53.4,20.05,2.0,0.0,6.3,0,7.5,4,36.9,118.0,76.0,85.0,87.0,7.0,2.0,6.0,mal,high
REC_003766,USR_0190,2026-04-04,71,152.1,49.0,21.19,7.0,6.6,5.1,3,1.9,6,36.9,133.0,74.0,114.0,94.0,6.0,3.0,6.0,mal,medium
REC_003830,USR_0193,2026-04-04,35,170.0,93.7,32.44,4.0,0.0,5.7,2,0.0,5,36.6,108.0,73.0,88.0,90.0,6.0,3.0,6.0,regular,high
REC_003873,USR_0195,2026-04-04,52,171.9,81.7,27.64,8.0,43.0,8.7,4,8.3,2,36.6,111.0,76.0,109.0,87.0,3.0,6.0,6.0,regular,low
REC_004019,USR_0202,2026-04-04,32,152.2,45.5,19.64,4.0,20.0,5.6,1,5.0,5,36.3,119.0,73.0,67.0,84.0,6.0,3.0,4.0,mal,high
REC_004067,USR_0205,2026-04-04,18,177.2,74.9,23.86,4.0,0.0,6.5,3,13.2,5,37.0,101.0,75.0,94.0,85.0,5.0,3.0,7.0,regular,medium
REC_004134,USR_0208,2026-04-04,40,158.7,92.3,36.64,6.0,31.3,7.4,4,3.5,2,36.5,114.0,65.0,112.0,89.0,5.0,4.0,7.0,regular,medium
REC_004235,USR_0213,2026-04-04,31,142.0,44.1,21.88,5.0,12.3,7.6,2,2.6,2,36.2,129.0,69.0,121.0,72.0,3.0,5.0,7.0,regular,medium
REC_004263,USR_0214,2026-04-04,38,162.4,62.4,23.65,10.0,19.2,9.6,3,8.9,0,36.7,140.0,78.0,69.0,82.0,2.0,7.0,8.0,bien,low
REC_004309,USR_0216,2026-04-04,40,159.2,81.7,32.25,7.0,21.9,5.6,0,0.0,5,37.2,118.0,85.0,126.0,86.0,6.0,1.0,2.0,muy mal,high
REC_004388,USR_0220,2026-04-04,18,184.4,112.4,33.06,7.0,20.4,6.3,2,12.5,3,36.5,115.0,66.0,92.0,73.0,5.0,4.0,8.0,mal,medium
REC_004424,USR_0222,2026-04-04,62,157.0,77.7,31.52,10.0,31.4,6.0,1,5.4,3,36.7,119.0,86.0,89.0,90.0,3.0,5.0,7.0,regular,medium
REC_004694,USR_0236,2026-04-04,38,167.9,50.1,17.77,3.0,6.7,3.8,2,8.1,5,36.6,118.0,74.0,87.0,101.0,6.0,4.0,6.0,mal,high
REC_004734,USR_0238,2026-04-04,40,170.5,88.3,30.37,7.0,19.2,5.7,3,19.3,5,36.3,108.0,73.0,77.0,74.0,6.0,4.0,6.0,regular,medium
REC_004930,USR_0247,2026-04-04,51,145.1,40.0,19.0,4.0,8.1,6.8,2,0.0,4,36.7,130.0,74.0,91.0,92.0,5.0,2.0,6.0,regular,medium
REC_000083,USR_0005,2026-04-05,31,160.5,48.7,18.9,13.0,25.9,6.1,2,30.3,0,36.5,111.0,76.0,104.0,76.0,2.0,7.0,7.0,muy bien,medium
REC_000270,USR_0014,2026-04-05,18,140.0,55.5,28.31,8.0,16.2,6.2,2,14.8,3,36.5,116.0,80.0,92.0,88.0,3.0,3.0,5.0,regular,medium
REC_000331,USR_0017,2026-04-05,32,169.5,65.7,22.86,6.0,6.2,4.6,0,0.0,3,37.3,103.0,71.0,96.0,91.0,6.0,2.0,5.0,muy mal,high
REC_000401,USR_0021,2026-04-05,18,158.0,80.7,32.32,6.0,45.6,6.9,1,9.1,3,36.7,126.0,72.0,101.0,82.0,4.0,4.0,7.0,regular,medium
REC_000474,USR_0024,2026-04-05,37,154.0,56.4,23.8,12.0,45.4,8.5,3,3.2,0,36.6,119.0,73.0,78.0,54.0,1.0,8.0,8.0,muy bien,low
REC_000603,USR_0030,2026-04-05,25,161.0,71.9,27.75,10.0,10.4,7.4,4,0.0,2,37.4,122.0,88.0,84.0,78.0,3.0,6.0,8.0,bien,medium
REC_000641,USR_0032,2026-04-05,42,174.4,90.6,29.79,8.0,53.9,7.3,2,23.4,1,36.5,121.0,68.0,92.0,74.0,2.0,7.0,8.0,bien,low
REC_000670,USR_0034,2026-04-05,22,155.9,76.7,31.57,2.0,15.6,5.6,1,10.0,3,37.0,120.0,77.0,99.0,84.0,5.0,4.0,6.0,mal,medium
REC_000871,USR_0045,2026-04-05,19,172.5,68.8,23.12,1.0,17.3,4.7,0,0.0,6,37.2,116.0,82.0,77.0,81.0,5.0,2.0,4.0,muy mal,high
REC_000905,USR_0047,2026-04-05,25,187.4,84.0,23.91,3.0,20.3,5.4,0,7.7,5,36.3,117.0,74.0,83.0,95.0,7.0,3.0,6.0,mal,high
REC_000940,USR_0049,2026-04-05,45,158.8,88.3,35.01,7.0,14.6,7.7,2,3.1,2,37.4,118.0,84.0,127.0,98.0,5.0,4.0,6.0,regular,medium
REC_000959,USR_0050,2026-04-05,56,176.1,68.9,22.23,7.0,5.3,7.4,3,13.8,0,36.7,123.0,78.0,93.0,82.0,4.0,6.0,7.0,bien,medium
REC_000989,USR_0051,2026-04-05,44,155.2,69.8,28.98,8.0,36.6,8.6,2,13.6,1,37.4,111.0,75.0,110.0,66.0,1.0,7.0,8.0,muy bien,low
REC_001009,USR_0052,2026-04-05,42,178.1,76.6,24.15,12.0,55.1,8.3,3,15.5,0,36.3,129.0,70.0,79.0,75.0,1.0,9.0,8.0,muy bien,low
REC_001088,USR_0056,2026-04-05,60,165.5,53.0,19.35,8.0,20.9,5.9,2,3.5,3,37.0,126.0,81.0,86.0,83.0,6.0,3.0,7.0,mal,medium
REC_001213,USR_0062,2026-04-05,45,154.5,74.4,31.17,0.0,1.4,6.2,0,0.0,4,36.8,128.0,81.0,80.0,86.0,5.0,3.0,5.0,mal,high
REC_001244,USR_0064,2026-04-05,39,154.0,65.6,27.65,9.0,36.0,8.8,3,13.0,0,37.0,128.0,87.0,67.0,82.0,5.0,6.0,8.0,bien,low
REC_001262,USR_0065,2026-04-05,50,168.7,59.1,20.78,8.0,24.0,7.6,3,14.8,0,36.7,110.0,70.0,91.0,68.0,3.0,6.0,7.0,bien,low
REC_001347,USR_0069,2026-04-05,53,175.2,80.2,26.12,8.0,72.3,7.2,3,13.4,2,36.6,119.0,71.0,70.0,89.0,5.0,3.0,4.0,mal,low
REC_001370,USR_0070,2026-04-05,44,156.1,56.7,23.27,4.0,41.2,6.8,3,2.3,2,37.8,122.0,75.0,102.0,72.0,2.0,5.0,7.0,mal,low
REC_001470,USR_0075,2026-04-05,21,161.6,44.3,16.98,2.0,0.0,6.6,3,1.6,3,37.3,125.0,74.0,106.0,76.0,4.0,5.0,7.0,regular,medium
REC_001532,USR_0078,2026-04-05,40,148.8,54.1,24.44,5.0,0.0,4.2,1,11.5,5,36.5,128.0,66.0,100.0,84.0,7.0,1.0,5.0,mal,high
REC_001595,USR_0081,2026-04-05,18,167.4,103.9,37.09,4.0,6.9,5.1,1,0.0,4,37.1,113.0,69.0,113.0,95.0,6.0,2.0,4.0,muy mal,high
REC_001614,USR_0082,2026-04-05,51,145.3,54.5,25.81,7.0,33.4,8.3,3,8.2,0,36.8,112.0,66.0,91.0,60.0,2.0,8.0,9.0,mal,low
REC_001656,USR_0084,2026-04-05,44,158.0,54.0,21.62,8.0,32.6,8.4,3,10.5,0,36.4,113.0,83.0,64.0,75.0,3.0,9.0,8.0,muy bien,low
REC_001996,USR_0101,2026-04-05,20,147.8,45.4,20.81,8.0,26.7,5.3,0,0.0,6,36.0,117.0,75.0,110.0,99.0,4.0,2.0,5.0,muy mal,high
REC_002036,USR_0103,2026-04-05,42,167.4,71.0,25.33,3.0,50.0,5.6,0,6.6,3,36.7,140.0,71.0,91.0,98.0,7.0,2.0,3.0,muy mal,high
REC_002143,USR_0108,2026-04-05,36,165.3,108.1,39.55,11.0,18.3,7.4,2,23.2,1,36.3,124.0,63.0,100.0,81.0,4.0,6.0,7.0,bien,medium
REC_002162,USR_0109,2026-04-05,18,183.1,77.8,23.22,5.0,23.2,4.3,1,23.5,2,36.6,124.0,67.0,89.0,81.0,7.0,1.0,4.0,mal,high
REC_002199,USR_0111,2026-04-05,47,170.9,88.6,30.35,9.0,40.7,6.9,1,11.6,2,37.0,118.0,79.0,95.0,81.0,5.0,5.0,7.0,regular,medium
REC_002218,USR_0112,2026-04-05,42,166.2,80.3,29.07,8.0,3.3,7.4,3,3.3,4,36.7,121.0,58.0,90.0,92.0,4.0,5.0,7.0,regular,medium
REC_002275,USR_0115,2026-04-05,38,149.5,53.4,23.91,2.0,12.7,6.3,2,0.0,5,36.5,120.0,83.0,90.0,93.0,6.0,1.0,6.0,mal,high
REC_002341,USR_0118,2026-04-05,44,154.4,63.5,26.62,11.0,61.9,8.1,2,17.8,2,36.6,121.0,80.0,72.0,72.0,1.0,7.0,8.0,bien,low
REC_002387,USR_0120,2026-04-05,18,164.7,46.1,16.98,5.0,16.7,6.4,2,5.0,3,36.6,116.0,67.0,84.0,82.0,6.0,3.0,6.0,mal,medium
REC_002660,USR_0134,2026-04-05,55,153.0,51.9,22.19,3.0,2.6,5.6,1,6.6,5,36.4,137.0,81.0,103.0,93.0,4.0,1.0,5.0,muy mal,high
REC_002757,USR_0139,2026-04-05,45,155.6,56.6,23.38,4.0,20.7,6.1,1,5.0,0,36.7,110.0,79.0,94.0,75.0,4.0,5.0,7.0,regular,medium
REC_002777,USR_0140,2026-04-05,29,157.3,66.5,26.87,4.0,0.0,5.8,2,0.0,4,36.6,120.0,70.0,71.0,73.0,5.0,1.0,6.0,mal,medium
REC_003048,USR_0153,2026-04-05,18,169.3,59.6,20.78,6.0,51.0,6.4,2,0.0,3,36.9,103.0,82.0,97.0,81.0,4.0,4.0,5.0,regular,medium
REC_003071,USR_0154,2026-04-05,45,180.2,90.5,27.86,9.0,51.2,7.2,3,33.7,2,37.4,123.0,66.0,86.0,81.0,1.0,6.0,9.0,bien,low
REC_003135,USR_0158,2026-04-05,34,167.3,70.6,25.22,3.0,0.0,8.7,2,0.0,6,36.8,112.0,77.0,87.0,86.0,6.0,4.0,7.0,regular,medium
REC_003175,USR_0160,2026-04-05,74,166.8,72.4,26.02,5.0,9.6,5.5,1,12.6,3,36.3,119.0,81.0,105.0,88.0,4.0,3.0,7.0,regular,medium
REC_003293,USR_0166,2026-04-05,30,161.2,62.4,24.01,8.0,47.1,8.0,4,3.4,1,37.3,109.0,70.0,107.0,72.0,2.0,8.0,8.0,muy bien,low
REC_003352,USR_0169,2026-04-05,44,183.3,104.2,31.01,7.0,12.8,6.1,1,0.0,4,37.1,119.0,90.0,103.0,98.0,4.0,1.0,6.0,muy mal,medium
REC_003591,USR_0181,2026-04-05,36,164.6,52.7,19.44,3.0,0.0,4.6,3,12.1,6,36.5,119.0,67.0,89.0,94.0,7.0,1.0,4.0,muy mal,high
REC_003650,USR_0184,2026-04-05,39,165.9,60.0,21.79,11.0,55.6,8.0,3,10.1,1,36.9,122.0,62.0,103.0,65.0,1.0,6.0,8.0,muy bien,low
REC_003748,USR_0189,2026-04-05,53,185.5,134.5,39.1,2.0,9.1,4.3,0,4.8,7,36.5,130.0,91.0,117.0,95.0,7.0,2.0,4.0,muy mal,high
REC_003926,USR_0198,2026-04-05,29,180.5,69.1,21.21,7.0,74.7,8.3,2,2.5,0,36.5,114.0,68.0,111.0,65.0,1.0,6.0,8.0,bien,low
REC_003995,USR_0201,2026-04-05,41,166.5,70.1,25.28,7.0,0.0,5.0,2,14.3,4,36.7,125.0,69.0,100.0,93.0,6.0,2.0,5.0,mal,medium
REC_004198,USR_0211,2026-04-05,64,160.6,74.7,28.96,8.0,79.8,7.1,2,15.5,0,36.7,105.0,71.0,54.0,71.0,3.0,7.0,8.0,bien,low
REC_004236,USR_0213,2026-04-05,31,142.0,44.0,21.82,7.0,44.9,6.5,0,17.7,4,36.7,111.0,73.0,104.0,78.0,2.0,4.0,7.0,bien,medium
REC_004310,USR_0216,2026-04-05,40,159.2,81.6,32.21,4.0,0.3,5.3,0,17.1,5,36.5,120.0,82.0,115.0,74.0,6.0,3.0,6.0,regular,high
REC_004544,USR_0228,2026-04-05,38,181.6,83.3,25.25,7.0,16.4,7.7,4,6.3,3,36.6,129.0,66.0,71.0,79.0,2.0,7.0,7.0,muy bien,low
REC_004600,USR_0231,2026-04-05,25,153.6,45.4,19.23,8.0,46.8,7.2,3,5.7,0,36.8,127.0,76.0,89.0,82.0,3.0,6.0,7.0,bien,low
REC_004658,USR_0234,2026-04-05,18,166.9,91.4,32.8,8.0,5.9,5.9,4,10.2,6,37.3,115.0,80.0,95.0,97.0,7.0,2.0,4.0,muy mal,medium
REC_004673,USR_0235,2026-04-05,23,166.5,51.4,18.83,7.0,48.8,6.3,4,8.7,1,37.2,112.0,78.0,83.0,59.0,4.0,7.0,8.0,bien,low
REC_004759,USR_0239,2026-04-05,47,180.3,95.2,29.28,5.0,17.7,8.4,4,21.5,0,36.8,118.0,79.0,77.0,63.0,1.0,6.0,7.0,muy bien,low
REC_004806,USR_0241,2026-04-05,30,172.4,102.9,34.64,7.0,3.3,5.9,3,10.3,5,36.6,111.0,72.0,110.0,84.0,5.0,4.0,5.0,mal,medium
REC_004888,USR_0245,2026-04-05,35,168.5,49.7,17.51,8.0,26.5,5.7,2,2.4,6,36.3,110.0,75.0,87.0,86.0,7.0,3.0,4.0,muy mal,medium
REC_004913,USR_0246,2026-04-05,24,174.0,57.1,18.87,6.0,0.0,7.6,3,13.6,2,35.7,130.0,70.0,83.0,62.0,3.0,6.0,8.0,regular,medium
REC_004953,USR_0248,2026-04-05,35,183.9,58.6,17.32,6.0,20.6,5.7,3,13.8,4,37.5,118.0,73.0,68.0,75.0,8.0,2.0,8.0,mal,medium
REC_000020,USR_0002,2026-04-06,23,179.5,87.2,27.07,4.0,0.8,5.7,3,1.6,5,36.9,119.0,65.0,99.0,95.0,6.0,3.0,7.0,mal,medium
REC_000046,USR_0003,2026-04-06,18,157.0,88.8,36.01,6.0,36.4,7.2,4,18.3,0,36.5,109.0,78.0,106.0,76.0,5.0,6.0,9.0,bien,low
REC_000124,USR_0007,2026-04-06,39,184.9,57.9,16.95,5.0,9.0,5.5,1,1.0,5,36.7,123.0,74.0,61.0,94.0,7.0,4.0,6.0,mal,medium
REC_000146,USR_0008,2026-04-06,32,161.4,103.4,39.69,10.0,26.5,7.4,2,18.4,3,36.5,126.0,64.0,97.0,93.0,4.0,5.0,6.0,bien,medium
REC_000169,USR_0009,2026-04-06,45,164.2,58.0,21.5,6.0,57.3,6.1,1,0.0,1,36.4,103.0,65.0,98.0,72.0,4.0,6.0,4.0,regular,low
REC_000211,USR_0011,2026-04-06,27,164.4,45.8,16.95,0.0,10.6,5.3,0,4.8,6,37.1,127.0,77.0,86.0,94.0,7.0,1.0,4.0,mal,high
REC_000248,USR_0013,2026-04-06,18,171.6,82.0,27.85,8.0,9.9,7.8,2,0.0,4,36.2,124.0,79.0,103.0,76.0,4.0,4.0,8.0,regular,low
REC_000313,USR_0016,2026-04-06,30,172.2,68.5,23.09,4.0,0.0,3.9,1,4.0,6,37.2,119.0,78.0,107.0,85.0,7.0,1.0,5.0,mal,high
REC_000352,USR_0018,2026-04-06,27,169.5,74.8,26.03,5.0,19.8,5.1,1,0.0,3,36.3,100.0,72.0,65.0,76.0,4.0,1.0,4.0,mal,medium
REC_000450,USR_0023,2026-04-06,26,182.6,89.1,26.73,4.0,18.8,5.3,0,16.8,7,36.9,124.0,64.0,76.0,84.0,6.0,3.0,5.0,mal,high
REC_000579,USR_0029,2026-04-06,49,153.3,47.6,20.26,10.0,9.9,7.1,2,13.3,0,36.8,106.0,91.0,106.0,73.0,1.0,6.0,7.0,bien,medium
REC_000765,USR_0040,2026-04-06,27,172.7,67.1,22.51,6.0,20.1,8.6,3,0.6,0,36.5,111.0,72.0,81.0,78.0,2.0,6.0,7.0,regular,low
REC_000906,USR_0047,2026-04-06,25,187.4,83.8,23.86,6.0,0.6,5.5,2,0.0,6,36.6,126.0,81.0,91.0,84.0,7.0,3.0,4.0,mal,high
REC_001048,USR_0054,2026-04-06,47,168.1,47.5,16.81,9.0,6.1,7.1,4,18.7,2,36.7,125.0,57.0,102.0,70.0,2.0,5.0,7.0,regular,medium
REC_001072,USR_0055,2026-04-06,57,162.7,51.4,19.43,10.0,21.2,7.8,3,9.3,1,36.9,111.0,78.0,113.0,79.0,2.0,5.0,6.0,regular,low
REC_001130,USR_0058,2026-04-06,18,150.2,45.7,20.27,6.0,33.8,7.0,1,6.3,2,36.7,118.0,59.0,111.0,93.0,4.0,4.0,8.0,bien,medium
REC_001150,USR_0059,2026-04-06,51,165.2,63.7,23.35,7.0,40.1,7.2,2,0.0,1,36.7,118.0,84.0,115.0,67.0,4.0,4.0,7.0,regular,low
REC_001186,USR_0061,2026-04-06,44,168.5,78.6,27.69,1.0,0.0,5.8,1,25.2,6,36.7,132.0,79.0,82.0,83.0,7.0,3.0,4.0,muy mal,high
REC_001245,USR_0064,2026-04-06,39,154.0,65.8,27.76,8.0,56.2,8.5,4,33.0,0,36.3,112.0,76.0,90.0,73.0,3.0,6.0,8.0,bien,low
REC_001371,USR_0070,2026-04-06,44,156.1,57.0,23.39,5.0,0.0,7.3,1,0.0,1,36.7,127.0,69.0,102.0,89.0,4.0,4.0,5.0,regular,medium
REC_001393,USR_0071,2026-04-06,29,163.4,64.7,24.22,5.0,2.1,5.6,2,27.5,6,36.5,129.0,64.0,73.0,100.0,5.0,3.0,5.0,mal,high
REC_001411,USR_0072,2026-04-06,18,189.5,117.1,32.62,5.0,29.3,6.5,1,9.1,4,37.4,115.0,75.0,99.0,93.0,5.0,2.0,6.0,mal,medium
REC_001450,USR_0074,2026-04-06,47,164.5,65.8,24.3,6.0,26.1,6.5,1,3.0,4,36.9,128.0,70.0,93.0,87.0,6.0,6.0,6.0,bien,medium
REC_001575,USR_0080,2026-04-06,20,165.5,71.4,26.08,2.0,8.6,6.8,2,0.0,4,36.1,117.0,68.0,67.0,86.0,5.0,3.0,4.0,mal,medium
REC_001744,USR_0088,2026-04-06,30,162.3,61.0,23.14,3.0,39.3,5.4,1,16.1,5,36.7,117.0,67.0,102.0,84.0,6.0,3.0,5.0,mal,medium
REC_001856,USR_0094,2026-04-06,55,187.2,89.7,25.61,6.0,0.0,6.7,5,36.7,2,36.9,111.0,80.0,98.0,80.0,3.0,5.0,6.0,regular,medium
REC_001952,USR_0099,2026-04-06,36,171.7,62.7,21.27,9.0,18.9,6.2,2,13.5,3,36.6,119.0,72.0,88.0,76.0,3.0,4.0,7.0,regular,medium
REC_001974,USR_0100,2026-04-06,69,161.2,90.4,34.78,9.0,39.9,8.9,4,13.5,0,36.2,108.0,80.0,98.0,87.0,3.0,6.0,8.0,bien,low
REC_002163,USR_0109,2026-04-06,18,183.1,77.7,23.17,2.0,0.0,4.2,1,2.0,4,36.7,128.0,76.0,96.0,92.0,6.0,2.0,4.0,mal,high
REC_002276,USR_0115,2026-04-06,38,149.5,53.4,23.88,4.0,7.5,6.8,1,10.5,3,36.7,105.0,76.0,75.0,83.0,6.0,2.0,6.0,mal,medium
REC_002388,USR_0120,2026-04-06,18,164.7,46.3,17.07,5.0,5.3,5.6,1,7.2,4,36.5,118.0,74.0,87.0,90.0,5.0,3.0,7.0,mal,medium
REC_002476,USR_0125,2026-04-06,29,176.4,74.1,23.8,5.0,54.9,7.6,3,20.6,1,36.4,110.0,66.0,66.0,89.0,2.0,7.0,9.0,bien,low
REC_002513,USR_0127,2026-04-06,23,162.0,63.5,24.21,6.0,36.6,8.2,2,23.8,2,36.4,119.0,72.0,109.0,74.0,3.0,5.0,8.0,bien,low
REC_002539,USR_0128,2026-04-06,31,166.3,63.6,23.0,10.0,68.4,7.0,4,12.7,1,36.5,107.0,73.0,76.0,75.0,2.0,4.0,6.0,regular,low
REC_002685,USR_0135,2026-04-06,60,162.5,86.9,32.89,3.0,6.4,5.5,0,0.0,5,37.5,133.0,74.0,103.0,92.0,6.0,2.0,4.0,mal,high
REC_002735,USR_0138,2026-04-06,57,151.4,43.8,19.12,4.0,47.1,9.6,3,21.8,2,37.0,120.0,83.0,101.0,61.0,1.0,6.0,7.0,bien,low
REC_002865,USR_0144,2026-04-06,22,157.7,42.4,17.03,4.0,7.1,7.2,1,6.9,3,36.5,101.0,70.0,97.0,79.0,4.0,5.0,7.0,bien,medium
REC_002948,USR_0148,2026-04-06,30,142.0,48.2,23.89,6.0,0.0,3.7,0,9.6,4,36.5,114.0,71.0,86.0,84.0,5.0,2.0,4.0,mal,high
REC_003196,USR_0161,2026-04-06,36,157.9,66.1,26.49,0.0,39.0,5.1,3,0.0,3,36.6,107.0,90.0,74.0,79.0,6.0,4.0,5.0,mal,medium
REC_003213,USR_0162,2026-04-06,23,183.5,74.6,22.15,8.0,24.4,7.4,3,19.6,1,36.6,107.0,71.0,91.0,89.0,2.0,6.0,8.0,bien,low
REC_003332,USR_0168,2026-04-06,49,179.1,117.4,36.6,6.0,0.0,4.8,2,13.3,5,37.0,126.0,82.0,111.0,89.0,7.0,1.0,5.0,mal,high
REC_003353,USR_0169,2026-04-06,44,183.3,104.4,31.08,3.0,5.8,6.7,1,0.0,7,37.3,129.0,76.0,86.0,83.0,7.0,1.0,5.0,mal,high
REC_003445,USR_0174,2026-04-06,45,162.1,60.4,23.0,7.0,9.0,5.8,5,13.1,2,36.7,132.0,64.0,78.0,86.0,6.0,5.0,7.0,regular,medium
REC_003485,USR_0176,2026-04-06,21,188.0,107.7,30.48,1.0,21.4,6.0,1,0.0,4,36.3,137.0,77.0,114.0,85.0,7.0,1.0,4.0,muy mal,high
REC_003614,USR_0182,2026-04-06,53,170.7,74.0,25.4,3.0,0.0,5.9,1,1.8,4,36.9,133.0,78.0,121.0,95.0,7.0,1.0,5.0,mal,high
REC_003667,USR_0185,2026-04-06,58,174.0,76.9,25.41,5.0,27.6,5.0,0,11.5,3,36.9,119.0,90.0,93.0,72.0,4.0,2.0,5.0,muy mal,high
REC_003787,USR_0191,2026-04-06,49,159.4,71.3,28.08,5.0,12.3,6.3,4,0.0,0,36.2,104.0,83.0,95.0,73.0,2.0,6.0,7.0,muy bien,medium
REC_003874,USR_0195,2026-04-06,52,171.9,82.0,27.66,12.0,79.4,6.7,2,7.8,0,36.4,115.0,68.0,94.0,69.0,3.0,7.0,8.0,bien,low
REC_003909,USR_0197,2026-04-06,53,162.9,80.7,30.39,1.0,34.5,5.4,2,0.0,6,36.9,122.0,74.0,96.0,90.0,6.0,4.0,5.0,mal,medium
REC_003927,USR_0198,2026-04-06,29,180.5,69.3,21.26,8.0,56.5,8.7,2,14.0,1,36.3,124.0,69.0,59.0,78.0,2.0,7.0,8.0,muy bien,low
REC_004088,USR_0206,2026-04-06,48,161.0,50.8,19.59,6.0,20.2,5.0,1,0.0,5,36.5,130.0,69.0,74.0,83.0,7.0,2.0,4.0,mal,high
REC_004237,USR_0213,2026-04-06,31,142.0,43.8,21.73,7.0,44.9,5.6,3,12.7,3,36.5,132.0,70.0,98.0,84.0,3.0,4.0,5.0,regular,low
REC_004264,USR_0214,2026-04-06,38,162.4,62.1,23.53,6.0,19.1,8.3,2,15.4,1,36.7,121.0,74.0,109.0,92.0,2.0,7.0,10.0,bien,low
REC_004311,USR_0216,2026-04-06,40,159.2,81.8,32.27,1.0,7.3,5.8,1,18.8,4,36.7,120.0,80.0,98.0,91.0,6.0,3.0,5.0,mal,high
REC_004508,USR_0226,2026-04-06,50,166.7,122.9,44.24,10.0,17.9,7.9,1,10.8,2,36.5,106.0,72.0,116.0,82.0,4.0,4.0,7.0,regular,medium
REC_004525,USR_0227,2026-04-06,42,165.3,57.5,21.04,6.0,26.3,6.8,3,0.0,7,36.3,122.0,81.0,93.0,81.0,6.0,3.0,6.0,mal,medium
REC_004643,USR_0233,2026-04-06,36,167.5,72.0,25.67,2.0,1.9,5.6,2,1.9,4,36.6,123.0,81.0,117.0,90.0,7.0,1.0,4.0,mal,high
REC_004787,USR_0240,2026-04-06,19,151.8,81.8,35.49,5.0,8.3,6.7,1,6.8,3,37.1,126.0,86.0,86.0,100.0,5.0,3.0,7.0,regular,medium
REC_004807,USR_0241,2026-04-06,30,172.4,102.8,34.58,3.0,6.6,5.8,2,6.4,5,36.3,123.0,68.0,90.0,86.0,7.0,3.0,7.0,mal,medium
REC_004931,USR_0247,2026-04-06,51,145.1,40.0,19.0,5.0,0.0,5.3,0,9.1,4,37.0,131.0,85.0,81.0,92.0,7.0,1.0,3.0,mal,high
REC_004969,USR_0249,2026-04-06,23,173.3,51.0,16.98,10.0,60.4,5.8,4,31.7,0,36.8,118.0,73.0,103.0,64.0,2.0,7.0,8.0,bien,low
REC_000002,USR_0001,2026-04-07,40,164.4,68.5,25.35,7.0,32.6,7.3,4,27.8,0,37.3,109.0,58.0,69.0,87.0,1.0,6.0,6.0,bien,low
REC_000125,USR_0007,2026-04-07,39,184.9,57.8,16.91,4.0,6.4,5.8,2,5.6,4,36.3,122.0,75.0,86.0,97.0,8.0,1.0,3.0,muy mal,high
REC_000170,USR_0009,2026-04-07,45,164.2,58.3,21.61,9.0,38.4,6.2,4,24.0,0,37.2,114.0,78.0,88.0,71.0,2.0,6.0,7.0,bien,low
REC_000212,USR_0011,2026-04-07,27,164.4,45.7,16.91,5.0,4.1,5.6,2,0.0,4,36.0,102.0,81.0,50.0,97.0,7.0,1.0,3.0,mal,high
REC_000314,USR_0016,2026-04-07,30,172.2,68.3,23.05,2.0,10.5,5.3,1,8.3,5,36.9,121.0,81.0,68.0,100.0,7.0,1.0,4.0,muy mal,high
REC_000332,USR_0017,2026-04-07,32,169.5,65.4,22.77,3.0,5.6,5.2,0,6.0,6,37.0,135.0,79.0,90.0,81.0,7.0,1.0,4.0,mal,high
REC_000475,USR_0024,2026-04-07,37,154.0,56.4,23.79,9.0,45.9,8.6,4,14.7,0,36.7,130.0,74.0,89.0,83.0,2.0,4.0,9.0,muy bien,low
REC_000498,USR_0025,2026-04-07,51,175.8,67.1,21.71,5.0,30.6,6.0,1,0.0,5,37.3,113.0,66.0,69.0,86.0,6.0,5.0,6.0,mal,medium
REC_000746,USR_0039,2026-04-07,25,164.7,60.9,22.47,9.0,39.3,7.7,3,28.4,0,36.7,111.0,68.0,93.0,78.0,3.0,7.0,8.0,bien,low
REC_000787,USR_0041,2026-04-07,43,159.4,68.2,26.85,8.0,28.5,8.9,2,17.2,1,37.1,119.0,67.0,85.0,67.0,2.0,8.0,9.0,muy bien,low
REC_000824,USR_0043,2026-04-07,18,151.0,48.9,21.44,10.0,41.9,7.2,3,0.0,0,36.7,116.0,60.0,82.0,74.0,3.0,6.0,9.0,regular,low
REC_000907,USR_0047,2026-04-07,25,187.4,83.9,23.89,2.0,17.7,6.7,1,0.0,3,36.4,128.0,78.0,115.0,74.0,7.0,1.0,6.0,mal,medium
REC_000960,USR_0050,2026-04-07,56,176.1,68.6,22.13,7.0,10.1,8.1,3,5.7,0,37.2,126.0,81.0,73.0,72.0,2.0,7.0,10.0,muy bien,low
REC_001187,USR_0061,2026-04-07,44,168.5,78.6,27.68,0.0,20.2,5.4,2,0.0,5,36.7,120.0,83.0,88.0,93.0,7.0,1.0,4.0,muy mal,high
REC_001263,USR_0065,2026-04-07,50,168.7,59.2,20.81,10.0,73.7,7.8,1,2.2,1,36.5,108.0,58.0,102.0,59.0,2.0,4.0,8.0,bien,low
REC_001322,USR_0068,2026-04-07,27,173.0,81.7,27.31,4.0,0.0,5.5,0,7.0,5,36.8,109.0,77.0,100.0,92.0,7.0,1.0,4.0,muy mal,high
REC_001348,USR_0069,2026-04-07,53,175.2,80.4,26.18,8.0,36.1,6.4,2,18.6,1,36.9,121.0,76.0,100.0,74.0,4.0,4.0,7.0,regular,medium
REC_001412,USR_0072,2026-04-07,18,189.5,117.1,32.6,5.0,5.2,5.2,1,9.8,5,36.8,124.0,86.0,104.0,83.0,5.0,2.0,6.0,regular,high
REC_001497,USR_0076,2026-04-07,21,168.4,90.6,31.96,5.0,0.0,6.4,3,5.6,6,36.9,133.0,77.0,90.0,81.0,6.0,4.0,5.0,mal,high
REC_001533,USR_0078,2026-04-07,40,148.8,54.2,24.47,4.0,0.0,3.0,2,8.1,5,36.6,123.0,79.0,93.0,96.0,6.0,1.0,1.0,muy mal,high
REC_001596,USR_0081,2026-04-07,18,167.4,104.1,37.16,3.0,0.0,6.2,1,0.0,3,36.9,129.0,75.0,98.0,105.0,6.0,2.0,4.0,mal,high
REC_001634,USR_0083,2026-04-07,54,169.8,76.6,26.55,7.0,0.0,6.0,2,3.8,8,36.9,123.0,90.0,103.0,90.0,6.0,3.0,6.0,muy mal,medium
REC_001657,USR_0084,2026-04-07,44,158.0,53.8,21.55,11.0,60.3,8.3,2,20.6,2,36.8,134.0,71.0,100.0,73.0,3.0,8.0,8.0,muy bien,low
REC_001681,USR_0085,2026-04-07,41,169.2,70.6,24.64,6.0,62.3,7.3,3,13.3,0,36.5,115.0,73.0,76.0,73.0,1.0,7.0,8.0,muy bien,low
REC_001857,USR_0094,2026-04-07,55,187.2,89.4,25.51,6.0,41.8,6.9,3,20.3,1,36.9,121.0,84.0,102.0,77.0,2.0,6.0,8.0,bien,low
REC_001926,USR_0098,2026-04-07,18,159.2,71.3,28.13,7.0,18.1,7.7,2,24.5,0,36.6,99.0,67.0,122.0,87.0,4.0,7.0,8.0,muy bien,low
REC_001953,USR_0099,2026-04-07,36,171.7,62.4,21.17,3.0,30.6,5.7,3,0.0,1,36.9,119.0,83.0,119.0,83.0,4.0,5.0,7.0,regular,medium
REC_002021,USR_0102,2026-04-07,54,171.0,90.5,30.96,10.0,0.0,5.6,2,21.1,2,36.9,116.0,77.0,101.0,70.0,4.0,4.0,6.0,regular,medium
REC_002082,USR_0105,2026-04-07,29,170.0,66.1,22.88,5.0,40.9,6.9,2,0.0,6,36.9,109.0,75.0,106.0,70.0,5.0,4.0,6.0,regular,medium
REC_002123,USR_0107,2026-04-07,43,166.8,82.2,29.54,4.0,25.6,6.5,2,1.2,6,36.7,123.0,73.0,121.0,94.0,6.0,2.0,6.0,mal,medium
REC_002200,USR_0111,2026-04-07,47,170.9,88.8,30.41,5.0,23.5,7.8,2,27.8,3,36.3,128.0,79.0,89.0,70.0,4.0,5.0,7.0,bien,low
REC_002237,USR_0113,2026-04-07,36,165.6,55.8,20.36,10.0,24.4,8.1,2,11.3,2,37.0,130.0,71.0,50.0,74.0,4.0,7.0,8.0,regular,low
REC_002295,USR_0116,2026-04-07,37,173.7,82.6,27.37,2.0,0.0,5.1,2,11.8,9,37.1,121.0,87.0,91.0,93.0,6.0,4.0,5.0,muy mal,high
REC_002640,USR_0133,2026-04-07,18,151.0,40.0,17.54,10.0,63.3,8.3,4,2.3,0,36.5,120.0,71.0,66.0,75.0,1.0,8.0,8.0,muy bien,low
REC_002720,USR_0137,2026-04-07,36,173.1,67.1,22.39,10.0,35.3,6.9,1,18.0,2,37.0,126.0,70.0,96.0,63.0,5.0,5.0,6.0,regular,medium
REC_002758,USR_0139,2026-04-07,45,155.6,56.5,23.35,7.0,27.4,6.1,2,10.6,2,35.8,100.0,79.0,100.0,78.0,3.0,6.0,9.0,bien,medium
REC_002778,USR_0140,2026-04-07,29,157.3,66.3,26.8,5.0,22.1,6.5,3,0.0,4,36.5,140.0,70.0,63.0,90.0,7.0,3.0,7.0,mal,medium
REC_002887,USR_0145,2026-04-07,23,164.5,52.2,19.29,6.0,20.5,7.0,3,6.9,1,36.6,124.0,69.0,80.0,84.0,2.0,7.0,8.0,muy bien,low
REC_002923,USR_0147,2026-04-07,33,163.0,59.7,22.47,12.0,27.1,7.1,3,17.5,0,37.1,120.0,70.0,76.0,84.0,2.0,7.0,8.0,bien,low
REC_002968,USR_0149,2026-04-07,44,145.3,68.8,32.57,1.0,31.5,4.9,1,0.0,5,36.6,125.0,80.0,116.0,73.0,6.0,1.0,5.0,mal,medium
REC_003084,USR_0155,2026-04-07,38,188.3,125.4,35.36,3.0,7.0,4.6,0,3.8,6,35.9,132.0,67.0,111.0,98.0,6.0,2.0,6.0,mal,high
REC_003176,USR_0160,2026-04-07,74,166.8,72.7,26.13,6.0,0.0,5.8,1,1.4,1,36.4,127.0,82.0,114.0,80.0,5.0,3.0,5.0,mal,high
REC_003271,USR_0165,2026-04-07,50,167.0,79.7,28.57,7.0,26.5,5.2,1,9.0,3,36.4,116.0,63.0,72.0,82.0,5.0,3.0,6.0,mal,medium
REC_003315,USR_0167,2026-04-07,34,154.2,70.4,29.59,7.0,51.9,7.6,4,21.7,2,36.7,109.0,73.0,86.0,76.0,2.0,7.0,9.0,muy bien,low
REC_003372,USR_0170,2026-04-07,53,167.8,95.8,34.04,7.0,11.7,5.7,0,0.5,4,37.1,137.0,74.0,97.0,88.0,6.0,2.0,5.0,mal,high
REC_003651,USR_0184,2026-04-07,39,165.9,60.2,21.88,6.0,22.9,9.3,3,7.6,2,36.4,111.0,69.0,93.0,93.0,1.0,5.0,7.0,bien,medium
REC_003788,USR_0191,2026-04-07,49,159.4,71.5,28.15,8.0,36.8,6.8,3,6.4,0,36.9,109.0,74.0,70.0,81.0,2.0,6.0,5.0,regular,medium
REC_003975,USR_0200,2026-04-07,28,154.0,60.1,25.33,6.0,0.0,6.3,1,9.8,6,36.5,127.0,77.0,89.0,74.0,6.0,3.0,6.0,mal,high
REC_003996,USR_0201,2026-04-07,41,166.5,69.8,25.17,9.0,23.5,6.2,2,17.5,2,36.6,125.0,78.0,98.0,87.0,5.0,2.0,4.0,mal,medium
REC_004135,USR_0208,2026-04-07,40,158.7,92.2,36.6,6.0,0.0,6.9,3,11.2,1,36.3,132.0,82.0,76.0,87.0,4.0,3.0,6.0,mal,medium
REC_004238,USR_0213,2026-04-07,31,142.0,43.8,21.84,7.0,37.0,5.7,1,27.3,3,36.1,116.0,75.0,95.0,71.0,4.0,5.0,7.0,regular,medium
REC_004289,USR_0215,2026-04-07,23,180.8,78.7,24.08,5.0,17.1,4.4,2,8.4,6,35.7,125.0,78.0,103.0,99.0,4.0,2.0,4.0,mal,high
REC_004371,USR_0219,2026-04-07,18,176.3,52.7,16.94,10.0,41.3,7.8,3,6.2,0,36.4,110.0,72.0,85.0,82.0,5.0,3.0,8.0,regular,low
REC_004621,USR_0232,2026-04-07,66,172.7,60.9,20.43,3.0,25.3,4.6,1,17.2,7,37.0,126.0,83.0,106.0,96.0,7.0,4.0,7.0,mal,medium
REC_004659,USR_0234,2026-04-07,18,166.9,91.2,32.76,5.0,0.0,4.9,2,0.0,7,36.8,111.0,66.0,74.0,87.0,3.0,5.0,7.0,regular,medium
REC_004788,USR_0240,2026-04-07,19,151.8,81.9,35.53,3.0,6.9,5.8,2,0.0,2,36.8,132.0,58.0,111.0,83.0,3.0,2.0,5.0,mal,high
REC_004970,USR_0249,2026-04-07,23,173.3,51.2,17.04,9.0,60.9,5.7,4,14.7,0,37.1,107.0,73.0,88.0,73.0,2.0,6.0,6.0,muy bien,low
REC_000021,USR_0002,2026-04-08,23,179.5,87.5,27.15,3.0,0.0,6.8,3,10.4,7,37.0,118.0,75.0,103.0,97.0,5.0,3.0,7.0,mal,high
REC_000126,USR_0007,2026-04-08,39,184.9,57.8,16.89,2.0,0.0,6.2,0,0.0,7,36.4,122.0,67.0,75.0,79.0,7.0,1.0,5.0,muy mal,high
REC_000432,USR_0022,2026-04-08,55,157.3,94.1,38.05,5.0,23.0,4.0,1,0.4,4,36.5,118.0,71.0,124.0,93.0,6.0,1.0,5.0,mal,high
REC_000534,USR_0027,2026-04-08,57,164.1,73.9,27.45,7.0,10.6,8.6,3,6.9,2,36.3,128.0,73.0,86.0,72.0,4.0,4.0,7.0,regular,medium
REC_000621,USR_0031,2026-04-08,42,175.5,96.0,31.12,7.0,36.6,5.5,1,0.0,3,36.5,130.0,70.0,121.0,81.0,5.0,3.0,6.0,mal,medium
REC_000766,USR_0040,2026-04-08,27,172.7,67.5,22.62,7.0,42.7,7.1,3,27.1,1,36.5,119.0,66.0,87.0,68.0,3.0,7.0,8.0,bien,low
REC_000825,USR_0043,2026-04-08,18,151.0,48.6,21.31,7.0,37.4,7.1,2,2.5,0,36.8,113.0,68.0,72.0,81.0,4.0,5.0,8.0,regular,low
REC_000891,USR_0046,2026-04-08,21,182.3,120.8,36.34,6.0,0.0,5.3,0,0.0,5,36.7,127.0,85.0,117.0,81.0,8.0,1.0,5.0,mal,high
REC_000990,USR_0051,2026-04-08,44,155.2,69.9,29.01,13.0,45.1,7.3,5,7.0,0,36.9,106.0,68.0,72.0,90.0,3.0,8.0,7.0,bien,low
REC_001049,USR_0054,2026-04-08,47,168.1,47.0,16.64,9.0,26.6,7.7,3,12.9,2,36.7,120.0,78.0,86.0,74.0,3.0,6.0,8.0,bien,low
REC_001089,USR_0056,2026-04-08,60,165.5,53.0,19.33,4.0,57.9,5.9,1,0.0,2,36.9,131.0,72.0,97.0,80.0,6.0,5.0,6.0,regular,medium
REC_001110,USR_0057,2026-04-08,33,172.5,83.9,28.2,4.0,49.5,8.0,4,10.7,1,36.3,127.0,70.0,120.0,73.0,1.0,7.0,8.0,bien,low
REC_001170,USR_0060,2026-04-08,52,174.4,54.5,17.92,6.0,10.6,5.7,1,3.1,5,36.9,133.0,64.0,81.0,91.0,6.0,2.0,5.0,mal,high
REC_001188,USR_0061,2026-04-08,44,168.5,78.5,27.63,2.0,1.6,4.7,0,25.6,4,36.5,117.0,70.0,98.0,81.0,7.0,1.0,4.0,mal,high
REC_001434,USR_0073,2026-04-08,31,182.5,75.6,22.71,5.0,35.5,5.9,1,7.2,4,37.0,109.0,74.0,101.0,81.0,5.0,3.0,6.0,mal,medium
REC_001534,USR_0078,2026-04-08,40,148.8,54.2,24.47,2.0,0.0,3.8,1,0.0,3,36.9,121.0,84.0,109.0,88.0,7.0,1.0,5.0,mal,high
REC_001615,USR_0082,2026-04-08,51,145.3,54.6,25.86,6.0,50.8,6.9,4,12.8,1,36.6,110.0,73.0,92.0,80.0,2.0,6.0,7.0,muy bien,low
REC_001658,USR_0084,2026-04-08,44,158.0,53.9,21.59,7.0,55.2,7.6,3,5.6,0,37.0,111.0,65.0,80.0,74.0,2.0,9.0,10.0,muy bien,low
REC_001832,USR_0093,2026-04-08,53,173.3,70.6,23.5,11.0,64.2,6.6,4,21.6,0,36.7,99.0,82.0,84.0,71.0,2.0,8.0,8.0,muy bien,low
REC_001954,USR_0099,2026-04-08,36,171.7,62.6,21.24,3.0,63.4,6.5,1,0.0,4,36.5,117.0,67.0,85.0,82.0,3.0,5.0,7.0,regular,medium
REC_002186,USR_0110,2026-04-08,32,143.6,49.0,23.78,8.0,25.7,7.0,1,9.3,3,36.8,134.0,58.0,108.0,77.0,4.0,3.0,5.0,mal,medium
REC_002261,USR_0114,2026-04-08,53,169.3,76.5,26.7,9.0,31.2,6.3,2,0.0,1,36.4,115.0,68.0,50.0,80.0,3.0,3.0,6.0,regular,medium
REC_002277,USR_0115,2026-04-08,38,149.5,53.7,24.01,3.0,0.0,8.0,3,0.0,3,36.9,125.0,67.0,109.0,96.0,5.0,2.0,6.0,regular,medium
REC_002496,USR_0126,2026-04-08,48,177.6,82.1,26.04,6.0,7.7,3.2,2,0.0,6,37.6,144.0,69.0,125.0,106.0,6.0,2.0,5.0,muy mal,high
REC_002514,USR_0127,2026-04-08,23,162.0,63.6,24.23,10.0,61.4,9.3,2,6.3,1,36.9,119.0,77.0,108.0,68.0,2.0,6.0,9.0,bien,low
REC_002540,USR_0128,2026-04-08,31,166.3,63.6,22.99,7.0,30.7,8.5,4,14.7,1,37.1,121.0,74.0,77.0,80.0,1.0,5.0,9.0,bien,low
REC_002621,USR_0132,2026-04-08,49,162.1,63.5,24.16,2.0,10.9,6.4,2,15.9,6,36.3,124.0,66.0,78.0,84.0,7.0,2.0,3.0,mal,high
REC_002641,USR_0133,2026-04-08,18,151.0,40.0,17.54,12.0,61.7,9.0,3,15.9,1,37.5,119.0,65.0,93.0,71.0,1.0,7.0,8.0,bien,low
REC_002661,USR_0134,2026-04-08,55,153.0,51.9,22.15,0.0,0.0,6.4,1,0.0,3,37.3,127.0,73.0,108.0,78.0,5.0,3.0,6.0,regular,high
REC_002686,USR_0135,2026-04-08,60,162.5,87.2,33.02,5.0,0.0,6.1,2,11.4,4,36.8,140.0,70.0,98.0,85.0,6.0,2.0,6.0,regular,medium
REC_002779,USR_0140,2026-04-08,29,157.3,66.3,26.78,4.0,14.4,5.9,1,11.3,6,37.1,116.0,86.0,87.0,102.0,6.0,3.0,4.0,regular,medium
REC_002820,USR_0142,2026-04-08,19,173.6,76.9,25.53,5.0,8.3,5.8,3,46.2,4,36.0,123.0,71.0,94.0,82.0,3.0,5.0,5.0,regular,medium
REC_002841,USR_0143,2026-04-08,18,163.8,64.4,24.0,9.0,57.8,8.4,3,17.4,0,37.1,119.0,65.0,59.0,77.0,1.0,9.0,9.0,muy bien,low
REC_002969,USR_0149,2026-04-08,44,145.3,68.7,32.56,5.0,0.0,4.9,1,3.1,5,36.6,109.0,76.0,93.0,92.0,5.0,3.0,4.0,regular,high
REC_003023,USR_0152,2026-04-08,49,178.9,92.1,28.78,5.0,0.0,5.8,2,15.9,4,36.8,122.0,73.0,77.0,75.0,7.0,3.0,7.0,mal,medium
REC_003099,USR_0156,2026-04-08,49,177.1,72.8,23.2,11.0,53.5,7.9,3,0.6,0,36.9,124.0,74.0,90.0,74.0,2.0,6.0,8.0,bien,low
REC_003118,USR_0157,2026-04-08,33,169.6,62.0,21.57,3.0,0.0,5.8,2,0.0,7,37.2,129.0,87.0,101.0,88.0,7.0,2.0,6.0,mal,medium
REC_003154,USR_0159,2026-04-08,39,164.1,76.6,28.45,11.0,42.1,7.8,4,10.9,0,36.8,123.0,69.0,77.0,69.0,2.0,6.0,7.0,bien,low
REC_003236,USR_0163,2026-04-08,49,158.7,57.6,22.87,10.0,49.7,7.7,3,5.1,2,36.6,123.0,72.0,76.0,67.0,3.0,7.0,8.0,mal,low
REC_003260,USR_0164,2026-04-08,53,179.3,78.2,24.32,7.0,16.7,6.0,1,13.6,3,36.4,121.0,67.0,107.0,91.0,4.0,3.0,5.0,mal,medium
REC_003294,USR_0166,2026-04-08,30,161.2,62.3,23.99,7.0,42.7,9.9,5,23.9,1,37.0,120.0,79.0,84.0,80.0,1.0,8.0,10.0,muy bien,low
REC_003354,USR_0169,2026-04-08,44,183.3,104.3,31.03,1.0,0.0,6.2,1,0.0,4,36.5,119.0,76.0,106.0,108.0,7.0,1.0,5.0,mal,high
REC_003749,USR_0189,2026-04-08,53,185.5,134.4,39.07,6.0,17.8,5.7,1,0.0,6,36.8,114.0,75.0,117.0,92.0,7.0,3.0,4.0,mal,medium
REC_003789,USR_0191,2026-04-08,49,159.4,71.2,28.04,9.0,37.6,6.5,2,0.0,3,36.4,117.0,79.0,63.0,64.0,2.0,6.0,7.0,bien,high
REC_003831,USR_0193,2026-04-08,35,170.0,93.5,32.35,4.0,12.3,6.2,0,3.5,3,37.0,141.0,63.0,111.0,86.0,5.0,3.0,5.0,mal,medium
REC_003928,USR_0198,2026-04-08,29,180.5,69.3,21.26,7.0,73.1,8.1,5,9.1,0,36.2,114.0,85.0,76.0,81.0,1.0,6.0,7.0,bien,low
REC_004068,USR_0205,2026-04-08,18,177.2,74.9,23.86,6.0,32.8,6.1,2,3.4,5,37.2,119.0,62.0,70.0,78.0,5.0,3.0,5.0,mal,medium
REC_004136,USR_0208,2026-04-08,40,158.7,92.3,36.63,9.0,23.9,8.1,3,13.2,1,36.5,119.0,61.0,113.0,74.0,4.0,5.0,8.0,regular,low
REC_004154,USR_0209,2026-04-08,30,166.3,51.9,18.78,6.0,0.0,4.9,3,5.8,5,37.4,123.0,86.0,99.0,96.0,6.0,1.0,2.0,mal,high
REC_004265,USR_0214,2026-04-08,38,162.4,62.1,23.54,11.0,58.1,7.7,4,16.8,1,36.3,114.0,78.0,101.0,66.0,1.0,4.0,8.0,bien,low
REC_004389,USR_0220,2026-04-08,18,184.4,112.4,33.05,4.0,0.0,6.9,3,0.0,7,36.5,115.0,79.0,96.0,99.0,5.0,4.0,6.0,regular,medium
REC_004470,USR_0224,2026-04-08,49,159.6,62.0,24.32,6.0,38.2,7.8,3,17.4,0,37.0,106.0,81.0,82.0,75.0,2.0,7.0,7.0,muy bien,low
REC_004601,USR_0231,2026-04-08,25,153.6,45.2,19.14,9.0,65.9,7.7,3,16.7,2,36.8,127.0,70.0,64.0,88.0,1.0,7.0,10.0,muy bien,low
REC_004660,USR_0234,2026-04-08,18,166.9,91.7,32.75,6.0,27.3,6.2,1,0.0,8,36.5,118.0,72.0,69.0,84.0,5.0,4.0,5.0,mal,medium
REC_004695,USR_0236,2026-04-08,38,167.9,50.5,17.91,4.0,0.0,3.0,1,6.9,6,36.5,130.0,70.0,94.0,92.0,7.0,1.0,3.0,muy mal,high
REC_004789,USR_0240,2026-04-08,19,151.8,81.9,35.53,6.0,38.0,5.2,1,0.0,4,36.5,129.0,68.0,114.0,85.0,4.0,4.0,7.0,bien,medium
REC_004870,USR_0244,2026-04-08,31,167.7,70.4,25.02,6.0,32.5,5.7,1,18.5,3,36.7,115.0,86.0,102.0,79.0,5.0,2.0,7.0,mal,medium
REC_004914,USR_0246,2026-04-08,24,174.0,57.0,18.84,6.0,13.2,7.7,3,0.0,2,36.6,109.0,77.0,102.0,75.0,4.0,5.0,9.0,muy bien,low
REC_004954,USR_0248,2026-04-08,35,183.9,58.5,17.3,6.0,5.7,5.7,2,28.1,3,37.2,129.0,75.0,80.0,98.0,6.0,2.0,7.0,regular,medium
REC_000003,USR_0001,2026-04-09,40,164.4,68.7,25.4,9.0,16.4,8.4,2,18.7,1,36.7,108.0,75.0,92.0,94.0,1.0,5.0,6.0,bien,medium
REC_000022,USR_0002,2026-04-09,23,179.5,87.7,27.21,4.0,18.1,1.0,2,2.5,7,37.1,120.0,76.0,86.0,83.0,6.0,1.0,2.0,muy mal,high
REC_000226,USR_0012,2026-04-09,27,174.4,104.0,34.18,4.0,15.7,5.3,1,3.7,3,36.8,132.0,75.0,108.0,77.0,5.0,1.0,5.0,mal,high
REC_000290,USR_0015,2026-04-09,27,168.2,78.2,27.65,10.0,37.6,8.3,3,2.6,1,37.1,130.0,67.0,79.0,61.0,2.0,7.0,9.0,bien,low
REC_000315,USR_0016,2026-04-09,30,172.2,68.2,23.02,1.0,1.1,5.2,2,0.0,5,37.0,135.0,75.0,82.0,89.0,6.0,1.0,5.0,muy mal,high
REC_000353,USR_0018,2026-04-09,27,169.5,74.8,26.02,3.0,14.2,4.3,1,10.8,3,37.2,110.0,82.0,51.0,76.0,4.0,1.0,4.0,mal,high
REC_000558,USR_0028,2026-04-09,55,153.2,71.8,30.57,9.0,26.8,7.4,2,8.3,2,36.7,114.0,65.0,88.0,81.0,2.0,4.0,5.0,regular,low
REC_000695,USR_0036,2026-04-09,24,168.8,83.9,29.45,2.0,4.6,4.8,3,8.3,6,37.2,126.0,77.0,105.0,81.0,6.0,2.0,5.0,muy mal,high
REC_000725,USR_0038,2026-04-09,31,161.2,72.8,28.01,0.0,7.8,5.4,1,1.9,3,36.6,133.0,80.0,103.0,111.0,8.0,2.0,5.0,regular,high
REC_000767,USR_0040,2026-04-09,27,172.7,67.6,22.65,8.0,70.5,8.0,2,0.0,1,36.6,97.0,83.0,68.0,70.0,2.0,6.0,8.0,bien,low
REC_000941,USR_0049,2026-04-09,45,158.8,88.2,34.97,5.0,49.0,5.8,1,0.0,3,37.0,127.0,66.0,75.0,71.0,6.0,3.0,6.0,regular,medium
REC_001264,USR_0065,2026-04-09,50,168.7,58.8,20.67,8.0,54.7,9.3,1,18.1,0,37.1,98.0,72.0,85.0,83.0,2.0,7.0,10.0,muy bien,low
REC_001394,USR_0071,2026-04-09,29,163.4,64.9,24.32,4.0,6.8,6.5,1,9.8,8,37.2,117.0,70.0,95.0,92.0,3.0,2.0,6.0,regular,medium
REC_001659,USR_0084,2026-04-09,44,158.0,53.8,21.54,10.0,70.3,7.1,5,3.5,0,36.7,127.0,69.0,83.0,74.0,2.0,9.0,7.0,muy bien,low
REC_001819,USR_0092,2026-04-09,34,166.4,79.4,28.58,7.0,40.3,5.8,2,22.9,2,37.0,111.0,73.0,70.0,93.0,5.0,4.0,6.0,regular,medium
REC_001858,USR_0094,2026-04-09,55,187.2,89.3,25.49,8.0,36.8,6.3,2,14.7,2,36.3,109.0,78.0,94.0,85.0,3.0,5.0,8.0,bien,low
REC_001872,USR_0095,2026-04-09,34,180.7,90.9,27.84,4.0,15.7,6.6,3,11.9,4,37.3,109.0,68.0,86.0,83.0,4.0,3.0,6.0,mal,medium
REC_001927,USR_0098,2026-04-09,18,159.2,71.1,28.03,8.0,36.5,7.0,2,14.4,0,36.5,122.0,81.0,81.0,86.0,5.0,7.0,7.0,bien,low
REC_001955,USR_0099,2026-04-09,36,171.7,62.5,21.18,8.0,17.1,6.5,1,22.8,4,36.9,117.0,75.0,80.0,84.0,3.0,5.0,7.0,regular,medium
REC_002083,USR_0105,2026-04-09,29,170.0,65.9,22.81,4.0,6.5,5.3,2,0.0,6,36.2,124.0,72.0,88.0,97.0,6.0,2.0,6.0,regular,medium
REC_002164,USR_0109,2026-04-09,18,183.1,77.5,23.12,4.0,10.7,4.7,0,0.0,5,36.5,113.0,75.0,87.0,98.0,5.0,2.0,5.0,mal,high
REC_002219,USR_0112,2026-04-09,42,166.2,80.5,29.13,4.0,24.3,7.2,2,0.0,1,37.0,120.0,73.0,104.0,69.0,3.0,5.0,7.0,bien,medium
REC_002342,USR_0118,2026-04-09,44,154.4,63.5,26.63,4.0,33.3,9.2,4,26.2,0,37.5,125.0,81.0,55.0,62.0,1.0,8.0,10.0,muy bien,low
REC_002410,USR_0121,2026-04-09,56,161.4,82.7,31.74,10.0,56.3,7.2,3,21.1,1,37.2,105.0,76.0,77.0,75.0,1.0,8.0,7.0,bien,low
REC_002462,USR_0124,2026-04-09,18,168.1,88.9,31.44,12.0,9.2,4.2,2,14.8,2,35.9,103.0,76.0,100.0,81.0,3.0,3.0,8.0,regular,medium
REC_002497,USR_0126,2026-04-09,48,177.6,82.2,26.05,6.0,36.1,5.0,2,15.6,8,36.0,125.0,82.0,86.0,99.0,6.0,2.0,5.0,mal,medium
REC_002580,USR_0130,2026-04-09,43,144.9,40.0,19.05,4.0,32.0,5.3,1,13.6,3,36.8,126.0,68.0,85.0,91.0,6.0,4.0,6.0,regular,medium
REC_002642,USR_0133,2026-04-09,18,151.0,40.0,17.56,11.0,51.8,8.1,3,35.8,0,36.8,131.0,61.0,92.0,67.0,1.0,8.0,8.0,bien,low
REC_002759,USR_0139,2026-04-09,45,155.6,56.3,23.27,9.0,48.4,5.2,2,15.9,2,37.1,127.0,81.0,71.0,97.0,5.0,5.0,5.0,regular,medium
REC_002780,USR_0140,2026-04-09,29,157.3,66.0,26.69,5.0,0.0,6.4,2,30.3,7,37.0,129.0,73.0,105.0,74.0,6.0,3.0,8.0,mal,medium
REC_002924,USR_0147,2026-04-09,33,163.0,59.7,22.49,8.0,29.2,7.5,2,20.6,1,36.6,111.0,76.0,92.0,71.0,2.0,6.0,8.0,muy bien,low
REC_003100,USR_0156,2026-04-09,49,177.1,72.8,23.22,7.0,33.6,8.7,2,2.9,1,36.7,134.0,70.0,82.0,68.0,3.0,7.0,10.0,bien,low
REC_003119,USR_0157,2026-04-09,33,169.6,62.1,21.61,4.0,0.0,6.2,1,0.0,6,36.5,113.0,86.0,101.0,88.0,8.0,2.0,4.0,muy mal,high
REC_003214,USR_0162,2026-04-09,23,183.5,74.4,22.09,12.0,54.8,6.2,4,30.8,0,36.6,115.0,76.0,78.0,71.0,1.0,8.0,8.0,muy bien,low
REC_003295,USR_0166,2026-04-09,30,161.2,62.7,24.12,13.0,76.1,8.2,3,25.3,0,36.9,104.0,82.0,107.0,73.0,1.0,9.0,10.0,muy bien,low
REC_003355,USR_0169,2026-04-09,44,183.3,104.5,31.09,5.0,23.7,5.5,2,10.7,4,36.6,128.0,85.0,109.0,81.0,7.0,1.0,5.0,muy mal,medium
REC_003384,USR_0171,2026-04-09,70,149.8,58.8,26.22,7.0,52.7,6.8,4,6.6,3,36.7,128.0,69.0,102.0,78.0,4.0,6.0,7.0,bien,low
REC_003446,USR_0174,2026-04-09,45,162.1,60.2,22.9,5.0,26.6,5.7,3,7.3,1,37.0,133.0,71.0,88.0,73.0,4.0,5.0,6.0,bien,medium
REC_003509,USR_0177,2026-04-09,18,171.9,91.9,31.12,2.0,15.4,4.4,0,13.2,5,36.3,98.0,69.0,99.0,66.0,6.0,2.0,5.0,regular,high
REC_003573,USR_0180,2026-04-09,31,158.5,63.5,25.29,12.0,15.8,8.5,5,14.4,3,36.3,128.0,76.0,91.0,83.0,3.0,4.0,8.0,muy bien,low
REC_003790,USR_0191,2026-04-09,49,159.4,71.1,27.99,8.0,53.8,7.4,2,16.4,2,36.7,118.0,74.0,98.0,78.0,3.0,8.0,7.0,muy bien,low
REC_003851,USR_0194,2026-04-09,40,174.0,85.8,28.33,10.0,34.8,7.6,5,10.4,1,36.6,115.0,85.0,105.0,81.0,1.0,7.0,7.0,muy bien,low
REC_004111,USR_0207,2026-04-09,18,169.3,75.0,26.16,7.0,43.8,8.1,4,23.9,0,36.2,103.0,58.0,68.0,71.0,3.0,6.0,7.0,bien,low
REC_004155,USR_0209,2026-04-09,30,166.3,51.9,18.75,3.0,4.2,5.4,1,0.0,6,37.2,121.0,66.0,97.0,90.0,6.0,1.0,5.0,regular,high
REC_004180,USR_0210,2026-04-09,39,159.0,85.4,33.8,7.0,43.8,7.5,3,2.1,4,36.8,123.0,69.0,107.0,87.0,3.0,4.0,9.0,bien,low
REC_004425,USR_0222,2026-04-09,62,157.0,77.5,31.44,8.0,36.2,6.9,2,0.0,1,36.2,119.0,70.0,86.0,73.0,4.0,5.0,5.0,bien,medium
REC_004622,USR_0232,2026-04-09,66,172.7,60.8,20.4,3.0,33.9,2.5,0,0.0,6,36.6,118.0,90.0,113.0,87.0,7.0,4.0,1.0,muy mal,high
REC_004674,USR_0235,2026-04-09,23,166.5,52.0,18.74,10.0,38.0,6.0,3,0.0,1,36.9,109.0,79.0,79.0,81.0,2.0,9.0,7.0,muy bien,low
REC_004696,USR_0236,2026-04-09,38,167.9,50.5,17.93,3.0,6.6,4.0,2,0.0,4,37.0,121.0,79.0,108.0,100.0,7.0,2.0,4.0,muy mal,high
REC_004720,USR_0237,2026-04-09,55,174.9,86.0,28.13,3.0,0.0,4.5,1,12.0,4,36.6,132.0,86.0,95.0,99.0,5.0,1.0,3.0,mal,high
REC_004871,USR_0244,2026-04-09,31,167.7,70.4,25.04,0.0,2.3,6.3,1,13.1,2,36.3,103.0,80.0,56.0,100.0,5.0,3.0,6.0,mal,high
REC_004915,USR_0246,2026-04-09,24,174.0,57.2,18.89,5.0,34.8,6.8,1,18.8,2,36.4,119.0,59.0,55.0,77.0,4.0,4.0,6.0,bien,medium
REC_000047,USR_0003,2026-04-10,18,157.0,88.8,36.03,6.0,74.0,6.7,2,12.7,2,36.7,132.0,77.0,90.0,84.0,4.0,7.0,9.0,bien,low
REC_000249,USR_0013,2026-04-10,18,171.6,82.1,27.87,9.0,46.7,8.0,1,8.6,2,36.9,126.0,82.0,62.0,85.0,4.0,3.0,7.0,bien,low
REC_000476,USR_0024,2026-04-10,37,154.0,56.4,23.79,12.0,38.2,8.7,5,10.3,1,37.1,119.0,63.0,89.0,81.0,1.0,8.0,9.0,muy bien,medium
REC_000499,USR_0025,2026-04-10,51,175.8,67.0,21.67,9.0,57.9,6.2,2,0.0,5,37.0,97.0,65.0,76.0,67.0,4.0,3.0,5.0,regular,medium
REC_000513,USR_0026,2026-04-10,37,157.3,47.5,19.21,6.0,25.0,5.2,2,0.0,6,37.0,107.0,70.0,103.0,95.0,5.0,2.0,6.0,mal,medium
REC_000671,USR_0034,2026-04-10,22,155.9,76.7,31.54,5.0,0.0,6.6,2,10.8,5,37.5,114.0,67.0,116.0,91.0,3.0,3.0,6.0,mal,medium
REC_000726,USR_0038,2026-04-10,31,161.2,72.5,28.02,3.0,5.5,6.6,1,1.2,6,37.1,114.0,74.0,112.0,87.0,7.0,2.0,6.0,regular,medium
REC_000872,USR_0045,2026-04-10,19,172.5,68.9,23.15,0.0,0.0,6.0,0,9.3,6,37.2,138.0,74.0,80.0,82.0,6.0,1.0,5.0,mal,high
REC_000908,USR_0047,2026-04-10,25,187.4,84.0,23.92,0.0,31.9,6.5,0,8.7,3,36.2,124.0,91.0,91.0,85.0,7.0,1.0,5.0,muy mal,high
REC_001131,USR_0058,2026-04-10,18,150.2,45.5,20.18,8.0,47.4,7.5,1,4.3,2,36.4,115.0,77.0,65.0,74.0,3.0,6.0,8.0,regular,low
REC_001151,USR_0059,2026-04-10,51,165.2,63.7,23.33,4.0,31.7,7.5,3,11.8,3,36.7,124.0,81.0,99.0,88.0,5.0,4.0,8.0,regular,medium
REC_001246,USR_0064,2026-04-10,39,154.0,65.7,27.68,5.0,56.4,7.8,5,0.0,0,37.0,109.0,74.0,79.0,75.0,1.0,7.0,9.0,bien,low
REC_001471,USR_0075,2026-04-10,21,161.6,44.0,16.84,6.0,56.0,6.7,2,1.6,2,36.4,98.0,65.0,111.0,76.0,5.0,5.0,6.0,regular,low
REC_001719,USR_0087,2026-04-10,34,162.7,84.9,32.09,7.0,24.4,7.0,2,0.0,0,37.1,118.0,68.0,87.0,72.0,3.0,8.0,8.0,muy bien,low
REC_001798,USR_0091,2026-04-10,44,178.1,104.4,32.93,12.0,63.5,9.8,4,32.3,0,36.8,137.0,69.0,107.0,73.0,1.0,8.0,9.0,muy bien,low
REC_002124,USR_0107,2026-04-10,43,166.8,82.5,29.66,6.0,15.7,7.6,3,6.3,8,36.4,111.0,84.0,94.0,86.0,4.0,4.0,7.0,regular,medium
REC_002144,USR_0108,2026-04-10,36,165.3,107.9,39.5,10.0,62.5,6.6,4,2.9,1,37.0,127.0,79.0,111.0,47.0,1.0,8.0,8.0,muy bien,low
REC_002201,USR_0111,2026-04-10,47,170.9,88.8,30.41,8.0,44.3,7.2,2,0.0,2,36.3,125.0,72.0,108.0,84.0,5.0,4.0,6.0,regular,medium
REC_002323,USR_0117,2026-04-10,46,184.7,88.7,26.02,10.0,54.4,8.1,2,13.6,1,36.6,139.0,74.0,96.0,68.0,2.0,5.0,9.0,bien,low
REC_002389,USR_0120,2026-04-10,18,164.7,46.4,17.09,9.0,0.0,5.8,2,25.1,1,36.1,119.0,76.0,79.0,77.0,3.0,4.0,6.0,regular,medium
REC_002541,USR_0128,2026-04-10,31,166.3,63.5,22.96,8.0,46.9,9.8,3,16.8,5,37.3,126.0,68.0,88.0,80.0,1.0,6.0,9.0,bien,medium
REC_002563,USR_0129,2026-04-10,28,168.8,64.8,22.75,8.0,10.6,7.0,3,5.9,2,36.8,123.0,71.0,76.0,86.0,5.0,4.0,7.0,regular,medium
REC_002662,USR_0134,2026-04-10,55,153.0,51.7,22.09,0.0,12.9,5.1,2,0.0,7,36.7,134.0,79.0,99.0,89.0,6.0,1.0,6.0,muy mal,high
REC_002781,USR_0140,2026-04-10,29,157.3,66.0,26.68,6.0,45.0,5.9,2,0.3,5,36.6,104.0,64.0,102.0,83.0,4.0,3.0,7.0,regular,high
REC_002866,USR_0144,2026-04-10,22,157.7,42.3,17.01,8.0,52.4,7.1,3,2.4,3,37.1,134.0,69.0,53.0,72.0,4.0,5.0,6.0,regular,low
REC_002906,USR_0146,2026-04-10,58,160.0,67.9,26.54,7.0,47.4,7.2,2,8.9,0,36.8,124.0,82.0,102.0,74.0,2.0,4.0,8.0,muy bien,low
REC_002925,USR_0147,2026-04-10,33,163.0,59.7,22.48,9.0,54.7,8.4,5,26.3,0,37.1,127.0,67.0,96.0,69.0,3.0,7.0,9.0,muy bien,low
REC_002970,USR_0149,2026-04-10,44,145.3,68.7,32.55,2.0,15.9,6.1,0,7.7,6,36.6,126.0,70.0,85.0,91.0,5.0,2.0,7.0,mal,medium
REC_003049,USR_0153,2026-04-10,18,169.3,59.6,20.8,8.0,38.4,4.9,2,10.2,2,36.1,122.0,87.0,87.0,118.0,5.0,4.0,4.0,regular,medium
REC_003296,USR_0166,2026-04-10,30,161.2,62.6,24.07,9.0,35.0,8.9,4,9.9,1,36.7,113.0,71.0,81.0,73.0,1.0,7.0,8.0,muy bien,low
REC_003333,USR_0168,2026-04-10,49,179.1,117.3,36.58,2.0,0.0,5.4,0,7.1,4,36.5,127.0,70.0,114.0,87.0,10.0,1.0,2.0,muy mal,high
REC_003423,USR_0173,2026-04-10,52,156.9,64.9,26.35,9.0,86.4,8.3,3,8.1,0,37.0,134.0,75.0,80.0,73.0,2.0,6.0,8.0,bien,low
REC_003510,USR_0177,2026-04-10,18,171.9,92.1,31.17,3.0,0.0,4.2,2,11.9,6,36.3,105.0,80.0,90.0,97.0,6.0,3.0,5.0,muy mal,high
REC_003533,USR_0178,2026-04-10,41,163.8,100.0,37.27,5.0,21.5,5.3,3,11.4,4,37.2,102.0,68.0,85.0,76.0,5.0,3.0,5.0,mal,medium
REC_003574,USR_0180,2026-04-10,31,158.5,63.5,25.3,6.0,39.9,7.9,4,7.0,0,36.3,121.0,59.0,109.0,66.0,2.0,7.0,9.0,bien,low
REC_003592,USR_0181,2026-04-10,36,164.6,52.6,19.4,0.0,8.5,4.5,0,10.3,7,36.3,132.0,68.0,99.0,93.0,6.0,1.0,4.0,muy mal,high
REC_003726,USR_0188,2026-04-10,29,163.2,53.5,20.1,4.0,14.0,6.9,0,0.0,5,36.7,125.0,70.0,67.0,90.0,4.0,2.0,6.0,regular,medium
REC_003750,USR_0189,2026-04-10,53,185.5,134.2,39.0,4.0,0.0,5.1,2,5.0,6,36.5,132.0,75.0,100.0,84.0,6.0,3.0,7.0,mal,high
REC_003852,USR_0194,2026-04-10,40,174.0,85.8,28.35,9.0,59.5,8.0,3,24.2,1,37.1,111.0,70.0,76.0,56.0,1.0,8.0,8.0,muy bien,low
REC_003910,USR_0197,2026-04-10,53,162.9,80.8,30.46,2.0,29.8,4.2,2,0.0,5,36.7,125.0,92.0,77.0,106.0,7.0,2.0,4.0,mal,high
REC_003997,USR_0201,2026-04-10,41,166.5,70.1,25.15,7.0,6.7,6.7,2,3.9,3,36.9,129.0,82.0,93.0,81.0,5.0,2.0,6.0,mal,medium
REC_004266,USR_0214,2026-04-10,38,162.4,62.4,23.66,9.0,31.2,7.1,3,10.1,0,36.7,94.0,82.0,89.0,81.0,2.0,7.0,6.0,muy bien,low
REC_004405,USR_0221,2026-04-10,41,186.2,86.0,24.79,10.0,58.4,6.1,3,39.8,2,37.2,111.0,69.0,91.0,79.0,4.0,6.0,8.0,bien,low
REC_004675,USR_0235,2026-04-10,23,166.5,51.9,18.72,9.0,77.6,7.4,1,7.7,1,36.1,102.0,79.0,69.0,52.0,1.0,8.0,8.0,bien,low
REC_004697,USR_0236,2026-04-10,38,167.9,50.4,17.88,5.0,0.0,3.4,4,3.5,6,36.7,121.0,71.0,96.0,89.0,7.0,1.0,3.0,mal,high
REC_004760,USR_0239,2026-04-10,47,180.3,95.1,29.26,11.0,37.7,7.1,5,14.2,1,36.8,125.0,76.0,88.0,76.0,2.0,7.0,6.0,muy bien,low
REC_000171,USR_0009,2026-04-11,45,164.2,58.2,21.57,10.0,8.2,7.7,3,34.1,0,36.4,122.0,75.0,87.0,61.0,1.0,5.0,8.0,bien,medium
REC_000213,USR_0011,2026-04-11,27,164.4,45.9,16.97,5.0,0.0,5.0,0,0.0,5,37.4,128.0,75.0,86.0,86.0,4.0,2.0,6.0,mal,high
REC_000370,USR_0019,2026-04-11,37,158.9,75.6,29.94,5.0,9.0,4.6,0,0.0,4,36.8,123.0,72.0,97.0,84.0,4.0,3.0,5.0,regular,high
REC_000386,USR_0020,2026-04-11,39,163.1,73.7,27.69,5.0,64.5,8.4,3,19.2,0,37.1,110.0,71.0,73.0,80.0,3.0,7.0,8.0,muy bien,low
REC_000451,USR_0023,2026-04-11,26,182.6,89.5,26.83,7.0,5.6,6.3,4,16.2,6,36.7,121.0,60.0,94.0,94.0,4.0,3.0,5.0,regular,medium
REC_000580,USR_0029,2026-04-11,49,153.3,47.5,20.2,7.0,20.4,8.3,3,40.1,0,36.5,105.0,68.0,75.0,86.0,2.0,6.0,8.0,bien,low
REC_000672,USR_0034,2026-04-11,22,155.9,76.7,31.55,2.0,29.6,6.0,3,11.1,4,36.7,111.0,78.0,77.0,77.0,3.0,4.0,6.0,mal,medium
REC_000696,USR_0036,2026-04-11,24,168.8,84.0,29.47,7.0,33.5,6.8,1,0.5,6,37.8,113.0,65.0,101.0,75.0,4.0,3.0,7.0,regular,medium
REC_000727,USR_0038,2026-04-11,31,161.2,72.2,27.79,0.0,0.0,6.9,1,13.5,4,36.2,129.0,73.0,82.0,80.0,6.0,2.0,5.0,mal,medium
REC_000768,USR_0040,2026-04-11,27,172.7,67.6,22.65,8.0,52.8,8.8,3,19.7,0,36.2,112.0,76.0,106.0,78.0,4.0,6.0,8.0,bien,low
REC_000826,USR_0043,2026-04-11,18,151.0,48.7,21.34,9.0,23.7,7.4,2,29.5,0,36.8,113.0,74.0,75.0,81.0,3.0,5.0,7.0,bien,medium
REC_000854,USR_0044,2026-04-11,34,167.9,68.7,24.36,10.0,31.7,7.3,2,11.0,0,36.5,103.0,80.0,89.0,81.0,2.0,6.0,9.0,muy bien,low
REC_000873,USR_0045,2026-04-11,19,172.5,68.9,23.16,6.0,1.8,6.3,0,0.6,3,37.0,120.0,88.0,101.0,93.0,6.0,2.0,7.0,mal,medium
REC_000923,USR_0048,2026-04-11,36,185.3,89.8,26.15,5.0,22.8,6.9,0,1.9,2,36.4,120.0,71.0,98.0,76.0,4.0,4.0,5.0,regular,medium
REC_001029,USR_0053,2026-04-11,41,177.1,73.9,23.56,5.0,9.2,7.4,2,19.4,4,36.9,103.0,76.0,87.0,76.0,5.0,4.0,7.0,regular,medium
REC_001073,USR_0055,2026-04-11,57,162.7,51.7,19.52,6.0,12.5,5.7,2,0.0,2,36.6,128.0,81.0,70.0,77.0,3.0,5.0,7.0,regular,medium
REC_001090,USR_0056,2026-04-11,60,165.5,53.3,19.44,6.0,21.8,5.3,2,25.1,3,36.1,128.0,78.0,121.0,104.0,4.0,4.0,6.0,regular,medium
REC_001132,USR_0058,2026-04-11,18,150.2,45.6,20.2,10.0,67.0,8.9,2,36.8,2,36.8,121.0,72.0,93.0,69.0,4.0,5.0,6.0,bien,low
REC_001189,USR_0061,2026-04-11,44,168.5,78.6,27.67,6.0,45.0,5.2,1,0.0,5,36.8,123.0,86.0,75.0,78.0,7.0,2.0,5.0,mal,medium
REC_001285,USR_0066,2026-04-11,32,161.3,90.9,34.94,11.0,77.9,8.1,2,11.5,0,36.6,111.0,69.0,96.0,65.0,1.0,7.0,6.0,bien,low
REC_001472,USR_0075,2026-04-11,21,161.6,43.7,16.75,7.0,35.4,4.6,4,7.9,4,36.8,114.0,70.0,98.0,74.0,5.0,2.0,5.0,regular,medium
REC_001535,USR_0078,2026-04-11,40,148.8,54.3,24.54,6.0,7.4,4.1,2,0.0,4,36.6,117.0,68.0,88.0,91.0,7.0,1.0,2.0,muy mal,high
REC_001635,USR_0083,2026-04-11,54,169.8,76.5,26.55,5.0,31.4,5.9,1,6.9,10,37.5,138.0,85.0,105.0,92.0,7.0,2.0,5.0,mal,medium
REC_001695,USR_0086,2026-04-11,36,181.9,110.3,33.33,5.0,0.0,4.6,0,12.7,4,36.9,115.0,84.0,81.0,107.0,7.0,1.0,4.0,mal,high
REC_001720,USR_0087,2026-04-11,34,162.7,84.4,31.87,10.0,54.5,8.3,4,34.7,1,36.7,120.0,72.0,94.0,65.0,1.0,7.0,8.0,muy bien,low
REC_001758,USR_0089,2026-04-11,18,158.6,90.0,35.78,9.0,59.5,7.0,3,18.5,0,36.5,119.0,61.0,109.0,81.0,1.0,7.0,6.0,muy bien,low
REC_001799,USR_0091,2026-04-11,44,178.1,104.5,32.95,8.0,32.9,8.5,4,9.4,0,37.2,112.0,67.0,111.0,81.0,1.0,8.0,8.0,muy bien,low
REC_002037,USR_0103,2026-04-11,42,167.4,71.2,25.39,3.0,5.1,4.7,2,15.1,5,37.1,137.0,71.0,73.0,93.0,4.0,1.0,3.0,muy mal,high
REC_002053,USR_0104,2026-04-11,31,181.5,102.5,31.1,11.0,22.3,6.3,2,19.5,0,36.7,98.0,76.0,83.0,70.0,3.0,6.0,7.0,bien,medium
REC_002238,USR_0113,2026-04-11,36,165.6,55.7,20.32,12.0,60.2,7.5,3,17.8,1,36.7,127.0,85.0,78.0,68.0,3.0,6.0,7.0,regular,low
REC_002324,USR_0117,2026-04-11,46,184.7,88.6,25.97,10.0,9.3,7.3,2,12.1,1,37.1,118.0,73.0,62.0,66.0,2.0,7.0,9.0,bien,medium
REC_002430,USR_0122,2026-04-11,25,171.8,68.1,23.06,4.0,41.0,6.9,3,0.0,3,37.0,83.0,74.0,77.0,81.0,4.0,5.0,6.0,mal,low
REC_002542,USR_0128,2026-04-11,31,166.3,63.5,22.95,8.0,11.2,8.2,3,13.6,2,36.8,116.0,78.0,67.0,69.0,1.0,8.0,9.0,mal,low
REC_002907,USR_0146,2026-04-11,58,160.0,68.2,26.64,10.0,51.6,7.4,3,22.1,0,37.1,117.0,68.0,114.0,74.0,2.0,6.0,8.0,bien,low
REC_003120,USR_0157,2026-04-11,33,169.6,62.4,21.71,5.0,1.8,4.1,0,5.6,3,36.6,117.0,67.0,93.0,83.0,6.0,2.0,4.0,regular,high
REC_003155,USR_0159,2026-04-11,39,164.1,77.0,28.59,8.0,28.0,7.8,3,9.3,2,36.3,110.0,76.0,89.0,68.0,1.0,6.0,7.0,mal,low
REC_003197,USR_0161,2026-04-11,36,157.9,66.2,26.54,1.0,13.2,5.3,4,0.0,4,36.5,120.0,80.0,76.0,82.0,8.0,3.0,5.0,mal,high
REC_003215,USR_0162,2026-04-11,23,183.5,74.5,22.12,8.0,29.1,5.7,3,18.4,0,36.9,113.0,62.0,101.0,71.0,2.0,8.0,7.0,bien,medium
REC_003237,USR_0163,2026-04-11,49,158.7,57.9,22.98,6.0,46.6,6.7,2,27.9,0,37.0,120.0,75.0,99.0,59.0,1.0,5.0,7.0,bien,low
REC_003272,USR_0165,2026-04-11,50,167.0,79.7,28.57,6.0,24.7,4.9,5,0.0,1,37.3,136.0,74.0,92.0,79.0,5.0,3.0,5.0,regular,medium
REC_003334,USR_0168,2026-04-11,49,179.1,117.5,36.64,5.0,24.7,5.3,0,0.0,5,36.7,130.0,76.0,110.0,72.0,10.0,2.0,4.0,muy mal,high
REC_003403,USR_0172,2026-04-11,40,173.9,91.8,30.35,6.0,0.0,5.8,1,25.2,4,37.4,136.0,64.0,112.0,88.0,6.0,2.0,7.0,mal,high
REC_003511,USR_0177,2026-04-11,18,171.9,92.1,31.18,1.0,0.0,4.2,0,19.5,4,36.6,121.0,64.0,75.0,87.0,9.0,1.0,6.0,mal,high
REC_003534,USR_0178,2026-04-11,41,163.8,99.7,37.23,6.0,33.7,6.3,3,0.0,3,37.3,119.0,78.0,80.0,74.0,4.0,4.0,5.0,mal,medium
REC_003553,USR_0179,2026-04-11,24,140.0,40.1,20.43,6.0,17.1,5.2,3,18.6,2,36.2,110.0,78.0,112.0,65.0,5.0,4.0,6.0,regular,medium
REC_003575,USR_0180,2026-04-11,31,158.5,63.6,25.31,12.0,44.5,7.6,4,14.6,4,36.7,100.0,76.0,93.0,62.0,1.0,7.0,7.0,regular,low
REC_003652,USR_0184,2026-04-11,39,165.9,60.0,21.81,7.0,34.0,7.5,4,17.0,0,36.4,111.0,87.0,79.0,80.0,2.0,6.0,8.0,bien,low
REC_003668,USR_0185,2026-04-11,58,174.0,77.0,25.44,4.0,0.0,3.8,1,0.0,5,36.6,109.0,90.0,100.0,92.0,6.0,3.0,6.0,mal,high
REC_003810,USR_0192,2026-04-11,34,158.4,87.5,34.89,2.0,7.4,4.4,1,1.7,6,36.8,116.0,74.0,83.0,83.0,7.0,1.0,5.0,muy mal,high
REC_003929,USR_0198,2026-04-11,29,180.5,69.2,21.24,8.0,72.7,8.0,2,11.7,2,37.1,105.0,72.0,70.0,86.0,1.0,7.0,6.0,muy bien,low
REC_004089,USR_0206,2026-04-11,48,161.0,50.7,19.55,4.0,17.7,4.2,3,8.1,7,36.2,110.0,78.0,85.0,97.0,7.0,1.0,4.0,muy mal,high
REC_004156,USR_0209,2026-04-11,30,166.3,51.7,18.71,4.0,59.8,4.9,2,0.0,5,36.9,116.0,74.0,77.0,86.0,6.0,2.0,4.0,mal,medium
REC_004181,USR_0210,2026-04-11,39,159.0,85.3,33.72,5.0,46.6,7.0,2,9.1,4,37.0,127.0,68.0,100.0,86.0,5.0,5.0,7.0,mal,low
REC_004218,USR_0212,2026-04-11,45,154.0,50.2,21.18,2.0,2.8,5.0,0,0.0,5,36.1,127.0,75.0,100.0,85.0,6.0,2.0,6.0,mal,high
REC_004290,USR_0215,2026-04-11,23,180.8,78.7,24.08,1.0,16.4,5.6,2,0.0,7,36.7,109.0,74.0,127.0,97.0,6.0,4.0,5.0,mal,medium
REC_004335,USR_0217,2026-04-11,19,148.5,54.9,24.91,7.0,24.7,7.5,4,20.1,2,37.0,120.0,80.0,97.0,67.0,1.0,6.0,9.0,muy bien,low
REC_004406,USR_0221,2026-04-11,41,186.2,86.2,24.85,7.0,44.8,5.5,4,23.1,1,36.7,108.0,83.0,95.0,70.0,2.0,7.0,6.0,bien,low
REC_004471,USR_0224,2026-04-11,49,159.6,62.3,24.46,7.0,40.7,9.1,3,23.6,0,36.8,116.0,77.0,96.0,76.0,1.0,7.0,8.0,muy bien,low
REC_004489,USR_0225,2026-04-11,48,174.1,70.0,23.11,4.0,40.8,5.8,4,0.0,6,37.4,115.0,63.0,87.0,82.0,4.0,3.0,5.0,regular,medium
REC_004509,USR_0226,2026-04-11,50,166.7,123.0,44.25,6.0,69.4,6.8,1,2.2,1,36.9,118.0,71.0,95.0,70.0,3.0,5.0,5.0,mal,low
REC_004563,USR_0229,2026-04-11,41,170.1,94.8,32.77,3.0,0.0,6.5,1,13.3,3,37.3,112.0,76.0,96.0,77.0,4.0,4.0,8.0,bien,medium
REC_004735,USR_0238,2026-04-11,40,170.5,88.6,30.46,6.0,11.0,5.7,3,13.4,2,37.3,112.0,78.0,96.0,85.0,6.0,2.0,7.0,regular,medium
REC_000048,USR_0003,2026-04-12,18,157.0,88.8,36.01,9.0,0.0,8.5,2,6.3,0,36.4,106.0,75.0,99.0,76.0,3.0,5.0,9.0,bien,medium
REC_000067,USR_0004,2026-04-12,18,169.8,76.4,26.49,2.0,13.4,6.9,1,8.0,1,36.7,111.0,78.0,72.0,90.0,3.0,4.0,7.0,bien,medium
REC_000084,USR_0005,2026-04-12,31,160.5,48.4,18.79,7.0,47.5,6.3,2,0.8,1,36.7,112.0,60.0,97.0,75.0,3.0,5.0,5.0,bien,medium
REC_000333,USR_0017,2026-04-12,32,169.5,65.5,22.8,5.0,0.0,6.6,1,0.0,4,37.1,125.0,70.0,75.0,82.0,7.0,1.0,5.0,mal,medium
REC_000371,USR_0019,2026-04-12,37,158.9,75.5,29.9,3.0,0.0,5.8,1,13.9,5,36.6,124.0,68.0,90.0,89.0,7.0,2.0,4.0,mal,high
REC_000387,USR_0020,2026-04-12,39,163.1,73.5,27.64,10.0,33.4,7.3,3,23.3,0,36.2,112.0,80.0,73.0,73.0,3.0,7.0,10.0,muy bien,low
REC_000402,USR_0021,2026-04-12,18,158.0,80.6,32.3,5.0,32.9,6.6,2,16.6,3,36.4,98.0,66.0,94.0,81.0,4.0,4.0,5.0,regular,medium
REC_000452,USR_0023,2026-04-12,26,182.6,89.6,26.87,4.0,0.2,6.8,1,0.7,6,36.9,133.0,63.0,79.0,75.0,5.0,4.0,6.0,regular,medium
REC_000535,USR_0027,2026-04-12,57,164.1,73.9,27.45,6.0,15.4,8.0,2,0.0,0,36.6,142.0,77.0,54.0,74.0,2.0,4.0,6.0,bien,medium
REC_000581,USR_0029,2026-04-12,49,153.3,47.4,20.15,9.0,54.0,7.7,3,0.0,0,36.6,122.0,62.0,95.0,72.0,2.0,7.0,8.0,bien,low
REC_000604,USR_0030,2026-04-12,25,161.0,72.0,27.77,8.0,73.9,9.0,2,4.9,0,37.1,119.0,73.0,98.0,78.0,1.0,9.0,9.0,bien,low
REC_000642,USR_0032,2026-04-12,42,174.4,90.6,29.79,11.0,21.8,7.9,4,9.8,2,36.6,116.0,68.0,96.0,82.0,3.0,5.0,7.0,bien,low
REC_000656,USR_0033,2026-04-12,46,165.5,66.7,24.36,4.0,0.0,4.0,3,0.0,4,37.0,101.0,67.0,50.0,82.0,5.0,3.0,4.0,regular,high
REC_000788,USR_0041,2026-04-12,43,159.4,68.8,27.09,11.0,24.5,8.8,4,11.9,0,36.2,120.0,85.0,91.0,73.0,2.0,7.0,8.0,muy bien,low
REC_000942,USR_0049,2026-04-12,45,158.8,88.5,35.1,4.0,1.6,8.3,2,2.9,0,36.6,109.0,75.0,96.0,82.0,3.0,4.0,7.0,bien,medium
REC_000961,USR_0050,2026-04-12,56,176.1,68.6,22.12,8.0,59.3,7.0,4,0.0,1,37.1,113.0,66.0,91.0,67.0,3.0,6.0,7.0,bien,low
REC_000991,USR_0051,2026-04-12,44,155.2,70.1,29.09,10.0,38.8,8.0,3,14.2,0,37.1,124.0,67.0,84.0,64.0,2.0,4.0,9.0,muy bien,low
REC_001152,USR_0059,2026-04-12,51,165.2,63.6,23.31,6.0,5.2,8.0,3,10.9,2,36.8,115.0,72.0,75.0,89.0,4.0,5.0,8.0,regular,medium
REC_001214,USR_0062,2026-04-12,45,154.5,74.8,31.34,1.0,6.8,6.3,0,0.0,5,36.3,111.0,88.0,99.0,89.0,6.0,1.0,5.0,mal,high
REC_001323,USR_0068,2026-04-12,27,173.0,81.8,27.35,6.0,0.0,5.5,3,0.7,7,36.6,119.0,77.0,91.0,93.0,7.0,1.0,4.0,mal,high
REC_001536,USR_0078,2026-04-12,40,148.8,54.2,24.46,3.0,25.6,4.7,0,16.0,6,36.7,125.0,81.0,87.0,94.0,7.0,1.0,3.0,muy mal,high
REC_001576,USR_0080,2026-04-12,20,165.5,71.4,26.08,5.0,10.5,6.1,4,2.9,4,36.4,117.0,72.0,84.0,81.0,4.0,3.0,5.0,regular,medium
REC_001616,USR_0082,2026-04-12,51,145.3,54.5,25.79,7.0,54.7,10.0,1,29.4,2,36.9,107.0,77.0,99.0,75.0,1.0,6.0,7.0,muy bien,low
REC_001660,USR_0084,2026-04-12,44,158.0,53.7,21.52,9.0,43.5,6.8,3,14.5,1,37.3,101.0,73.0,88.0,74.0,1.0,8.0,7.0,muy bien,low
REC_001682,USR_0085,2026-04-12,41,169.2,70.6,24.65,5.0,36.2,7.2,1,23.3,2,36.5,120.0,78.0,91.0,77.0,3.0,8.0,7.0,bien,low
REC_001696,USR_0086,2026-04-12,36,181.9,110.1,33.27,2.0,31.5,4.9,2,17.4,4,36.6,135.0,82.0,96.0,89.0,7.0,1.0,4.0,muy mal,medium
REC_001780,USR_0090,2026-04-12,34,183.3,96.6,28.74,8.0,72.7,6.3,3,14.9,3,36.4,115.0,80.0,77.0,77.0,4.0,5.0,7.0,bien,low
REC_001975,USR_0100,2026-04-12,69,161.2,90.2,34.72,11.0,60.0,9.0,1,27.1,0,37.1,123.0,72.0,92.0,69.0,6.0,7.0,8.0,bien,medium
REC_002038,USR_0103,2026-04-12,42,167.4,71.0,25.34,2.0,12.8,6.1,1,0.2,4,36.8,114.0,75.0,84.0,82.0,7.0,3.0,5.0,mal,medium
REC_002202,USR_0111,2026-04-12,47,170.9,88.5,30.45,5.0,49.0,6.3,2,16.4,3,36.1,121.0,78.0,103.0,88.0,4.0,4.0,5.0,mal,medium
REC_002239,USR_0113,2026-04-12,36,165.6,55.9,20.38,9.0,65.0,7.3,4,0.0,0,36.4,102.0,82.0,110.0,71.0,2.0,7.0,6.0,bien,low
REC_002325,USR_0117,2026-04-12,46,184.7,88.8,26.03,4.0,25.1,8.1,3,0.5,2,36.4,107.0,73.0,130.0,63.0,3.0,7.0,8.0,bien,medium
REC_002390,USR_0120,2026-04-12,18,164.7,46.4,17.12,9.0,31.1,5.9,3,4.5,2,36.7,143.0,78.0,85.0,75.0,5.0,3.0,6.0,mal,medium
REC_002477,USR_0125,2026-04-12,29,176.4,74.5,23.93,9.0,42.0,7.4,4,4.5,0,37.2,113.0,74.0,95.0,71.0,4.0,7.0,7.0,regular,low
REC_002736,USR_0138,2026-04-12,57,151.4,43.7,19.07,7.0,58.4,9.8,4,15.2,0,36.5,118.0,59.0,103.0,77.0,1.0,8.0,9.0,muy bien,low
REC_003198,USR_0161,2026-04-12,36,157.9,66.2,26.55,2.0,9.8,5.2,1,18.9,6,36.7,115.0,75.0,66.0,95.0,6.0,2.0,6.0,mal,high
REC_003261,USR_0164,2026-04-12,53,179.3,78.5,24.42,7.0,1.4,5.6,0,21.4,5,36.6,135.0,63.0,104.0,94.0,5.0,3.0,5.0,mal,high
REC_003335,USR_0168,2026-04-12,49,179.1,117.5,36.63,4.0,14.3,5.1,1,7.8,5,36.5,128.0,76.0,109.0,92.0,6.0,3.0,6.0,regular,medium
REC_003593,USR_0181,2026-04-12,36,164.6,52.8,19.48,5.0,0.0,5.1,3,0.0,6,36.6,120.0,73.0,81.0,90.0,4.0,1.0,5.0,muy mal,high
REC_003632,USR_0183,2026-04-12,18,163.7,80.5,30.03,5.0,50.7,8.4,3,22.2,1,36.0,98.0,75.0,79.0,66.0,4.0,8.0,7.0,muy bien,low
REC_003683,USR_0186,2026-04-12,25,169.9,75.6,26.18,11.0,36.9,7.6,4,28.6,1,36.5,118.0,60.0,77.0,68.0,2.0,7.0,6.0,bien,low
REC_003998,USR_0201,2026-04-12,41,166.5,69.9,25.2,6.0,20.0,7.4,2,2.1,1,36.3,105.0,80.0,84.0,59.0,1.0,3.0,5.0,regular,medium
REC_004069,USR_0205,2026-04-12,18,177.2,74.8,23.83,4.0,14.7,6.4,1,4.4,6,37.3,119.0,71.0,94.0,77.0,6.0,2.0,4.0,mal,medium
REC_004312,USR_0216,2026-04-12,40,159.2,81.7,32.23,5.0,12.3,6.2,0,0.0,5,36.1,119.0,71.0,71.0,93.0,6.0,2.0,4.0,mal,medium
REC_004336,USR_0217,2026-04-12,19,148.5,55.0,24.94,6.0,38.1,7.1,4,16.0,0,36.6,100.0,71.0,65.0,81.0,1.0,6.0,7.0,muy bien,low
REC_004372,USR_0219,2026-04-12,18,176.3,52.8,16.99,9.0,39.2,7.4,2,0.0,3,36.4,109.0,76.0,93.0,78.0,4.0,4.0,7.0,regular,low
REC_004407,USR_0221,2026-04-12,41,186.2,86.2,24.87,9.0,47.4,7.1,3,17.6,2,36.6,126.0,61.0,112.0,78.0,1.0,8.0,8.0,muy bien,low
REC_004426,USR_0222,2026-04-12,62,157.0,77.5,31.46,5.0,27.8,6.1,0,13.8,2,36.4,116.0,74.0,90.0,90.0,5.0,4.0,5.0,mal,medium
REC_004602,USR_0231,2026-04-12,25,153.6,45.1,19.13,9.0,63.1,7.1,5,19.9,0,36.8,142.0,72.0,111.0,63.0,1.0,7.0,6.0,bien,low
REC_004644,USR_0233,2026-04-12,36,167.5,72.3,25.78,3.0,0.0,5.7,2,12.5,5,37.7,122.0,80.0,80.0,85.0,6.0,1.0,6.0,mal,high
REC_004676,USR_0235,2026-04-12,23,166.5,51.7,18.64,10.0,16.8,7.3,2,27.4,2,36.2,123.0,76.0,90.0,70.0,1.0,6.0,7.0,bien,high
REC_004736,USR_0238,2026-04-12,40,170.5,88.4,30.42,4.0,45.0,5.7,1,0.0,3,36.8,139.0,74.0,96.0,88.0,5.0,1.0,4.0,regular,medium
REC_004761,USR_0239,2026-04-12,47,180.3,95.3,29.3,7.0,44.8,8.7,1,8.4,1,36.5,107.0,66.0,113.0,83.0,2.0,8.0,6.0,muy bien,low
REC_004889,USR_0245,2026-04-12,35,168.5,49.9,17.57,8.0,30.7,5.3,2,4.5,6,36.9,125.0,61.0,97.0,93.0,6.0,2.0,5.0,mal,medium
REC_004986,USR_0250,2026-04-12,26,149.2,45.5,20.43,4.0,0.0,5.0,0,3.9,4,36.8,113.0,71.0,96.0,87.0,8.0,1.0,6.0,muy mal,high
REC_000102,USR_0006,2026-04-13,45,184.7,81.2,23.79,5.0,0.0,5.0,3,9.8,6,37.3,125.0,90.0,115.0,108.0,5.0,3.0,6.0,mal,high
REC_000172,USR_0009,2026-04-13,45,164.2,58.4,21.66,8.0,59.4,8.2,4,18.4,2,37.0,117.0,76.0,62.0,77.0,1.0,6.0,6.0,bien,low
REC_000403,USR_0021,2026-04-13,18,158.0,80.3,32.15,3.0,15.9,6.4,1,0.0,5,37.1,118.0,76.0,94.0,83.0,5.0,2.0,5.0,mal,medium
REC_000477,USR_0024,2026-04-13,37,154.0,56.2,23.69,8.0,44.5,7.6,5,16.8,1,36.8,130.0,65.0,82.0,73.0,4.0,7.0,8.0,bien,low
REC_000514,USR_0026,2026-04-13,37,157.3,47.6,19.25,7.0,38.1,4.2,0,15.3,5,36.3,121.0,81.0,92.0,86.0,4.0,2.0,5.0,muy mal,high
REC_000559,USR_0028,2026-04-13,55,153.2,71.6,30.5,8.0,25.2,6.7,2,4.2,2,36.7,112.0,86.0,96.0,59.0,1.0,5.0,6.0,regular,medium
REC_000622,USR_0031,2026-04-13,42,175.5,95.9,31.14,5.0,47.5,5.9,1,0.0,2,37.1,112.0,64.0,97.0,81.0,4.0,3.0,6.0,regular,medium
REC_000643,USR_0032,2026-04-13,42,174.4,90.6,29.79,10.0,62.8,7.5,3,28.3,2,36.3,106.0,67.0,88.0,66.0,2.0,6.0,8.0,bien,low
REC_000683,USR_0035,2026-04-13,18,170.8,66.9,22.92,3.0,0.0,6.2,2,0.0,6,36.5,112.0,77.0,99.0,85.0,6.0,2.0,4.0,muy mal,high
REC_000924,USR_0048,2026-04-13,36,185.3,90.3,26.3,7.0,11.8,6.3,2,0.7,1,36.8,119.0,57.0,115.0,79.0,4.0,5.0,7.0,bien,medium
REC_000943,USR_0049,2026-04-13,45,158.8,88.2,35.0,6.0,2.3,8.4,2,16.8,1,37.3,111.0,84.0,123.0,85.0,2.0,4.0,7.0,bien,medium
REC_001030,USR_0053,2026-04-13,41,177.1,74.2,23.67,3.0,0.0,8.3,1,0.0,3,37.1,108.0,83.0,95.0,83.0,5.0,3.0,8.0,regular,medium
REC_001153,USR_0059,2026-04-13,51,165.2,63.4,23.24,8.0,33.8,7.0,0,39.8,1,37.1,109.0,70.0,100.0,82.0,3.0,4.0,6.0,regular,medium
REC_001190,USR_0061,2026-04-13,44,168.5,78.5,27.64,1.0,0.2,4.8,0,1.8,3,36.5,116.0,73.0,82.0,84.0,6.0,2.0,7.0,mal,high
REC_001227,USR_0063,2026-04-13,19,167.1,60.1,21.53,0.0,4.5,5.7,0,7.3,4,36.4,111.0,75.0,90.0,99.0,8.0,1.0,7.0,mal,high
REC_001265,USR_0065,2026-04-13,50,168.7,59.1,20.75,10.0,57.0,9.6,4,0.0,0,36.2,113.0,77.0,76.0,77.0,2.0,7.0,9.0,bien,low
REC_001301,USR_0067,2026-04-13,54,176.0,107.6,34.75,7.0,0.0,4.5,1,0.0,4,36.8,128.0,94.0,135.0,95.0,7.0,2.0,4.0,mal,high
REC_001324,USR_0068,2026-04-13,27,173.0,81.5,27.22,3.0,12.5,4.6,2,7.0,5,36.1,116.0,69.0,84.0,89.0,7.0,2.0,5.0,mal,high
REC_001597,USR_0081,2026-04-13,18,167.4,103.9,37.07,5.0,3.0,4.9,1,13.9,3,36.8,125.0,85.0,70.0,80.0,6.0,1.0,6.0,regular,medium
REC_001800,USR_0091,2026-04-13,44,178.1,104.5,32.94,5.0,26.9,7.7,4,24.5,0,36.4,109.0,70.0,109.0,77.0,2.0,6.0,7.0,regular,medium
REC_001820,USR_0092,2026-04-13,34,166.4,78.9,28.48,4.0,18.4,6.6,3,0.0,4,36.3,125.0,58.0,73.0,86.0,3.0,5.0,6.0,regular,medium
REC_001833,USR_0093,2026-04-13,53,173.3,70.7,23.53,7.0,73.5,7.0,1,19.5,1,37.5,141.0,74.0,102.0,82.0,1.0,7.0,6.0,mal,low
REC_001873,USR_0095,2026-04-13,34,180.7,90.7,27.78,6.0,34.9,6.2,3,9.5,10,36.9,115.0,80.0,71.0,82.0,3.0,2.0,5.0,mal,medium
REC_002084,USR_0105,2026-04-13,29,170.0,65.7,22.75,6.0,0.0,4.5,1,17.1,10,37.0,112.0,75.0,91.0,95.0,9.0,1.0,6.0,muy mal,high
REC_002125,USR_0107,2026-04-13,43,166.8,82.6,29.69,4.0,13.5,6.1,3,1.4,5,36.6,119.0,68.0,88.0,89.0,5.0,3.0,5.0,mal,medium
REC_002165,USR_0109,2026-04-13,18,183.1,77.3,23.07,4.0,0.0,5.7,2,0.0,3,37.1,119.0,69.0,99.0,83.0,7.0,1.0,5.0,mal,high
REC_002187,USR_0110,2026-04-13,32,143.6,49.0,23.74,5.0,34.1,7.5,3,5.2,3,36.9,122.0,70.0,62.0,69.0,3.0,4.0,7.0,bien,low
REC_002343,USR_0118,2026-04-13,44,154.4,63.6,26.69,8.0,38.4,8.3,5,32.7,1,36.3,119.0,59.0,118.0,75.0,1.0,8.0,10.0,muy bien,low
REC_002515,USR_0127,2026-04-13,23,162.0,63.2,24.08,12.0,55.2,8.6,3,19.4,1,36.3,116.0,66.0,79.0,52.0,2.0,7.0,7.0,muy bien,low
REC_002543,USR_0128,2026-04-13,31,166.3,63.6,23.01,8.0,73.5,7.4,2,13.9,1,36.7,103.0,68.0,63.0,77.0,1.0,7.0,6.0,muy bien,low
REC_002581,USR_0130,2026-04-13,43,144.9,40.2,19.15,2.0,0.0,5.4,2,8.3,5,36.5,120.0,82.0,82.0,97.0,7.0,1.0,5.0,mal,high
REC_002602,USR_0131,2026-04-13,53,165.2,71.2,26.08,6.0,8.6,6.5,0,0.5,3,36.5,143.0,74.0,66.0,89.0,7.0,1.0,6.0,mal,medium
REC_002908,USR_0146,2026-04-13,58,160.0,67.9,26.53,7.0,41.6,6.7,3,20.0,0,36.8,104.0,90.0,90.0,85.0,3.0,7.0,8.0,muy bien,low
REC_003121,USR_0157,2026-04-13,33,169.6,62.2,21.62,5.0,11.6,4.2,0,1.3,4,36.6,122.0,70.0,93.0,82.0,6.0,2.0,6.0,regular,high
REC_003199,USR_0161,2026-04-13,36,157.9,66.2,26.56,5.0,17.8,5.4,0,5.4,6,36.7,122.0,83.0,99.0,84.0,6.0,3.0,5.0,muy mal,high
REC_003238,USR_0163,2026-04-13,49,158.7,57.7,22.9,10.0,52.2,7.5,3,15.9,1,36.8,138.0,61.0,106.0,80.0,1.0,7.0,8.0,muy bien,low
REC_003336,USR_0168,2026-04-13,49,179.1,117.4,36.6,1.0,18.3,6.2,1,0.0,4,36.4,148.0,67.0,95.0,83.0,5.0,1.0,3.0,muy mal,high
REC_003424,USR_0173,2026-04-13,52,156.9,64.8,26.31,7.0,29.5,8.6,2,23.6,0,36.8,114.0,69.0,93.0,64.0,2.0,6.0,7.0,bien,low
REC_003469,USR_0175,2026-04-13,54,191.2,87.9,24.03,9.0,22.6,8.8,4,0.0,0,37.0,131.0,87.0,99.0,78.0,2.0,7.0,8.0,bien,low
REC_003576,USR_0180,2026-04-13,31,158.5,63.5,25.27,10.0,13.7,7.5,3,13.8,0,36.5,102.0,70.0,98.0,55.0,1.0,6.0,7.0,muy bien,low
REC_003727,USR_0188,2026-04-13,29,163.2,53.5,20.09,6.0,3.1,5.7,0,8.3,5,37.5,133.0,86.0,89.0,100.0,6.0,1.0,6.0,mal,high
REC_003853,USR_0194,2026-04-13,40,174.0,85.8,28.35,10.0,43.7,6.8,4,1.8,1,36.3,124.0,67.0,94.0,66.0,2.0,7.0,7.0,bien,low
REC_003911,USR_0197,2026-04-13,53,162.9,80.7,30.42,5.0,26.7,3.9,2,15.0,5,36.7,116.0,86.0,99.0,81.0,8.0,1.0,4.0,muy mal,high
REC_003955,USR_0199,2026-04-13,22,166.5,77.2,27.85,5.0,48.2,7.3,4,22.2,0,37.0,107.0,71.0,90.0,87.0,2.0,7.0,9.0,muy bien,low
REC_004137,USR_0208,2026-04-13,40,158.7,92.5,36.72,7.0,14.1,7.3,1,3.1,3,36.3,112.0,70.0,85.0,83.0,4.0,5.0,7.0,regular,medium
REC_004157,USR_0209,2026-04-13,30,166.3,51.6,18.67,4.0,2.0,5.3,2,5.2,4,36.7,125.0,79.0,97.0,87.0,7.0,2.0,5.0,regular,high
REC_004199,USR_0211,2026-04-13,64,160.6,74.5,28.88,7.0,71.5,8.9,2,0.0,0,37.1,125.0,77.0,90.0,76.0,2.0,5.0,10.0,bien,low
REC_004427,USR_0222,2026-04-13,62,157.0,77.7,31.53,10.0,43.1,7.4,2,0.0,4,36.7,117.0,82.0,86.0,83.0,4.0,4.0,8.0,regular,low
REC_004737,USR_0238,2026-04-13,40,170.5,88.5,30.43,10.0,34.1,7.0,2,23.3,2,36.2,121.0,84.0,69.0,77.0,3.0,4.0,6.0,bien,low
REC_004872,USR_0244,2026-04-13,31,167.7,70.4,25.03,8.0,35.4,5.8,1,0.0,4,36.3,112.0,74.0,93.0,84.0,5.0,3.0,5.0,regular,medium
REC_000023,USR_0002,2026-04-14,23,179.5,87.8,27.26,3.0,27.2,3.0,3,12.6,10,36.7,121.0,78.0,91.0,87.0,5.0,1.0,4.0,muy mal,high
REC_000103,USR_0006,2026-04-14,45,184.7,81.4,23.85,5.0,14.3,4.5,2,0.0,5,36.1,108.0,61.0,92.0,87.0,6.0,2.0,4.0,mal,medium
REC_000214,USR_0011,2026-04-14,27,164.4,46.3,17.12,1.0,0.0,5.3,0,11.8,6,36.5,135.0,82.0,77.0,135.0,5.0,2.0,4.0,mal,high
REC_000404,USR_0021,2026-04-14,18,158.0,80.2,32.11,7.0,7.0,7.9,3,0.0,4,36.4,113.0,79.0,96.0,81.0,4.0,2.0,10.0,regular,low
REC_000453,USR_0023,2026-04-14,26,182.6,89.1,26.9,12.0,36.6,5.1,2,30.1,4,36.8,124.0,77.0,60.0,86.0,5.0,3.0,5.0,mal,medium
REC_000747,USR_0039,2026-04-14,25,164.7,61.1,22.54,7.0,47.0,7.0,5,6.8,0,36.7,94.0,67.0,96.0,72.0,1.0,6.0,7.0,muy bien,low
REC_000805,USR_0042,2026-04-14,50,149.9,59.2,26.33,4.0,4.3,6.6,1,19.9,5,37.0,116.0,82.0,94.0,89.0,5.0,5.0,6.0,mal,medium
REC_000855,USR_0044,2026-04-14,34,167.9,68.3,24.23,9.0,12.1,7.2,2,18.4,2,36.7,130.0,86.0,92.0,80.0,2.0,6.0,6.0,bien,low
REC_000909,USR_0047,2026-04-14,25,187.4,83.9,23.89,6.0,20.5,6.4,2,4.2,3,36.2,118.0,68.0,103.0,86.0,6.0,2.0,6.0,mal,medium
REC_000944,USR_0049,2026-04-14,45,158.8,88.2,34.99,6.0,18.0,6.7,3,0.0,3,36.5,116.0,87.0,92.0,72.0,3.0,4.0,6.0,bien,medium
REC_001010,USR_0052,2026-04-14,42,178.1,76.5,24.12,9.0,46.5,7.4,3,18.0,0,37.1,122.0,70.0,82.0,78.0,1.0,7.0,5.0,bien,low
REC_001031,USR_0053,2026-04-14,41,177.1,74.2,23.65,9.0,32.4,6.9,1,25.1,2,36.8,123.0,81.0,92.0,92.0,4.0,2.0,6.0,regular,medium
REC_001191,USR_0061,2026-04-14,44,168.5,78.4,27.62,3.0,0.0,3.2,2,0.0,5,36.7,109.0,65.0,90.0,86.0,8.0,1.0,3.0,muy mal,high
REC_001215,USR_0062,2026-04-14,45,154.5,75.0,31.41,2.0,0.0,4.0,1,0.0,6,36.9,133.0,69.0,75.0,112.0,7.0,1.0,5.0,mal,high
REC_001349,USR_0069,2026-04-14,53,175.2,80.4,26.18,5.0,20.2,5.0,1,0.0,4,36.7,112.0,61.0,85.0,80.0,5.0,4.0,6.0,regular,medium
REC_001395,USR_0071,2026-04-14,29,163.4,65.0,24.35,5.0,0.0,6.9,4,5.6,6,37.6,118.0,66.0,74.0,92.0,4.0,4.0,9.0,regular,medium
REC_001513,USR_0077,2026-04-14,27,166.1,68.1,24.67,4.0,40.8,7.6,3,1.2,0,36.7,117.0,59.0,70.0,60.0,1.0,6.0,8.0,muy bien,low
REC_001683,USR_0085,2026-04-14,41,169.2,70.6,24.64,7.0,48.3,8.7,4,14.2,0,36.9,107.0,75.0,116.0,66.0,1.0,4.0,7.0,bien,low
REC_001721,USR_0087,2026-04-14,34,162.7,84.5,31.91,11.0,21.0,10.0,3,12.0,0,36.4,119.0,78.0,88.0,69.0,1.0,7.0,9.0,muy bien,low
REC_001745,USR_0088,2026-04-14,30,162.3,60.6,23.0,7.0,32.3,4.1,1,9.7,5,35.9,110.0,95.0,76.0,84.0,6.0,3.0,3.0,mal,medium
REC_001834,USR_0093,2026-04-14,53,173.3,70.6,23.49,8.0,48.1,7.9,3,15.2,2,36.5,135.0,75.0,82.0,73.0,1.0,7.0,9.0,bien,low
REC_001859,USR_0094,2026-04-14,55,187.2,89.1,25.41,11.0,13.6,7.0,4,29.1,2,36.8,115.0,67.0,94.0,76.0,3.0,4.0,7.0,bien,medium
REC_001905,USR_0097,2026-04-14,23,163.2,52.1,19.55,4.0,0.0,6.5,2,4.1,1,36.6,130.0,80.0,89.0,71.0,5.0,3.0,6.0,regular,medium
REC_002022,USR_0102,2026-04-14,54,171.0,90.6,30.97,5.0,9.1,6.2,3,0.0,2,36.9,129.0,56.0,112.0,81.0,4.0,2.0,7.0,regular,medium
REC_002085,USR_0105,2026-04-14,29,170.0,65.9,22.79,8.0,5.4,5.3,1,0.0,5,37.5,137.0,71.0,98.0,81.0,8.0,1.0,5.0,muy mal,high
REC_002126,USR_0107,2026-04-14,43,166.8,82.5,29.66,1.0,5.1,5.1,2,0.2,5,37.0,122.0,83.0,100.0,81.0,6.0,2.0,6.0,mal,high
REC_002240,USR_0113,2026-04-14,36,165.6,56.2,20.5,9.0,48.2,7.9,3,27.2,0,36.7,118.0,73.0,91.0,76.0,2.0,7.0,7.0,muy bien,low
REC_002262,USR_0114,2026-04-14,53,169.3,76.6,26.71,5.0,12.7,5.7,3,4.6,1,36.2,112.0,72.0,100.0,85.0,4.0,4.0,6.0,regular,medium
REC_002411,USR_0121,2026-04-14,56,161.4,82.8,31.78,10.0,43.2,8.5,5,24.4,1,37.3,117.0,81.0,97.0,82.0,1.0,7.0,6.0,muy bien,low
REC_002431,USR_0122,2026-04-14,25,171.8,68.3,23.13,5.0,12.1,7.3,2,24.2,3,36.1,114.0,77.0,113.0,81.0,3.0,5.0,8.0,bien,medium
REC_002498,USR_0126,2026-04-14,48,177.6,82.3,26.1,4.0,31.3,6.3,3,9.8,7,36.9,121.0,78.0,92.0,95.0,6.0,2.0,5.0,mal,medium
REC_002564,USR_0129,2026-04-14,28,168.8,64.6,22.69,9.0,22.8,7.2,3,24.0,2,36.7,119.0,69.0,99.0,94.0,5.0,4.0,8.0,regular,medium
REC_002663,USR_0134,2026-04-14,55,153.0,51.7,22.09,3.0,44.1,5.9,1,0.0,7,37.1,121.0,82.0,66.0,90.0,6.0,1.0,4.0,muy mal,medium
REC_002782,USR_0140,2026-04-14,29,157.3,66.0,26.68,2.0,9.6,4.5,1,23.8,7,37.2,121.0,75.0,103.0,84.0,5.0,2.0,4.0,mal,high
REC_002821,USR_0142,2026-04-14,19,173.6,76.8,25.49,8.0,26.9,4.8,2,0.0,2,36.5,119.0,76.0,86.0,89.0,4.0,3.0,5.0,regular,medium
REC_002867,USR_0144,2026-04-14,22,157.7,42.2,16.97,8.0,24.1,7.3,3,24.5,2,37.2,127.0,67.0,99.0,86.0,4.0,5.0,9.0,bien,low
REC_002926,USR_0147,2026-04-14,33,163.0,59.5,22.39,11.0,32.2,9.4,4,11.5,0,36.5,126.0,66.0,106.0,83.0,3.0,5.0,8.0,bien,low
REC_002971,USR_0149,2026-04-14,44,145.3,68.5,32.47,4.0,4.4,5.4,3,14.8,5,36.5,134.0,74.0,94.0,91.0,6.0,3.0,5.0,mal,high
REC_003024,USR_0152,2026-04-14,49,178.9,92.2,28.82,4.0,4.9,6.7,1,0.0,2,36.4,116.0,75.0,102.0,85.0,6.0,1.0,7.0,mal,high
REC_003216,USR_0162,2026-04-14,23,183.5,74.3,22.08,9.0,57.6,7.2,2,22.1,2,36.5,137.0,69.0,81.0,81.0,1.0,7.0,9.0,muy bien,low
REC_003273,USR_0165,2026-04-14,50,167.0,79.6,28.53,7.0,21.1,6.6,4,33.4,2,36.9,111.0,80.0,75.0,90.0,4.0,3.0,6.0,regular,medium
REC_003316,USR_0167,2026-04-14,34,154.2,70.3,29.57,8.0,67.2,8.3,3,14.7,2,36.7,120.0,87.0,91.0,96.0,2.0,8.0,8.0,muy bien,low
REC_003373,USR_0170,2026-04-14,53,167.8,96.0,34.09,8.0,24.8,6.7,2,6.0,4,37.2,118.0,71.0,101.0,74.0,4.0,4.0,7.0,mal,medium
REC_003470,USR_0175,2026-04-14,54,191.2,88.0,24.06,10.0,82.9,9.5,4,2.0,0,37.0,114.0,67.0,120.0,67.0,1.0,9.0,8.0,muy bien,low
REC_003486,USR_0176,2026-04-14,21,188.0,107.4,30.4,2.0,0.0,6.9,1,4.2,5,36.8,124.0,82.0,115.0,94.0,6.0,2.0,4.0,regular,medium
REC_003577,USR_0180,2026-04-14,31,158.5,63.6,25.32,10.0,59.9,7.7,4,20.4,0,37.1,118.0,76.0,114.0,58.0,2.0,8.0,9.0,muy bien,low
REC_003708,USR_0187,2026-04-14,32,163.7,77.4,28.88,9.0,58.8,6.8,3,7.8,0,37.0,122.0,80.0,76.0,91.0,3.0,8.0,7.0,bien,low
REC_003791,USR_0191,2026-04-14,49,159.4,71.1,27.97,6.0,56.3,8.9,2,12.9,0,36.8,116.0,79.0,96.0,76.0,2.0,8.0,10.0,muy bien,low
REC_003811,USR_0192,2026-04-14,34,158.4,87.6,34.9,2.0,18.3,4.8,0,0.0,4,36.8,107.0,80.0,91.0,84.0,6.0,1.0,5.0,mal,high
REC_003832,USR_0193,2026-04-14,35,170.0,93.5,32.35,5.0,30.6,4.8,0,27.3,5,37.0,107.0,71.0,92.0,74.0,6.0,2.0,5.0,mal,high
REC_003854,USR_0194,2026-04-14,40,174.0,85.9,28.37,9.0,61.1,7.4,2,18.3,2,36.7,123.0,62.0,80.0,81.0,2.0,7.0,7.0,bien,low
REC_003892,USR_0196,2026-04-14,30,164.1,48.6,18.03,4.0,9.4,6.9,0,0.0,6,36.6,116.0,72.0,89.0,83.0,8.0,2.0,5.0,mal,high
REC_003999,USR_0201,2026-04-14,41,166.5,70.1,25.3,8.0,40.8,6.7,4,0.0,1,36.5,109.0,77.0,82.0,144.0,2.0,4.0,8.0,muy bien,medium
REC_004267,USR_0214,2026-04-14,38,162.4,62.3,23.64,10.0,47.5,7.9,3,10.5,0,36.2,107.0,77.0,56.0,75.0,1.0,6.0,10.0,bien,low
REC_004373,USR_0219,2026-04-14,18,176.3,52.7,16.96,4.0,31.8,6.9,2,4.2,2,36.9,128.0,68.0,92.0,71.0,3.0,3.0,5.0,regular,medium
REC_004428,USR_0222,2026-04-14,62,157.0,77.8,31.56,3.0,52.9,7.3,2,22.2,4,36.8,151.0,59.0,90.0,80.0,3.0,3.0,6.0,regular,medium
REC_004472,USR_0224,2026-04-14,49,159.6,62.3,24.46,9.0,47.9,8.4,3,9.9,1,36.8,127.0,58.0,83.0,62.0,2.0,7.0,9.0,muy bien,low
REC_004526,USR_0227,2026-04-14,42,165.3,57.2,20.93,5.0,0.0,6.5,1,0.0,7,36.2,123.0,89.0,79.0,90.0,5.0,4.0,6.0,regular,medium
REC_004545,USR_0228,2026-04-14,38,181.6,83.1,25.19,9.0,60.1,7.9,4,12.7,1,37.1,118.0,70.0,91.0,48.0,2.0,6.0,6.0,regular,low
REC_004564,USR_0229,2026-04-14,41,170.1,95.1,32.86,5.0,35.7,7.5,3,2.7,3,36.8,121.0,68.0,109.0,84.0,4.0,5.0,9.0,bien,low
REC_004790,USR_0240,2026-04-14,19,151.8,82.3,35.7,2.0,27.6,4.0,2,0.5,2,36.3,105.0,77.0,110.0,85.0,5.0,3.0,4.0,mal,medium
REC_004828,USR_0242,2026-04-14,18,147.8,40.0,18.33,1.0,17.0,6.5,2,15.5,6,37.1,117.0,79.0,96.0,83.0,3.0,4.0,6.0,regular,medium
REC_004890,USR_0245,2026-04-14,35,168.5,50.0,17.63,8.0,3.5,6.0,3,16.9,8,36.7,99.0,79.0,84.0,102.0,5.0,3.0,7.0,mal,medium
REC_004916,USR_0246,2026-04-14,24,174.0,57.4,18.95,5.0,34.2,5.7,4,22.1,4,37.1,128.0,72.0,75.0,82.0,4.0,4.0,6.0,regular,medium
REC_000068,USR_0004,2026-04-15,18,169.8,76.6,26.55,5.0,4.1,7.2,0,10.3,5,36.8,118.0,73.0,106.0,91.0,3.0,4.0,5.0,mal,high
REC_000147,USR_0008,2026-04-15,32,161.4,103.5,39.72,3.0,1.2,6.7,3,29.8,2,36.8,120.0,76.0,119.0,76.0,6.0,4.0,6.0,regular,medium
REC_000291,USR_0015,2026-04-15,27,168.2,78.2,27.63,9.0,32.1,8.7,3,15.9,0,36.3,101.0,65.0,103.0,82.0,1.0,7.0,9.0,muy bien,low
REC_000405,USR_0021,2026-04-15,18,158.0,80.1,32.09,4.0,0.0,4.4,2,10.5,8,36.4,105.0,78.0,96.0,89.0,5.0,1.0,4.0,muy mal,high
REC_000454,USR_0023,2026-04-15,26,182.6,89.8,26.93,7.0,0.0,6.3,4,0.0,4,36.6,127.0,86.0,90.0,94.0,6.0,2.0,6.0,mal,medium
REC_000536,USR_0027,2026-04-15,57,164.1,74.0,27.47,7.0,25.7,6.5,2,13.1,0,36.9,123.0,77.0,87.0,69.0,3.0,4.0,6.0,mal,medium
REC_000582,USR_0029,2026-04-15,49,153.3,47.4,20.16,4.0,0.8,8.5,4,14.5,0,36.6,124.0,65.0,114.0,81.0,2.0,5.0,8.0,bien,low
REC_000684,USR_0035,2026-04-15,18,170.8,66.8,22.91,0.0,31.2,6.0,1,3.2,5,36.8,130.0,77.0,100.0,102.0,4.0,3.0,7.0,regular,medium
REC_000827,USR_0043,2026-04-15,18,151.0,48.8,21.42,10.0,46.1,8.8,3,27.7,0,36.7,118.0,76.0,75.0,72.0,2.0,5.0,8.0,bien,low
REC_001171,USR_0060,2026-04-15,52,174.4,54.5,17.91,7.0,0.0,6.4,3,8.2,6,36.8,120.0,72.0,79.0,81.0,3.0,4.0,4.0,regular,medium
REC_001266,USR_0065,2026-04-15,50,168.7,59.6,20.93,11.0,21.9,8.2,2,19.8,2,36.8,99.0,78.0,90.0,61.0,2.0,6.0,8.0,muy bien,low
REC_001577,USR_0080,2026-04-15,20,165.5,71.3,26.03,2.0,0.0,6.0,2,17.7,6,37.0,92.0,70.0,89.0,88.0,5.0,3.0,8.0,mal,medium
REC_001661,USR_0084,2026-04-15,44,158.0,53.9,21.61,11.0,45.8,7.1,5,14.7,1,36.3,104.0,71.0,80.0,63.0,1.0,7.0,8.0,bien,low
REC_001835,USR_0093,2026-04-15,53,173.3,70.7,23.54,8.0,40.3,7.1,3,11.4,0,36.7,122.0,85.0,95.0,60.0,2.0,7.0,9.0,muy bien,low
REC_001956,USR_0099,2026-04-15,36,171.7,62.4,21.17,5.0,35.2,6.9,1,28.9,2,37.1,106.0,75.0,95.0,75.0,2.0,5.0,7.0,regular,low
REC_002023,USR_0102,2026-04-15,54,171.0,90.8,31.05,6.0,22.2,6.9,2,2.5,2,36.9,120.0,83.0,105.0,73.0,3.0,5.0,8.0,bien,low
REC_002039,USR_0103,2026-04-15,42,167.4,71.2,25.41,4.0,42.2,6.5,0,0.9,3,36.6,134.0,73.0,70.0,81.0,5.0,3.0,5.0,muy mal,medium
REC_002106,USR_0106,2026-04-15,18,163.3,58.3,21.87,6.0,4.9,6.6,2,6.0,7,37.9,130.0,79.0,83.0,95.0,5.0,3.0,6.0,mal,medium
REC_002127,USR_0107,2026-04-15,43,166.8,82.6,29.68,6.0,0.0,7.1,3,0.0,6,37.1,106.0,72.0,98.0,81.0,5.0,3.0,8.0,mal,medium
REC_002263,USR_0114,2026-04-15,53,169.3,76.8,26.81,8.0,59.0,7.3,2,25.9,3,36.7,112.0,75.0,102.0,70.0,2.0,4.0,7.0,bien,low
REC_002369,USR_0119,2026-04-15,26,177.6,75.4,24.04,2.0,0.0,5.0,0,0.0,6,36.7,137.0,88.0,84.0,91.0,7.0,2.0,6.0,mal,high
REC_002391,USR_0120,2026-04-15,18,164.7,46.7,17.2,8.0,29.4,6.1,2,0.0,2,36.5,122.0,82.0,87.0,83.0,5.0,4.0,6.0,regular,medium
REC_002499,USR_0126,2026-04-15,48,177.6,82.2,26.07,4.0,34.1,6.6,3,9.3,7,36.9,107.0,81.0,97.0,87.0,7.0,2.0,7.0,mal,medium
REC_002565,USR_0129,2026-04-15,28,168.8,64.6,22.67,4.0,46.1,5.9,4,23.7,2,36.9,121.0,74.0,71.0,89.0,4.0,4.0,4.0,regular,medium
REC_002687,USR_0135,2026-04-15,60,162.5,87.4,33.08,3.0,6.1,5.4,0,23.2,1,36.6,120.0,77.0,115.0,70.0,6.0,1.0,5.0,mal,high
REC_002721,USR_0137,2026-04-15,36,173.1,67.0,22.36,6.0,13.8,6.9,3,9.1,2,36.7,119.0,76.0,81.0,77.0,6.0,4.0,6.0,mal,medium
REC_003072,USR_0154,2026-04-15,45,180.2,90.4,27.83,8.0,44.2,6.5,2,18.9,0,36.6,129.0,58.0,79.0,72.0,1.0,4.0,8.0,regular,low
REC_003177,USR_0160,2026-04-15,74,166.8,73.2,26.3,7.0,10.7,5.4,2,0.0,2,36.7,134.0,63.0,97.0,90.0,5.0,2.0,4.0,regular,medium
REC_003217,USR_0162,2026-04-15,23,183.5,74.6,22.16,6.0,21.0,8.6,4,8.4,0,37.1,108.0,67.0,79.0,82.0,2.0,7.0,10.0,regular,medium
REC_003274,USR_0165,2026-04-15,50,167.0,79.6,28.54,2.0,31.2,5.4,3,0.0,4,36.9,137.0,84.0,100.0,75.0,5.0,6.0,8.0,regular,medium
REC_003385,USR_0171,2026-04-15,70,149.8,58.5,26.05,6.0,59.1,6.9,1,11.2,2,36.6,125.0,81.0,90.0,86.0,4.0,5.0,6.0,bien,low
REC_003404,USR_0172,2026-04-15,40,173.9,91.9,30.38,6.0,0.0,6.4,2,0.0,5,36.4,129.0,85.0,130.0,81.0,7.0,1.0,4.0,muy mal,high
REC_003535,USR_0178,2026-04-15,41,163.8,100.1,37.29,9.0,0.0,5.3,1,0.0,2,37.2,120.0,70.0,103.0,74.0,5.0,4.0,7.0,mal,medium
REC_003669,USR_0185,2026-04-15,58,174.0,76.6,25.32,4.0,46.8,4.8,1,10.3,4,36.3,134.0,62.0,103.0,81.0,7.0,2.0,6.0,mal,medium
REC_003751,USR_0189,2026-04-15,53,185.5,134.0,38.94,5.0,0.0,4.9,1,7.7,7,36.0,123.0,72.0,126.0,92.0,9.0,1.0,3.0,muy mal,high
REC_003767,USR_0190,2026-04-15,71,152.1,48.6,21.02,7.0,15.7,5.0,2,0.0,3,37.4,126.0,73.0,99.0,93.0,4.0,2.0,4.0,mal,medium
REC_003833,USR_0193,2026-04-15,35,170.0,93.5,32.34,7.0,44.7,5.8,0,0.0,6,36.9,118.0,73.0,107.0,79.0,6.0,2.0,6.0,mal,medium
REC_003875,USR_0195,2026-04-15,52,171.9,81.9,27.71,7.0,35.3,6.7,3,25.0,1,37.0,132.0,81.0,83.0,77.0,3.0,4.0,6.0,bien,low
REC_003976,USR_0200,2026-04-15,28,154.0,60.0,25.29,7.0,12.4,6.2,3,0.0,4,36.8,111.0,69.0,81.0,75.0,5.0,2.0,6.0,mal,medium
REC_004182,USR_0210,2026-04-15,39,159.0,85.3,33.76,6.0,63.2,6.8,1,0.0,2,37.1,118.0,72.0,89.0,72.0,3.0,4.0,4.0,regular,low
REC_004239,USR_0213,2026-04-15,31,142.0,43.8,21.71,7.0,39.0,7.6,1,14.0,4,37.2,120.0,71.0,63.0,95.0,4.0,5.0,7.0,regular,medium
REC_004268,USR_0214,2026-04-15,38,162.4,62.2,23.59,9.0,94.8,7.0,3,2.7,0,36.9,101.0,66.0,83.0,81.0,1.0,7.0,7.0,bien,low
REC_004313,USR_0216,2026-04-15,40,159.2,81.2,32.04,5.0,4.2,4.9,0,0.0,4,36.5,107.0,74.0,78.0,85.0,7.0,2.0,5.0,muy mal,high
REC_004408,USR_0221,2026-04-15,41,186.2,86.1,24.83,11.0,50.5,6.8,3,0.0,2,36.5,119.0,79.0,117.0,85.0,2.0,7.0,8.0,bien,low
REC_004429,USR_0222,2026-04-15,62,157.0,77.6,31.47,7.0,20.4,6.6,4,0.0,4,36.7,138.0,75.0,97.0,81.0,4.0,4.0,7.0,regular,medium
REC_004449,USR_0223,2026-04-15,36,158.4,76.0,30.3,0.0,3.7,4.5,1,5.0,4,36.7,140.0,71.0,78.0,93.0,7.0,1.0,4.0,muy mal,high
REC_004473,USR_0224,2026-04-15,49,159.6,62.4,24.49,10.0,34.9,8.5,3,30.9,2,36.3,122.0,68.0,109.0,71.0,1.0,4.0,8.0,bien,low
REC_004490,USR_0225,2026-04-15,48,174.1,69.9,23.06,4.0,0.0,5.3,1,4.2,6,36.8,138.0,82.0,86.0,97.0,5.0,3.0,6.0,mal,high
REC_004510,USR_0226,2026-04-15,50,166.7,123.2,44.32,0.0,2.6,5.2,2,35.8,1,36.6,126.0,82.0,119.0,89.0,3.0,2.0,6.0,regular,medium
REC_004645,USR_0233,2026-04-15,36,167.5,72.2,25.72,3.0,19.9,5.4,3,23.9,7,36.5,119.0,75.0,54.0,94.0,7.0,2.0,7.0,mal,medium
REC_004808,USR_0241,2026-04-15,30,172.4,102.6,34.53,7.0,0.0,5.4,0,3.8,5,37.5,124.0,71.0,109.0,94.0,7.0,1.0,5.0,muy mal,high
REC_004829,USR_0242,2026-04-15,18,147.8,40.2,18.42,4.0,1.0,6.3,1,0.0,5,36.7,131.0,80.0,83.0,89.0,5.0,3.0,5.0,regular,high
REC_004850,USR_0243,2026-04-15,18,158.0,42.3,16.96,7.0,44.8,9.2,4,10.1,1,37.0,124.0,69.0,57.0,65.0,1.0,7.0,10.0,muy bien,low
REC_004873,USR_0244,2026-04-15,31,167.7,70.8,25.18,3.0,15.9,6.8,0,0.0,3,36.2,106.0,77.0,101.0,84.0,4.0,3.0,5.0,mal,high
REC_004917,USR_0246,2026-04-15,24,174.0,57.5,18.98,9.0,70.6,6.1,1,8.5,2,36.2,110.0,74.0,84.0,81.0,3.0,5.0,5.0,regular,medium
REC_004971,USR_0249,2026-04-15,23,173.3,51.2,17.05,8.0,70.4,8.1,1,3.9,0,36.9,105.0,59.0,77.0,74.0,1.0,7.0,9.0,bien,low
REC_000049,USR_0003,2026-04-16,18,157.0,88.8,36.04,9.0,37.6,8.7,4,14.5,3,36.1,101.0,81.0,73.0,75.0,2.0,5.0,5.0,regular,medium
REC_000250,USR_0013,2026-04-16,18,171.6,82.4,27.99,5.0,37.5,8.2,2,5.1,3,36.5,117.0,81.0,78.0,84.0,4.0,4.0,5.0,mal,medium
REC_000292,USR_0015,2026-04-16,27,168.2,78.3,27.67,11.0,60.8,9.4,3,15.5,1,36.4,109.0,73.0,110.0,85.0,1.0,8.0,10.0,muy bien,low
REC_000354,USR_0018,2026-04-16,27,169.5,74.5,25.93,4.0,18.8,5.7,0,0.0,2,36.4,117.0,82.0,81.0,83.0,5.0,3.0,4.0,regular,medium
REC_000372,USR_0019,2026-04-16,37,158.9,75.6,29.93,6.0,0.0,5.6,0,0.0,4,36.9,123.0,77.0,97.0,88.0,6.0,1.0,4.0,muy mal,high
REC_000406,USR_0021,2026-04-16,18,158.0,80.2,32.11,3.0,33.7,4.9,1,13.9,7,37.3,118.0,82.0,91.0,86.0,4.0,3.0,5.0,mal,high
REC_000560,USR_0028,2026-04-16,55,153.2,71.5,30.48,9.0,38.1,5.2,0,11.0,2,36.6,106.0,72.0,124.0,77.0,3.0,5.0,5.0,bien,medium
REC_000605,USR_0030,2026-04-16,25,161.0,72.0,27.78,10.0,50.8,8.0,3,36.5,5,36.7,116.0,69.0,98.0,76.0,1.0,4.0,8.0,bien,low
REC_000644,USR_0032,2026-04-16,42,174.4,90.4,29.71,8.0,50.6,6.6,2,20.6,0,36.5,94.0,76.0,86.0,77.0,2.0,6.0,6.0,regular,low
REC_000697,USR_0036,2026-04-16,24,168.8,83.8,29.42,5.0,29.8,6.7,3,9.5,5,36.0,125.0,75.0,91.0,93.0,5.0,2.0,6.0,mal,medium
REC_001091,USR_0056,2026-04-16,60,165.5,53.3,19.45,8.0,18.0,6.0,0,6.3,1,36.4,102.0,77.0,92.0,92.0,4.0,4.0,7.0,bien,medium
REC_001267,USR_0065,2026-04-16,50,168.7,59.6,20.94,13.0,70.2,8.9,1,29.2,0,36.4,121.0,78.0,68.0,55.0,1.0,7.0,7.0,bien,low
REC_001372,USR_0070,2026-04-16,44,156.1,56.9,23.37,7.0,41.8,7.9,3,13.5,2,37.0,111.0,80.0,76.0,71.0,5.0,4.0,8.0,bien,low
REC_001413,USR_0072,2026-04-16,18,189.5,117.1,32.62,6.0,26.8,4.9,2,10.8,2,36.4,116.0,74.0,88.0,80.0,5.0,4.0,6.0,regular,medium
REC_001473,USR_0075,2026-04-16,21,161.6,43.6,16.7,8.0,2.5,5.1,2,12.2,3,36.8,114.0,72.0,81.0,93.0,4.0,2.0,5.0,muy mal,high
REC_001514,USR_0077,2026-04-16,27,166.1,67.9,24.61,7.0,44.7,7.6,2,30.6,0,36.8,120.0,65.0,101.0,65.0,1.0,8.0,6.0,muy bien,low
REC_001537,USR_0078,2026-04-16,40,148.8,54.1,24.44,3.0,0.0,4.7,3,10.3,6,36.7,120.0,71.0,93.0,90.0,8.0,1.0,5.0,mal,high
REC_001636,USR_0083,2026-04-16,54,169.8,76.6,26.56,9.0,0.0,6.3,3,11.3,7,36.2,132.0,86.0,98.0,81.0,7.0,2.0,7.0,regular,medium
REC_001759,USR_0089,2026-04-16,18,158.6,89.8,35.7,5.0,62.0,7.7,4,10.9,1,36.6,115.0,81.0,124.0,73.0,3.0,7.0,8.0,bien,low
REC_001801,USR_0091,2026-04-16,44,178.1,104.6,32.99,10.0,60.0,7.7,4,25.3,0,36.7,141.0,83.0,75.0,71.0,1.0,7.0,7.0,bien,low
REC_001889,USR_0096,2026-04-16,50,153.1,50.0,21.32,7.0,49.1,6.0,3,21.0,1,35.9,108.0,77.0,81.0,99.0,5.0,5.0,8.0,regular,low
REC_001906,USR_0097,2026-04-16,23,163.2,52.1,19.56,4.0,23.8,5.8,2,7.5,3,36.3,122.0,74.0,118.0,77.0,6.0,1.0,7.0,mal,medium
REC_001997,USR_0101,2026-04-16,20,147.8,45.5,20.85,3.0,0.0,4.1,2,4.8,5,36.9,125.0,77.0,67.0,101.0,8.0,1.0,3.0,mal,high
REC_002024,USR_0102,2026-04-16,54,171.0,90.5,30.96,6.0,2.8,6.7,1,16.8,3,36.3,120.0,72.0,108.0,81.0,4.0,4.0,6.0,regular,medium
REC_002203,USR_0111,2026-04-16,47,170.9,88.7,30.38,7.0,23.9,6.6,1,0.0,4,37.1,131.0,72.0,91.0,89.0,6.0,4.0,6.0,mal,medium
REC_002241,USR_0113,2026-04-16,36,165.6,56.2,20.51,7.0,44.2,5.8,3,0.9,0,36.6,114.0,79.0,97.0,72.0,3.0,7.0,7.0,bien,low
REC_002264,USR_0114,2026-04-16,53,169.3,76.5,26.7,8.0,17.2,4.5,3,0.0,2,37.0,109.0,69.0,100.0,99.0,2.0,5.0,5.0,regular,medium
REC_002344,USR_0118,2026-04-16,44,154.4,63.7,26.71,8.0,69.0,8.2,3,27.8,1,36.5,116.0,70.0,69.0,88.0,2.0,9.0,9.0,muy bien,low
REC_002478,USR_0125,2026-04-16,29,176.4,74.5,23.95,5.0,47.9,6.7,3,24.2,2,36.8,116.0,76.0,95.0,80.0,3.0,8.0,8.0,muy bien,low
REC_002566,USR_0129,2026-04-16,28,168.8,64.4,22.59,6.0,49.4,7.5,0,0.0,2,37.0,131.0,77.0,98.0,76.0,2.0,6.0,8.0,bien,low
REC_002582,USR_0130,2026-04-16,43,144.9,40.0,19.07,0.0,51.2,4.1,2,0.0,3,35.9,115.0,77.0,85.0,84.0,6.0,2.0,4.0,mal,medium
REC_002737,USR_0138,2026-04-16,57,151.4,43.8,19.11,8.0,87.3,8.3,2,19.8,2,36.4,120.0,69.0,102.0,78.0,1.0,9.0,9.0,muy bien,low
REC_002798,USR_0141,2026-04-16,40,188.9,124.1,34.77,7.0,13.3,6.8,1,0.0,3,36.2,113.0,80.0,111.0,93.0,5.0,2.0,6.0,regular,medium
REC_002868,USR_0144,2026-04-16,22,157.7,42.0,16.9,5.0,28.3,6.0,3,0.0,2,36.8,110.0,73.0,68.0,86.0,4.0,3.0,5.0,mal,medium
REC_003005,USR_0151,2026-04-16,26,164.4,46.0,17.02,10.0,49.7,7.1,0,25.3,0,36.5,103.0,68.0,79.0,65.0,3.0,5.0,5.0,regular,medium
REC_003200,USR_0161,2026-04-16,36,157.9,66.4,26.63,5.0,17.8,4.8,0,0.3,4,36.7,142.0,73.0,92.0,94.0,6.0,1.0,4.0,mal,high
REC_003239,USR_0163,2026-04-16,49,158.7,57.5,22.83,9.0,74.9,7.2,3,27.5,1,36.5,108.0,73.0,80.0,74.0,2.0,8.0,8.0,muy bien,low
REC_003275,USR_0165,2026-04-16,50,167.0,79.6,28.55,4.0,15.5,4.9,1,10.7,4,36.7,121.0,63.0,99.0,87.0,4.0,5.0,6.0,bien,medium
REC_003386,USR_0171,2026-04-16,70,149.8,58.4,26.02,6.0,33.1,7.6,4,1.3,1,37.1,127.0,83.0,97.0,85.0,3.0,5.0,6.0,regular,low
REC_003512,USR_0177,2026-04-16,18,171.9,92.0,31.12,6.0,2.1,3.2,3,0.0,5,37.3,135.0,78.0,77.0,88.0,8.0,1.0,3.0,muy mal,high
REC_003536,USR_0178,2026-04-16,41,163.8,100.1,37.29,3.0,13.3,6.4,0,0.0,3,36.7,102.0,75.0,99.0,77.0,5.0,3.0,5.0,mal,high
REC_003554,USR_0179,2026-04-16,24,140.0,40.0,20.41,6.0,27.5,5.5,3,0.0,4,37.0,121.0,74.0,75.0,79.0,4.0,4.0,5.0,regular,medium
REC_003615,USR_0182,2026-04-16,53,170.7,74.1,25.42,6.0,20.6,5.8,2,0.0,3,36.4,120.0,77.0,94.0,75.0,7.0,2.0,7.0,mal,medium
REC_003812,USR_0192,2026-04-16,34,158.4,87.5,34.87,2.0,20.7,4.2,1,0.0,4,36.6,131.0,83.0,97.0,92.0,4.0,1.0,6.0,mal,high
REC_003855,USR_0194,2026-04-16,40,174.0,85.7,28.29,7.0,39.3,7.9,3,16.4,2,37.3,111.0,74.0,74.0,65.0,1.0,6.0,7.0,bien,low
REC_003876,USR_0195,2026-04-16,52,171.9,82.0,27.69,9.0,44.1,7.0,3,0.0,0,36.7,126.0,78.0,84.0,67.0,2.0,6.0,9.0,bien,low
REC_003930,USR_0198,2026-04-16,29,180.5,68.9,21.16,10.0,54.1,7.5,3,12.2,0,36.2,110.0,82.0,91.0,113.0,2.0,6.0,8.0,muy bien,medium
REC_004020,USR_0202,2026-04-16,32,152.2,45.6,19.69,4.0,0.0,6.5,0,9.3,5,36.7,133.0,79.0,79.0,88.0,6.0,2.0,5.0,mal,high
REC_004240,USR_0213,2026-04-16,31,142.0,43.9,21.77,9.0,6.2,6.9,2,0.0,4,36.9,116.0,70.0,90.0,79.0,4.0,6.0,5.0,regular,medium
REC_004269,USR_0214,2026-04-16,38,162.4,62.2,23.57,10.0,15.2,5.7,1,10.6,2,36.7,100.0,73.0,96.0,81.0,2.0,7.0,7.0,muy bien,medium
REC_004291,USR_0215,2026-04-16,23,180.8,78.8,24.11,6.0,14.1,5.9,0,0.0,6,36.5,152.0,73.0,102.0,96.0,6.0,4.0,8.0,regular,medium
REC_004474,USR_0224,2026-04-16,49,159.6,62.7,24.63,8.0,14.1,8.5,3,22.2,0,36.7,118.0,77.0,93.0,79.0,2.0,5.0,8.0,bien,medium
REC_004491,USR_0225,2026-04-16,48,174.1,70.4,23.24,7.0,0.0,6.0,5,0.0,7,37.5,120.0,77.0,92.0,87.0,7.0,3.0,5.0,regular,medium
REC_004511,USR_0226,2026-04-16,50,166.7,122.9,44.21,9.0,7.3,5.0,2,12.8,3,36.9,110.0,76.0,73.0,80.0,4.0,4.0,8.0,bien,medium
REC_004762,USR_0239,2026-04-16,47,180.3,95.4,29.36,7.0,54.9,9.7,5,12.3,0,37.0,117.0,66.0,104.0,80.0,1.0,7.0,9.0,muy bien,low
REC_004987,USR_0250,2026-04-16,26,149.2,45.5,20.43,3.0,0.0,5.6,2,6.8,4,36.9,104.0,70.0,96.0,86.0,8.0,1.0,4.0,muy mal,high
REC_000334,USR_0017,2026-04-17,32,169.5,65.6,22.82,2.0,9.4,7.8,1,2.5,6,37.1,119.0,89.0,64.0,90.0,8.0,1.0,5.0,muy mal,high
REC_000388,USR_0020,2026-04-17,39,163.1,73.4,27.6,3.0,21.3,7.3,3,18.4,3,36.7,106.0,67.0,94.0,75.0,3.0,7.0,7.0,bien,medium
REC_000407,USR_0021,2026-04-17,18,158.0,80.4,32.19,1.0,0.4,5.5,4,4.3,7,36.9,117.0,71.0,106.0,92.0,4.0,3.0,5.0,regular,medium
REC_000455,USR_0023,2026-04-17,26,182.6,89.5,26.85,9.0,0.6,6.4,2,7.5,6,37.1,127.0,86.0,68.0,85.0,7.0,1.0,4.0,muy mal,high
REC_000500,USR_0025,2026-04-17,51,175.8,66.8,21.62,8.0,1.5,5.3,4,4.3,7,36.9,122.0,68.0,90.0,94.0,5.0,3.0,7.0,mal,medium
REC_000515,USR_0026,2026-04-17,37,157.3,47.4,19.15,5.0,2.0,4.1,2,5.7,8,36.3,120.0,87.0,68.0,88.0,6.0,3.0,6.0,muy mal,high
REC_000645,USR_0032,2026-04-17,42,174.4,90.4,29.73,5.0,78.0,8.0,3,10.8,0,37.0,131.0,71.0,63.0,70.0,1.0,5.0,7.0,muy bien,low
REC_000789,USR_0041,2026-04-17,43,159.4,68.6,26.98,10.0,33.2,9.1,5,7.9,0,36.9,120.0,68.0,84.0,65.0,3.0,7.0,10.0,bien,low
REC_000910,USR_0047,2026-04-17,25,187.4,83.7,23.83,6.0,45.5,4.7,2,0.0,5,36.4,133.0,78.0,74.0,79.0,5.0,2.0,4.0,mal,medium
REC_000945,USR_0049,2026-04-17,45,158.8,88.2,34.97,4.0,1.1,6.8,2,2.1,5,37.1,107.0,79.0,96.0,89.0,4.0,4.0,7.0,regular,medium
REC_001133,USR_0058,2026-04-17,18,150.2,45.5,20.17,4.0,6.0,8.6,2,0.0,1,37.2,129.0,81.0,77.0,78.0,3.0,4.0,7.0,regular,medium
REC_001268,USR_0065,2026-04-17,50,168.7,59.6,20.94,7.0,60.1,8.6,4,0.0,1,36.7,126.0,81.0,96.0,80.0,2.0,8.0,9.0,bien,low
REC_001325,USR_0068,2026-04-17,27,173.0,81.2,27.13,7.0,36.2,4.8,1,0.0,5,36.6,124.0,76.0,84.0,87.0,7.0,1.0,6.0,mal,medium
REC_001474,USR_0075,2026-04-17,21,161.6,43.7,16.72,8.0,0.0,6.3,2,11.0,1,36.9,113.0,87.0,96.0,84.0,10.0,3.0,7.0,regular,medium
REC_001498,USR_0076,2026-04-17,21,168.4,90.7,31.97,5.0,9.1,7.0,4,13.4,6,36.1,133.0,63.0,91.0,87.0,4.0,2.0,6.0,regular,medium
REC_001578,USR_0080,2026-04-17,20,165.5,71.6,26.14,5.0,5.4,6.6,2,8.3,5,36.5,136.0,75.0,92.0,100.0,6.0,1.0,4.0,mal,high
REC_001746,USR_0088,2026-04-17,30,162.3,60.6,23.0,6.0,0.8,4.7,1,1.0,6,36.8,114.0,77.0,84.0,95.0,4.0,3.0,5.0,mal,high
REC_001890,USR_0096,2026-04-17,50,153.1,50.3,21.46,7.0,12.0,6.4,3,9.1,3,36.2,115.0,84.0,112.0,73.0,5.0,5.0,7.0,regular,medium
REC_001928,USR_0098,2026-04-17,18,159.2,71.1,28.06,9.0,41.4,7.3,2,13.8,2,36.0,109.0,61.0,78.0,82.0,4.0,7.0,8.0,muy bien,low
REC_002145,USR_0108,2026-04-17,36,165.3,108.5,39.71,7.0,49.1,7.4,3,22.4,0,36.1,102.0,69.0,91.0,85.0,2.0,7.0,7.0,muy bien,low
REC_002204,USR_0111,2026-04-17,47,170.9,88.9,30.42,10.0,31.4,5.4,4,15.0,2,36.7,130.0,76.0,59.0,76.0,4.0,3.0,6.0,regular,medium
REC_002220,USR_0112,2026-04-17,42,166.2,80.4,29.16,4.0,37.9,6.3,1,0.0,2,36.6,132.0,79.0,102.0,92.0,4.0,4.0,6.0,bien,medium
REC_002242,USR_0113,2026-04-17,36,165.6,56.1,20.45,6.0,56.1,6.2,3,14.4,0,37.0,127.0,72.0,76.0,76.0,2.0,5.0,7.0,bien,low
REC_002326,USR_0117,2026-04-17,46,184.7,88.8,26.03,8.0,59.1,8.8,3,10.4,0,36.8,107.0,74.0,105.0,77.0,1.0,6.0,8.0,muy bien,low
REC_002345,USR_0118,2026-04-17,44,154.4,63.6,26.66,7.0,55.8,6.5,3,24.6,2,37.3,116.0,65.0,83.0,70.0,3.0,6.0,6.0,bien,low
REC_002392,USR_0120,2026-04-17,18,164.7,47.2,17.38,8.0,28.7,5.9,3,8.4,3,36.6,128.0,78.0,77.0,94.0,6.0,4.0,7.0,mal,medium
REC_002500,USR_0126,2026-04-17,48,177.6,82.1,26.03,4.0,0.0,6.3,0,0.0,5,37.3,111.0,74.0,88.0,102.0,6.0,1.0,4.0,muy mal,high
REC_002603,USR_0131,2026-04-17,53,165.2,71.0,26.03,2.0,1.6,5.1,2,9.5,5,36.4,121.0,75.0,109.0,83.0,6.0,1.0,4.0,muy mal,high
REC_002664,USR_0134,2026-04-17,55,153.0,52.0,22.07,2.0,21.2,5.5,2,3.5,5,36.9,137.0,75.0,91.0,61.0,6.0,2.0,6.0,mal,medium
REC_002927,USR_0147,2026-04-17,33,163.0,59.5,22.38,8.0,49.6,9.6,4,3.1,0,35.8,110.0,61.0,83.0,78.0,3.0,6.0,8.0,bien,low
REC_002987,USR_0150,2026-04-17,37,172.4,50.2,16.91,7.0,35.1,7.5,3,24.3,2,36.8,110.0,66.0,75.0,80.0,3.0,6.0,7.0,bien,low
REC_003025,USR_0152,2026-04-17,49,178.9,92.0,28.74,6.0,0.0,6.2,2,0.0,5,37.0,112.0,74.0,108.0,75.0,6.0,1.0,4.0,muy mal,high
REC_003122,USR_0157,2026-04-17,33,169.6,62.2,21.63,5.0,0.0,4.3,0,3.0,5,36.6,120.0,81.0,94.0,86.0,7.0,1.0,6.0,mal,high
REC_003136,USR_0158,2026-04-17,34,167.3,70.8,25.28,3.0,5.5,5.5,1,11.7,5,37.0,125.0,70.0,97.0,95.0,5.0,4.0,5.0,regular,low
REC_003178,USR_0160,2026-04-17,74,166.8,73.3,26.36,6.0,0.0,5.3,0,1.7,3,35.9,136.0,72.0,90.0,75.0,5.0,3.0,7.0,bien,medium
REC_003709,USR_0187,2026-04-17,32,163.7,77.5,28.92,13.0,70.7,7.0,1,7.3,0,36.8,109.0,76.0,84.0,71.0,2.0,5.0,8.0,bien,low
REC_003792,USR_0191,2026-04-17,49,159.4,70.9,27.9,12.0,10.3,6.9,1,5.4,0,36.6,128.0,74.0,78.0,72.0,2.0,8.0,8.0,muy bien,medium
REC_003856,USR_0194,2026-04-17,40,174.0,85.6,28.29,10.0,46.1,8.3,1,12.0,0,37.6,125.0,83.0,109.0,77.0,1.0,7.0,6.0,muy bien,low
REC_003893,USR_0196,2026-04-17,30,164.1,48.6,18.07,2.0,4.1,5.2,0,0.0,5,36.9,117.0,69.0,72.0,81.0,7.0,1.0,6.0,mal,high
REC_003931,USR_0198,2026-04-17,29,180.5,68.6,21.06,9.0,54.7,8.7,2,25.4,0,36.9,110.0,67.0,93.0,73.0,3.0,4.0,7.0,bien,low
REC_004000,USR_0201,2026-04-17,41,166.5,70.3,25.35,6.0,55.3,7.7,1,0.0,2,36.6,91.0,78.0,67.0,82.0,2.0,6.0,7.0,bien,low
REC_004241,USR_0213,2026-04-17,31,142.0,43.7,21.66,6.0,33.9,6.1,1,14.7,3,36.1,104.0,76.0,119.0,89.0,4.0,4.0,6.0,regular,medium
REC_004337,USR_0217,2026-04-17,19,148.5,55.3,25.09,7.0,80.9,8.7,3,15.7,2,36.9,125.0,55.0,94.0,65.0,1.0,8.0,8.0,muy bien,low
REC_004475,USR_0224,2026-04-17,49,159.6,62.5,24.54,9.0,25.0,7.1,2,21.7,2,36.9,108.0,81.0,83.0,85.0,1.0,6.0,8.0,bien,low
REC_004583,USR_0230,2026-04-17,70,148.7,68.9,31.15,0.0,16.9,5.4,1,0.0,5,37.1,135.0,81.0,106.0,104.0,8.0,2.0,5.0,mal,high
REC_004646,USR_0233,2026-04-17,36,167.5,72.1,25.71,4.0,0.0,5.8,1,3.2,4,36.9,116.0,67.0,117.0,97.0,5.0,3.0,5.0,mal,high
REC_004677,USR_0235,2026-04-17,23,166.5,51.7,18.63,10.0,43.5,7.4,2,26.4,0,36.7,133.0,67.0,77.0,65.0,1.0,9.0,8.0,muy bien,low
REC_004763,USR_0239,2026-04-17,47,180.3,95.6,29.39,7.0,25.6,9.6,3,34.7,0,36.8,113.0,67.0,105.0,68.0,1.0,8.0,10.0,muy bien,low
REC_004830,USR_0242,2026-04-17,18,147.8,40.0,18.31,7.0,27.1,6.3,2,1.7,9,36.5,128.0,60.0,65.0,86.0,5.0,3.0,7.0,regular,medium
REC_004851,USR_0243,2026-04-17,18,158.0,42.4,16.99,8.0,79.6,8.5,0,30.3,1,36.5,112.0,79.0,88.0,66.0,1.0,6.0,8.0,bien,low
REC_004891,USR_0245,2026-04-17,35,168.5,50.2,17.7,6.0,10.5,5.2,1,13.6,5,37.6,102.0,81.0,75.0,83.0,5.0,1.0,6.0,mal,medium
REC_004955,USR_0248,2026-04-17,35,183.9,58.6,17.34,5.0,27.9,5.7,2,2.1,3,36.6,132.0,80.0,99.0,88.0,5.0,1.0,4.0,regular,medium
REC_000024,USR_0002,2026-04-18,23,179.5,87.9,27.27,5.0,38.8,4.3,2,14.7,7,36.9,120.0,64.0,81.0,94.0,7.0,4.0,5.0,mal,medium
REC_000069,USR_0004,2026-04-18,18,169.8,76.6,26.57,3.0,0.0,7.6,2,2.1,2,36.6,121.0,74.0,97.0,75.0,2.0,4.0,6.0,regular,medium
REC_000085,USR_0005,2026-04-18,31,160.5,48.4,18.79,11.0,72.5,7.0,5,6.5,1,36.9,121.0,67.0,71.0,91.0,3.0,5.0,8.0,bien,low
REC_000104,USR_0006,2026-04-18,45,184.7,81.1,23.79,4.0,0.0,4.6,3,2.0,5,36.6,123.0,76.0,81.0,89.0,7.0,4.0,4.0,regular,high
REC_000188,USR_0010,2026-04-18,26,176.8,93.4,29.88,7.0,21.1,7.0,1,27.2,2,36.7,113.0,72.0,113.0,83.0,3.0,4.0,8.0,bien,medium
REC_000227,USR_0012,2026-04-18,27,174.4,103.7,34.11,6.0,0.0,3.7,0,4.6,4,37.1,109.0,63.0,92.0,95.0,6.0,4.0,6.0,mal,high
REC_000478,USR_0024,2026-04-18,37,154.0,56.3,23.73,9.0,26.1,8.5,3,14.9,1,37.1,128.0,72.0,98.0,80.0,3.0,6.0,8.0,regular,low
REC_000501,USR_0025,2026-04-18,51,175.8,66.7,21.59,5.0,32.2,4.6,2,0.0,7,36.7,116.0,68.0,103.0,76.0,5.0,3.0,5.0,mal,medium
REC_000537,USR_0027,2026-04-18,57,164.1,74.0,27.46,9.0,4.9,7.2,3,19.2,2,37.2,120.0,84.0,109.0,93.0,4.0,5.0,7.0,bien,medium
REC_000657,USR_0033,2026-04-18,46,165.5,67.2,24.53,5.0,9.0,4.6,1,7.3,5,36.7,115.0,77.0,92.0,87.0,7.0,2.0,3.0,mal,high
REC_001050,USR_0054,2026-04-18,47,168.1,47.1,16.68,10.0,74.1,8.2,2,2.8,0,36.9,113.0,58.0,91.0,57.0,1.0,8.0,8.0,muy bien,low
REC_001074,USR_0055,2026-04-18,57,162.7,52.0,19.65,10.0,33.7,6.7,3,18.0,1,36.3,135.0,81.0,114.0,88.0,4.0,5.0,5.0,bien,low
REC_001134,USR_0058,2026-04-18,18,150.2,45.5,20.18,8.0,18.8,8.1,3,6.3,3,36.3,109.0,78.0,91.0,82.0,4.0,4.0,7.0,regular,low
REC_001247,USR_0064,2026-04-18,39,154.0,65.7,27.71,7.0,87.7,9.4,2,15.7,0,36.9,133.0,58.0,75.0,70.0,1.0,8.0,8.0,muy bien,low
REC_001350,USR_0069,2026-04-18,53,175.2,80.5,26.23,6.0,21.0,5.4,2,2.6,3,36.4,116.0,76.0,91.0,89.0,6.0,4.0,7.0,mal,medium
REC_001396,USR_0071,2026-04-18,29,163.4,65.1,24.39,4.0,13.9,7.3,2,24.6,7,36.1,102.0,70.0,93.0,97.0,5.0,3.0,5.0,mal,medium
REC_001435,USR_0073,2026-04-18,31,182.5,75.4,22.63,6.0,0.0,6.1,2,35.1,3,36.7,105.0,73.0,89.0,89.0,4.0,3.0,7.0,regular,medium
REC_001451,USR_0074,2026-04-18,47,164.5,65.6,24.26,11.0,43.5,7.6,1,13.1,2,36.6,124.0,74.0,87.0,81.0,5.0,5.0,8.0,regular,low
REC_001558,USR_0079,2026-04-18,36,177.6,67.6,21.44,9.0,24.1,6.4,0,26.2,0,36.7,135.0,77.0,135.0,75.0,4.0,4.0,7.0,regular,medium
REC_001637,USR_0083,2026-04-18,54,169.8,76.7,26.61,7.0,24.5,6.9,2,0.7,7,37.4,104.0,76.0,117.0,90.0,6.0,2.0,7.0,regular,medium
REC_001760,USR_0089,2026-04-18,18,158.6,90.0,35.79,9.0,19.8,7.3,4,0.7,0,36.6,114.0,74.0,96.0,74.0,2.0,7.0,7.0,bien,low
REC_001836,USR_0093,2026-04-18,53,173.3,70.7,23.54,8.0,30.9,8.5,2,17.8,1,36.9,136.0,62.0,92.0,83.0,2.0,5.0,7.0,bien,low
REC_001891,USR_0096,2026-04-18,50,153.1,50.3,21.47,8.0,31.2,8.1,3,22.5,0,36.8,118.0,76.0,88.0,66.0,3.0,6.0,8.0,bien,low
REC_001907,USR_0097,2026-04-18,23,163.2,52.1,19.56,5.0,9.2,5.8,2,12.0,4,37.4,130.0,72.0,56.0,85.0,6.0,4.0,7.0,regular,medium
REC_002054,USR_0104,2026-04-18,31,181.5,102.3,31.06,11.0,69.6,8.0,3,24.3,0,37.1,117.0,67.0,61.0,68.0,1.0,6.0,8.0,muy bien,low
REC_002296,USR_0116,2026-04-18,37,173.7,83.0,27.5,6.0,0.0,6.4,1,7.9,6,36.5,125.0,86.0,88.0,82.0,7.0,1.0,6.0,mal,high
REC_002346,USR_0118,2026-04-18,44,154.4,63.7,26.72,9.0,21.9,7.7,4,18.2,0,36.9,101.0,63.0,101.0,71.0,3.0,7.0,8.0,bien,medium
REC_002393,USR_0120,2026-04-18,18,164.7,47.0,17.32,8.0,31.7,6.0,1,16.9,4,36.9,109.0,73.0,65.0,83.0,6.0,2.0,5.0,regular,medium
REC_002463,USR_0124,2026-04-18,18,168.1,88.8,31.44,6.0,59.5,7.3,5,28.7,0,36.7,114.0,67.0,93.0,71.0,4.0,6.0,9.0,regular,low
REC_002722,USR_0137,2026-04-18,36,173.1,66.9,22.33,5.0,8.4,6.8,1,22.3,2,36.4,112.0,70.0,71.0,74.0,5.0,2.0,5.0,regular,medium
REC_002738,USR_0138,2026-04-18,57,151.4,43.9,19.17,8.0,52.8,7.8,2,10.7,1,36.8,106.0,77.0,78.0,69.0,1.0,8.0,8.0,bien,low
REC_002822,USR_0142,2026-04-18,19,173.6,76.9,25.51,8.0,18.9,4.3,1,24.5,2,36.9,118.0,64.0,71.0,80.0,5.0,5.0,5.0,mal,medium
REC_002949,USR_0148,2026-04-18,30,142.0,48.1,23.83,4.0,14.3,4.5,2,0.0,5,36.7,123.0,87.0,73.0,94.0,7.0,1.0,4.0,muy mal,high
REC_002988,USR_0150,2026-04-18,37,172.4,50.2,16.9,10.0,57.1,8.4,4,25.0,0,36.9,104.0,57.0,73.0,88.0,2.0,5.0,8.0,bien,low
REC_003050,USR_0153,2026-04-18,18,169.3,59.7,20.83,4.0,26.8,5.0,3,15.4,3,37.1,114.0,85.0,75.0,85.0,5.0,3.0,6.0,regular,medium
REC_003137,USR_0158,2026-04-18,34,167.3,70.9,25.33,8.0,0.0,5.3,1,2.0,5,37.6,123.0,79.0,71.0,91.0,5.0,2.0,5.0,mal,high
REC_003201,USR_0161,2026-04-18,36,157.9,66.6,26.7,3.0,29.7,4.9,1,7.3,6,36.1,120.0,86.0,81.0,102.0,7.0,3.0,7.0,mal,medium
REC_003240,USR_0163,2026-04-18,49,158.7,58.0,23.02,11.0,61.2,6.2,3,2.1,3,36.6,126.0,70.0,112.0,77.0,4.0,8.0,8.0,bien,low
REC_003262,USR_0164,2026-04-18,53,179.3,78.7,24.49,7.0,21.1,6.4,2,10.5,4,36.7,130.0,76.0,137.0,75.0,4.0,2.0,5.0,mal,medium
REC_003374,USR_0170,2026-04-18,53,167.8,96.0,34.1,7.0,39.2,6.7,2,0.0,3,36.3,125.0,72.0,108.0,73.0,3.0,4.0,7.0,bien,low
REC_003425,USR_0173,2026-04-18,52,156.9,65.0,26.39,9.0,2.7,8.2,1,24.0,0,36.9,119.0,80.0,71.0,72.0,1.0,6.0,10.0,muy bien,low
REC_003447,USR_0174,2026-04-18,45,162.1,60.2,22.92,6.0,8.0,6.4,2,17.9,2,36.8,118.0,69.0,103.0,81.0,6.0,4.0,5.0,muy mal,medium
REC_003487,USR_0176,2026-04-18,21,188.0,107.3,30.36,6.0,0.0,6.4,1,0.0,5,37.0,120.0,76.0,114.0,78.0,5.0,2.0,4.0,regular,high
REC_003555,USR_0179,2026-04-18,24,140.0,40.0,20.41,6.0,20.0,5.6,0,7.4,2,36.0,126.0,74.0,70.0,81.0,4.0,4.0,8.0,mal,medium
REC_003728,USR_0188,2026-04-18,29,163.2,53.5,20.09,5.0,22.4,5.8,1,8.0,6,36.3,109.0,81.0,86.0,94.0,6.0,1.0,6.0,regular,high
REC_003768,USR_0190,2026-04-18,71,152.1,48.7,21.04,6.0,11.3,4.9,1,0.0,6,37.1,129.0,89.0,128.0,95.0,7.0,3.0,5.0,mal,high
REC_003932,USR_0198,2026-04-18,29,180.5,68.8,21.11,9.0,66.1,7.7,4,25.9,1,36.5,108.0,63.0,58.0,75.0,2.0,6.0,9.0,muy bien,low
REC_004052,USR_0204,2026-04-18,43,182.8,84.1,25.17,7.0,61.4,8.8,2,22.9,3,36.3,107.0,67.0,87.0,68.0,1.0,4.0,7.0,regular,low
REC_004112,USR_0207,2026-04-18,18,169.3,74.8,26.1,13.0,50.3,7.9,3,15.2,2,36.7,109.0,77.0,66.0,72.0,2.0,6.0,7.0,bien,low
REC_004158,USR_0209,2026-04-18,30,166.3,51.5,18.63,3.0,5.2,6.3,2,7.9,6,36.8,116.0,72.0,82.0,81.0,6.0,2.0,6.0,mal,medium
REC_004270,USR_0214,2026-04-18,38,162.4,62.0,23.5,11.0,56.6,6.7,2,32.7,0,36.0,116.0,76.0,60.0,67.0,2.0,7.0,7.0,bien,low
REC_004450,USR_0223,2026-04-18,36,158.4,75.7,30.19,1.0,4.0,4.2,1,0.0,5,37.2,124.0,71.0,78.0,83.0,7.0,1.0,4.0,mal,high
REC_004527,USR_0227,2026-04-18,42,165.3,57.1,20.89,3.0,0.0,7.0,2,6.4,4,37.0,101.0,77.0,91.0,89.0,2.0,4.0,6.0,regular,medium
REC_004565,USR_0229,2026-04-18,41,170.1,95.2,32.9,7.0,31.8,7.1,3,0.0,2,36.8,122.0,79.0,87.0,78.0,5.0,4.0,5.0,mal,medium
REC_004603,USR_0231,2026-04-18,25,153.6,45.1,19.13,5.0,59.3,7.4,3,6.8,0,36.4,104.0,66.0,83.0,86.0,2.0,6.0,6.0,mal,low
REC_004764,USR_0239,2026-04-18,47,180.3,95.6,29.42,10.0,13.9,8.5,3,12.1,0,37.0,119.0,65.0,91.0,53.0,1.0,8.0,10.0,muy bien,low
REC_004791,USR_0240,2026-04-18,19,151.8,82.2,35.66,6.0,0.8,6.3,3,38.1,1,36.9,100.0,80.0,105.0,76.0,4.0,4.0,6.0,mal,medium
REC_004932,USR_0247,2026-04-18,51,145.1,40.1,19.03,0.0,0.0,5.0,0,3.9,6,36.8,124.0,89.0,108.0,91.0,6.0,1.0,5.0,mal,high
REC_004988,USR_0250,2026-04-18,26,149.2,45.7,20.55,2.0,8.2,4.9,0,0.0,5,36.9,117.0,94.0,71.0,82.0,6.0,1.0,4.0,mal,high
REC_000070,USR_0004,2026-04-19,18,169.8,76.8,26.65,7.0,0.2,7.2,2,3.0,2,36.2,110.0,73.0,85.0,78.0,4.0,5.0,8.0,bien,medium
REC_000105,USR_0006,2026-04-19,45,184.7,81.1,23.77,5.0,0.0,4.0,2,3.3,7,37.4,119.0,78.0,98.0,87.0,7.0,2.0,5.0,mal,high
REC_000189,USR_0010,2026-04-19,26,176.8,93.4,29.87,8.0,47.1,7.8,4,10.5,0,36.3,110.0,67.0,94.0,57.0,1.0,6.0,8.0,muy bien,low
REC_000251,USR_0013,2026-04-19,18,171.6,82.4,27.99,7.0,2.6,8.4,2,8.6,4,36.6,117.0,72.0,84.0,85.0,4.0,4.0,8.0,regular,medium
REC_000456,USR_0023,2026-04-19,26,182.6,89.5,26.83,4.0,41.2,5.7,2,0.0,7,36.1,108.0,76.0,99.0,89.0,5.0,4.0,6.0,regular,medium
REC_000502,USR_0025,2026-04-19,51,175.8,66.8,21.62,8.0,6.9,6.4,3,0.0,6,37.2,140.0,74.0,113.0,92.0,6.0,2.0,6.0,muy mal,medium
REC_000561,USR_0028,2026-04-19,55,153.2,71.3,30.39,5.0,23.4,5.3,3,3.5,4,36.9,127.0,68.0,118.0,76.0,2.0,3.0,6.0,bien,medium
REC_000623,USR_0031,2026-04-19,42,175.5,95.6,31.02,7.0,10.8,5.8,1,0.0,2,36.8,100.0,82.0,79.0,78.0,5.0,4.0,5.0,regular,medium
REC_000728,USR_0038,2026-04-19,31,161.2,72.1,27.73,2.0,12.9,5.6,1,14.5,4,36.4,129.0,62.0,86.0,81.0,6.0,3.0,5.0,mal,high
REC_000828,USR_0043,2026-04-19,18,151.0,48.7,21.38,8.0,93.4,8.0,2,16.4,2,37.7,122.0,70.0,59.0,76.0,2.0,7.0,8.0,bien,low
REC_000874,USR_0045,2026-04-19,19,172.5,69.1,23.21,5.0,0.0,6.8,1,0.0,4,36.5,114.0,78.0,115.0,89.0,5.0,2.0,5.0,mal,medium
REC_001075,USR_0055,2026-04-19,57,162.7,51.9,19.62,5.0,35.0,5.7,1,3.1,3,36.5,119.0,74.0,98.0,90.0,5.0,2.0,5.0,mal,medium
REC_001111,USR_0057,2026-04-19,33,172.5,83.6,28.11,8.0,26.2,6.9,4,18.5,2,36.5,91.0,80.0,97.0,77.0,1.0,6.0,7.0,bien,low
REC_001172,USR_0060,2026-04-19,52,174.4,54.6,17.94,3.0,35.9,5.7,3,10.6,5,37.5,117.0,81.0,98.0,83.0,3.0,5.0,7.0,regular,medium
REC_001248,USR_0064,2026-04-19,39,154.0,65.6,27.67,13.0,62.7,8.6,3,11.9,1,37.3,125.0,68.0,95.0,81.0,1.0,7.0,10.0,muy bien,low
REC_001302,USR_0067,2026-04-19,54,176.0,107.8,34.81,7.0,1.3,4.9,2,12.3,3,36.6,120.0,82.0,90.0,93.0,6.0,2.0,5.0,mal,high
REC_001373,USR_0070,2026-04-19,44,156.1,56.9,23.37,8.0,37.7,7.2,3,9.4,5,36.1,118.0,87.0,71.0,70.0,4.0,4.0,6.0,regular,low
REC_001397,USR_0071,2026-04-19,29,163.4,65.2,24.43,6.0,1.7,7.1,1,5.8,5,36.3,121.0,67.0,72.0,89.0,4.0,3.0,6.0,bien,medium
REC_001414,USR_0072,2026-04-19,18,189.5,117.1,32.62,10.0,42.7,5.0,3,0.2,2,36.6,124.0,69.0,106.0,80.0,5.0,5.0,5.0,regular,medium
REC_001598,USR_0081,2026-04-19,18,167.4,103.7,37.02,9.0,0.0,4.6,1,11.4,4,37.6,134.0,74.0,115.0,91.0,6.0,2.0,6.0,mal,medium
REC_001638,USR_0083,2026-04-19,54,169.8,76.7,26.6,6.0,40.1,8.3,1,0.0,6,36.2,132.0,76.0,54.0,95.0,5.0,4.0,9.0,regular,medium
REC_001697,USR_0086,2026-04-19,36,181.9,110.0,33.25,4.0,0.0,5.3,2,12.6,4,37.2,114.0,63.0,95.0,82.0,6.0,1.0,4.0,muy mal,high
REC_002146,USR_0108,2026-04-19,36,165.3,108.3,39.62,10.0,41.6,7.1,4,0.0,1,37.3,125.0,80.0,106.0,71.0,3.0,5.0,7.0,bien,low
REC_002166,USR_0109,2026-04-19,18,183.1,77.1,23.0,2.0,5.7,7.2,2,0.0,5,37.2,112.0,78.0,94.0,84.0,6.0,1.0,7.0,muy mal,medium
REC_002278,USR_0115,2026-04-19,38,149.5,53.9,24.11,3.0,2.8,6.4,0,11.9,2,36.3,113.0,72.0,96.0,92.0,7.0,2.0,5.0,mal,high
REC_002297,USR_0116,2026-04-19,37,173.7,83.1,27.54,6.0,18.0,6.5,2,5.0,4,36.4,111.0,79.0,110.0,81.0,6.0,2.0,4.0,regular,medium
REC_002347,USR_0118,2026-04-19,44,154.4,63.4,26.61,9.0,0.0,7.5,4,6.4,0,36.1,136.0,78.0,91.0,87.0,3.0,6.0,7.0,mal,medium
REC_002394,USR_0120,2026-04-19,18,164.7,46.8,17.26,6.0,41.2,6.2,2,8.5,2,36.6,108.0,71.0,92.0,73.0,6.0,5.0,5.0,mal,medium
REC_002449,USR_0123,2026-04-19,29,183.7,72.2,21.38,4.0,50.8,6.4,3,0.0,1,37.2,110.0,72.0,103.0,85.0,4.0,4.0,5.0,bien,low
REC_002544,USR_0128,2026-04-19,31,166.3,63.6,23.0,9.0,54.4,5.4,3,13.6,0,36.8,101.0,64.0,98.0,64.0,4.0,6.0,7.0,bien,low
REC_002567,USR_0129,2026-04-19,28,168.8,64.4,22.59,2.0,51.1,8.3,2,15.8,2,36.5,125.0,86.0,120.0,76.0,1.0,6.0,8.0,bien,low
REC_002604,USR_0131,2026-04-19,53,165.2,71.4,26.16,3.0,14.9,5.7,0,11.8,4,37.1,132.0,69.0,76.0,83.0,7.0,1.0,3.0,mal,high
REC_002643,USR_0133,2026-04-19,18,151.0,40.0,17.54,9.0,54.3,7.8,3,27.3,3,37.1,114.0,68.0,89.0,82.0,2.0,7.0,8.0,bien,low
REC_002739,USR_0138,2026-04-19,57,151.4,43.7,19.07,8.0,35.4,8.3,3,1.1,0,36.7,126.0,66.0,90.0,78.0,2.0,8.0,10.0,bien,low
REC_002842,USR_0143,2026-04-19,18,163.8,64.3,23.96,7.0,41.7,7.9,3,8.5,1,36.9,116.0,62.0,80.0,62.0,2.0,6.0,7.0,bien,low
REC_002928,USR_0147,2026-04-19,33,163.0,59.4,22.36,10.0,62.6,10.0,3,23.7,0,36.5,115.0,71.0,97.0,79.0,1.0,7.0,10.0,muy bien,low
REC_003026,USR_0152,2026-04-19,49,178.9,91.8,28.67,2.0,2.8,7.7,1,0.0,10,37.0,134.0,74.0,87.0,90.0,5.0,3.0,7.0,regular,medium
REC_003051,USR_0153,2026-04-19,18,169.3,59.6,20.78,5.0,17.1,6.0,2,7.6,2,36.7,103.0,76.0,86.0,76.0,4.0,4.0,7.0,regular,medium
REC_003179,USR_0160,2026-04-19,74,166.8,73.1,26.29,5.0,17.8,5.8,1,5.8,2,36.1,131.0,74.0,105.0,79.0,5.0,6.0,7.0,regular,medium
REC_003405,USR_0172,2026-04-19,40,173.9,91.8,30.36,4.0,0.0,6.7,1,10.9,3,36.7,119.0,87.0,107.0,98.0,6.0,3.0,6.0,regular,high
REC_003448,USR_0174,2026-04-19,45,162.1,60.4,22.99,7.0,18.3,6.9,3,10.7,2,37.2,106.0,82.0,93.0,72.0,5.0,5.0,8.0,regular,medium
REC_003513,USR_0177,2026-04-19,18,171.9,91.8,31.06,5.0,0.0,4.7,3,21.3,5,36.7,127.0,83.0,87.0,100.0,8.0,1.0,4.0,mal,high
REC_003537,USR_0178,2026-04-19,41,163.8,100.0,37.29,7.0,4.5,5.9,1,0.6,1,36.9,115.0,73.0,91.0,75.0,5.0,4.0,7.0,bien,medium
REC_003556,USR_0179,2026-04-19,24,140.0,40.0,20.41,7.0,26.8,5.4,4,0.0,1,37.0,113.0,79.0,85.0,82.0,5.0,5.0,7.0,regular,medium
REC_003616,USR_0182,2026-04-19,53,170.7,74.1,25.42,3.0,0.0,5.5,1,12.9,5,36.7,119.0,83.0,60.0,84.0,7.0,2.0,5.0,mal,high
REC_003633,USR_0183,2026-04-19,18,163.7,80.9,30.18,6.0,41.7,9.0,2,27.8,1,36.6,109.0,67.0,68.0,65.0,1.0,7.0,7.0,bien,low
REC_003729,USR_0188,2026-04-19,29,163.2,53.9,20.23,5.0,0.7,6.1,1,10.6,5,37.0,132.0,79.0,96.0,95.0,6.0,3.0,7.0,mal,high
REC_003769,USR_0190,2026-04-19,71,152.1,48.7,21.04,6.0,20.0,6.8,1,3.3,6,36.5,128.0,94.0,88.0,79.0,7.0,2.0,5.0,regular,medium
REC_003813,USR_0192,2026-04-19,34,158.4,87.9,35.02,8.0,25.8,5.5,2,0.0,4,36.2,115.0,69.0,85.0,89.0,7.0,3.0,5.0,mal,medium
REC_004001,USR_0201,2026-04-19,41,166.5,70.2,25.33,8.0,51.4,7.7,2,1.7,2,36.8,115.0,78.0,98.0,60.0,2.0,5.0,6.0,regular,low
REC_004021,USR_0202,2026-04-19,32,152.2,45.6,19.69,5.0,0.0,7.1,2,10.7,4,37.0,97.0,86.0,91.0,87.0,6.0,4.0,5.0,mal,medium
REC_004070,USR_0205,2026-04-19,18,177.2,74.8,23.82,5.0,22.9,4.9,1,0.0,5,36.5,125.0,79.0,69.0,100.0,6.0,3.0,6.0,regular,medium
REC_004113,USR_0207,2026-04-19,18,169.3,74.8,26.11,10.0,57.1,8.0,3,1.1,1,36.8,115.0,71.0,76.0,70.0,2.0,6.0,7.0,bien,low
REC_004242,USR_0213,2026-04-19,31,142.0,43.2,21.44,6.0,0.0,5.9,1,1.2,2,36.2,122.0,60.0,83.0,83.0,5.0,5.0,7.0,regular,medium
REC_004353,USR_0218,2026-04-19,20,180.2,97.7,30.1,6.0,13.6,5.5,3,0.0,6,37.2,137.0,83.0,97.0,101.0,6.0,3.0,2.0,mal,medium
REC_004374,USR_0219,2026-04-19,18,176.3,52.6,16.92,5.0,58.1,6.6,2,0.0,1,36.6,117.0,67.0,107.0,73.0,4.0,3.0,4.0,mal,low
REC_004409,USR_0221,2026-04-19,41,186.2,86.0,24.8,6.0,44.0,6.1,2,19.7,1,36.3,113.0,74.0,83.0,81.0,3.0,6.0,7.0,bien,low
REC_004430,USR_0222,2026-04-19,62,157.0,77.7,31.52,8.0,27.0,6.9,1,0.1,4,36.3,118.0,88.0,76.0,95.0,6.0,4.0,8.0,regular,medium
REC_004528,USR_0227,2026-04-19,42,165.3,57.3,20.97,4.0,0.0,7.0,3,7.8,5,37.0,106.0,69.0,67.0,76.0,2.0,3.0,4.0,regular,medium
REC_004604,USR_0231,2026-04-19,25,153.6,45.2,19.15,9.0,56.9,8.5,2,6.2,1,36.5,113.0,61.0,92.0,77.0,1.0,6.0,9.0,muy bien,low
REC_004623,USR_0232,2026-04-19,66,172.7,61.0,20.46,3.0,0.0,4.2,0,3.9,3,36.9,141.0,82.0,86.0,89.0,6.0,1.0,5.0,mal,high
REC_004698,USR_0236,2026-04-19,38,167.9,50.6,17.93,8.0,19.7,4.6,1,5.9,4,37.0,136.0,71.0,73.0,81.0,8.0,2.0,4.0,muy mal,high
REC_004721,USR_0237,2026-04-19,55,174.9,85.9,28.08,6.0,0.0,5.9,1,21.4,6,36.5,128.0,75.0,100.0,89.0,4.0,2.0,5.0,mal,high
REC_004809,USR_0241,2026-04-19,30,172.4,102.5,34.47,7.0,14.4,5.3,1,4.6,7,36.8,135.0,88.0,109.0,84.0,7.0,2.0,5.0,mal,medium
REC_004831,USR_0242,2026-04-19,18,147.8,40.1,18.35,4.0,16.0,6.8,1,0.0,7,36.9,126.0,80.0,90.0,81.0,4.0,3.0,7.0,regular,medium
REC_004874,USR_0244,2026-04-19,31,167.7,70.7,25.14,5.0,0.7,7.1,0,0.0,1,36.5,119.0,67.0,107.0,98.0,4.0,4.0,6.0,regular,medium
REC_000004,USR_0001,2026-04-20,40,164.4,68.7,25.43,8.0,37.3,8.4,3,21.5,0,37.1,115.0,65.0,116.0,59.0,1.0,7.0,9.0,muy bien,low
REC_000025,USR_0002,2026-04-20,23,179.5,88.2,27.38,4.0,29.7,5.0,2,11.2,7,36.4,116.0,65.0,80.0,83.0,5.0,3.0,4.0,regular,medium
REC_000127,USR_0007,2026-04-20,39,184.9,57.6,16.85,1.0,20.4,6.0,3,0.0,6,36.8,118.0,71.0,100.0,93.0,6.0,1.0,5.0,muy mal,medium
REC_000228,USR_0012,2026-04-20,27,174.4,103.3,33.95,7.0,1.1,5.7,2,12.6,3,36.8,119.0,82.0,72.0,85.0,5.0,3.0,4.0,regular,medium
REC_000355,USR_0018,2026-04-20,27,169.5,74.4,25.88,3.0,16.4,7.4,1,0.0,6,36.8,109.0,74.0,69.0,101.0,6.0,1.0,6.0,mal,medium
REC_000457,USR_0023,2026-04-20,26,182.6,89.4,26.81,4.0,8.5,6.1,2,0.9,7,36.8,121.0,69.0,102.0,61.0,4.0,2.0,4.0,mal,high
REC_000538,USR_0027,2026-04-20,57,164.1,74.1,27.52,5.0,11.1,7.5,1,9.7,4,36.9,131.0,76.0,100.0,79.0,4.0,5.0,7.0,regular,medium
REC_000583,USR_0029,2026-04-20,49,153.3,47.7,20.29,14.0,65.2,8.4,3,12.6,0,36.5,121.0,74.0,100.0,66.0,2.0,7.0,8.0,muy bien,low
REC_000606,USR_0030,2026-04-20,25,161.0,72.0,27.77,5.0,30.9,8.4,2,0.4,1,37.0,126.0,76.0,93.0,89.0,3.0,8.0,10.0,muy bien,low
REC_000698,USR_0036,2026-04-20,24,168.8,83.4,29.27,6.0,36.1,7.5,2,9.6,4,38.1,136.0,76.0,88.0,87.0,6.0,3.0,6.0,mal,medium
REC_000769,USR_0040,2026-04-20,27,172.7,67.7,22.69,8.0,27.4,9.6,4,7.2,1,36.1,123.0,76.0,80.0,60.0,2.0,7.0,8.0,muy bien,low
REC_000962,USR_0050,2026-04-20,56,176.1,68.6,22.12,9.0,49.3,8.2,4,32.4,0,37.2,125.0,73.0,111.0,52.0,1.0,7.0,7.0,bien,low
REC_001076,USR_0055,2026-04-20,57,162.7,52.0,19.63,6.0,53.3,5.6,3,10.9,2,37.2,147.0,74.0,53.0,84.0,5.0,3.0,5.0,mal,medium
REC_001112,USR_0057,2026-04-20,33,172.5,83.8,28.15,6.0,48.1,7.5,3,18.6,6,36.7,113.0,79.0,104.0,81.0,2.0,8.0,8.0,muy bien,medium
REC_001192,USR_0061,2026-04-20,44,168.5,78.4,27.6,3.0,0.0,4.3,1,0.0,7,36.6,124.0,73.0,81.0,86.0,9.0,1.0,4.0,muy mal,high
REC_001374,USR_0070,2026-04-20,44,156.1,57.0,23.38,6.0,24.4,6.6,3,11.6,4,36.6,104.0,83.0,92.0,85.0,3.0,3.0,6.0,regular,medium
REC_001452,USR_0074,2026-04-20,47,164.5,65.4,24.18,5.0,0.4,7.0,1,7.3,3,36.7,108.0,77.0,117.0,82.0,5.0,5.0,9.0,bien,medium
REC_001698,USR_0086,2026-04-20,36,181.9,110.1,33.27,6.0,3.5,4.3,0,5.9,6,36.6,120.0,71.0,95.0,96.0,7.0,1.0,3.0,muy mal,high
REC_001892,USR_0096,2026-04-20,50,153.1,50.2,21.42,10.0,33.4,8.4,5,15.1,0,36.8,114.0,76.0,101.0,75.0,2.0,5.0,6.0,regular,medium
REC_001908,USR_0097,2026-04-20,23,163.2,52.1,19.55,3.0,1.2,7.1,2,3.5,2,36.5,112.0,76.0,96.0,78.0,5.0,3.0,5.0,mal,medium
REC_001957,USR_0099,2026-04-20,36,171.7,62.3,21.13,3.0,43.7,6.5,2,0.0,1,36.3,126.0,90.0,100.0,115.0,3.0,5.0,8.0,bien,medium
REC_002221,USR_0112,2026-04-20,42,166.2,80.7,29.22,8.0,12.1,4.5,0,19.0,3,36.9,119.0,68.0,68.0,90.0,4.0,4.0,6.0,mal,medium
REC_002265,USR_0114,2026-04-20,53,169.3,76.8,26.78,6.0,10.9,4.7,0,1.5,2,36.8,128.0,81.0,95.0,81.0,4.0,5.0,5.0,regular,medium
REC_002395,USR_0120,2026-04-20,18,164.7,46.7,17.22,7.0,4.7,5.6,2,9.1,2,36.5,115.0,64.0,107.0,79.0,6.0,4.0,6.0,mal,medium
REC_002412,USR_0121,2026-04-20,56,161.4,82.8,31.8,10.0,51.3,8.4,3,23.6,0,35.9,129.0,72.0,93.0,73.0,1.0,8.0,8.0,muy bien,low
REC_002516,USR_0127,2026-04-20,23,162.0,63.1,24.05,12.0,58.0,9.0,3,20.9,0,37.1,119.0,61.0,92.0,73.0,1.0,8.0,8.0,muy bien,low
REC_002583,USR_0130,2026-04-20,43,144.9,40.0,19.05,5.0,17.1,4.3,2,0.0,5,37.0,115.0,77.0,119.0,81.0,8.0,2.0,7.0,mal,high
REC_002869,USR_0144,2026-04-20,22,157.7,41.7,16.78,6.0,24.3,4.8,2,5.4,3,37.0,129.0,71.0,77.0,87.0,4.0,5.0,6.0,regular,medium
REC_002909,USR_0146,2026-04-20,58,160.0,68.0,26.56,8.0,34.1,6.2,5,15.6,0,36.5,128.0,75.0,104.0,80.0,4.0,4.0,6.0,bien,low
REC_002950,USR_0148,2026-04-20,30,142.0,47.9,23.76,2.0,0.0,4.8,0,0.0,6,37.4,107.0,84.0,105.0,90.0,4.0,2.0,6.0,regular,high
REC_002989,USR_0150,2026-04-20,37,172.4,49.7,16.73,8.0,67.8,8.6,3,29.1,0,37.1,108.0,68.0,104.0,84.0,1.0,5.0,7.0,bien,low
REC_003027,USR_0152,2026-04-20,49,178.9,91.8,28.68,2.0,7.3,7.7,2,0.0,4,36.7,118.0,79.0,83.0,72.0,5.0,2.0,6.0,regular,medium
REC_003101,USR_0156,2026-04-20,49,177.1,72.8,23.2,10.0,63.4,10.0,4,29.9,0,36.9,111.0,88.0,98.0,73.0,1.0,9.0,10.0,muy bien,low
REC_003297,USR_0166,2026-04-20,30,161.2,62.5,24.06,8.0,45.3,7.3,3,49.0,1,36.7,102.0,67.0,61.0,77.0,1.0,7.0,8.0,regular,low
REC_003471,USR_0175,2026-04-20,54,191.2,88.2,24.12,5.0,67.5,9.1,5,14.9,1,36.4,112.0,76.0,126.0,70.0,1.0,9.0,8.0,muy bien,low
REC_003488,USR_0176,2026-04-20,21,188.0,107.4,30.4,0.0,8.5,5.9,2,0.0,5,36.6,122.0,70.0,113.0,94.0,6.0,2.0,5.0,mal,high
REC_003514,USR_0177,2026-04-20,18,171.9,91.6,31.01,3.0,0.0,7.7,1,9.1,5,37.0,119.0,70.0,113.0,91.0,5.0,4.0,5.0,mal,high
REC_003578,USR_0180,2026-04-20,31,158.5,63.4,25.25,7.0,27.0,6.6,2,11.3,0,36.9,116.0,51.0,80.0,74.0,2.0,7.0,8.0,bien,low
REC_003653,USR_0184,2026-04-20,39,165.9,59.8,21.74,9.0,39.5,8.7,4,0.8,2,37.1,112.0,69.0,71.0,77.0,4.0,6.0,7.0,bien,low
REC_003814,USR_0192,2026-04-20,34,158.4,88.0,35.08,0.0,0.0,5.8,2,3.7,4,37.2,122.0,84.0,70.0,90.0,6.0,3.0,5.0,muy mal,high
REC_003857,USR_0194,2026-04-20,40,174.0,85.8,28.33,8.0,74.4,7.4,1,16.3,0,36.6,116.0,64.0,67.0,63.0,1.0,6.0,6.0,bien,low
REC_004022,USR_0202,2026-04-20,32,152.2,45.9,19.8,6.0,9.6,5.5,1,20.9,7,36.9,123.0,57.0,103.0,86.0,7.0,1.0,4.0,muy mal,high
REC_004053,USR_0204,2026-04-20,43,182.8,84.0,25.15,10.0,31.5,8.9,2,10.4,0,36.3,130.0,81.0,90.0,81.0,2.0,4.0,8.0,bien,medium
REC_004183,USR_0210,2026-04-20,39,159.0,85.3,33.73,5.0,15.4,7.7,3,0.0,2,37.0,121.0,75.0,91.0,78.0,4.0,4.0,8.0,regular,medium
REC_004200,USR_0211,2026-04-20,64,160.6,74.4,28.84,6.0,38.8,7.8,4,16.4,2,37.2,112.0,86.0,64.0,81.0,2.0,7.0,9.0,bien,low
REC_004338,USR_0217,2026-04-20,19,148.5,55.3,25.07,8.0,58.4,9.6,1,16.1,2,36.1,98.0,72.0,86.0,89.0,1.0,7.0,7.0,muy bien,low
REC_004431,USR_0222,2026-04-20,62,157.0,77.8,31.56,4.0,25.7,7.4,2,0.0,3,36.7,128.0,67.0,89.0,77.0,3.0,5.0,6.0,bien,medium
REC_004451,USR_0223,2026-04-20,36,158.4,75.7,30.17,2.0,0.0,4.6,1,0.0,6,36.8,124.0,77.0,69.0,90.0,7.0,1.0,4.0,muy mal,high
REC_004546,USR_0228,2026-04-20,38,181.6,83.2,25.24,9.0,37.2,7.5,4,0.7,0,36.4,108.0,74.0,75.0,85.0,3.0,6.0,10.0,bien,low
REC_004624,USR_0232,2026-04-20,66,172.7,61.1,20.48,3.0,0.0,4.2,0,0.0,4,37.1,130.0,83.0,124.0,95.0,6.0,1.0,4.0,mal,high
REC_004699,USR_0236,2026-04-20,38,167.9,50.6,17.94,7.0,1.1,7.6,0,0.0,5,37.7,120.0,65.0,75.0,88.0,6.0,2.0,5.0,mal,high
REC_004738,USR_0238,2026-04-20,40,170.5,88.7,30.5,8.0,57.5,6.3,2,20.4,1,36.7,124.0,78.0,107.0,71.0,3.0,5.0,8.0,muy bien,low
REC_000026,USR_0002,2026-04-21,23,179.5,88.1,27.36,5.0,8.8,3.7,3,6.7,6,36.7,111.0,74.0,92.0,90.0,6.0,2.0,5.0,muy mal,high
REC_000050,USR_0003,2026-04-21,18,157.0,89.1,36.13,7.0,27.8,8.4,5,22.5,1,36.7,108.0,64.0,111.0,79.0,1.0,7.0,9.0,bien,low
REC_000148,USR_0008,2026-04-21,32,161.4,103.5,39.74,7.0,16.5,7.0,2,6.8,3,37.3,123.0,86.0,113.0,92.0,5.0,3.0,7.0,regular,medium
REC_000190,USR_0010,2026-04-21,26,176.8,93.8,29.99,8.0,61.7,6.4,4,8.7,2,36.0,119.0,69.0,82.0,64.0,2.0,6.0,9.0,muy bien,low
REC_000252,USR_0013,2026-04-21,18,171.6,82.2,27.93,7.0,9.7,9.0,5,12.0,2,36.4,130.0,72.0,78.0,69.0,4.0,4.0,7.0,bien,medium
REC_000335,USR_0017,2026-04-21,32,169.5,65.8,22.9,5.0,8.0,6.5,2,0.0,4,36.8,107.0,63.0,127.0,86.0,6.0,1.0,6.0,mal,medium
REC_000408,USR_0021,2026-04-21,18,158.0,80.3,32.15,2.0,1.6,4.8,1,14.0,5,36.0,124.0,73.0,95.0,82.0,6.0,2.0,5.0,mal,high
REC_000458,USR_0023,2026-04-21,26,182.6,89.3,26.78,7.0,16.3,6.3,2,6.0,7,37.4,94.0,74.0,91.0,84.0,6.0,2.0,6.0,muy mal,medium
REC_000539,USR_0027,2026-04-21,57,164.1,73.8,27.41,5.0,21.5,8.0,0,13.2,3,36.9,132.0,62.0,125.0,88.0,3.0,5.0,7.0,bien,medium
REC_000685,USR_0035,2026-04-21,18,170.8,66.8,22.9,2.0,0.0,5.0,3,22.2,4,36.6,121.0,72.0,103.0,91.0,7.0,1.0,4.0,muy mal,high
REC_000790,USR_0041,2026-04-21,43,159.4,69.0,27.17,9.0,54.3,7.5,2,19.0,1,36.4,112.0,70.0,101.0,76.0,2.0,6.0,6.0,bien,low
REC_000946,USR_0049,2026-04-21,45,158.8,88.3,35.03,5.0,34.4,7.1,2,8.4,6,36.6,116.0,72.0,91.0,81.0,4.0,4.0,6.0,regular,medium
REC_000963,USR_0050,2026-04-21,56,176.1,68.5,22.07,7.0,29.6,8.3,5,4.6,0,37.3,119.0,56.0,91.0,72.0,1.0,8.0,6.0,bien,low
REC_001051,USR_0054,2026-04-21,47,168.1,47.4,16.77,9.0,27.4,7.8,4,21.1,2,36.7,109.0,84.0,125.0,86.0,1.0,8.0,9.0,muy bien,low
REC_001193,USR_0061,2026-04-21,44,168.5,78.4,27.61,4.0,24.6,4.5,0,0.0,5,36.4,127.0,72.0,89.0,87.0,8.0,2.0,5.0,muy mal,high
REC_001269,USR_0065,2026-04-21,50,168.7,59.5,20.89,8.0,30.5,8.5,4,29.1,0,36.6,114.0,82.0,91.0,85.0,1.0,6.0,8.0,bien,low
REC_001375,USR_0070,2026-04-21,44,156.1,56.7,23.27,7.0,0.0,5.2,2,9.9,4,36.8,129.0,70.0,110.0,89.0,5.0,4.0,6.0,regular,medium
REC_001415,USR_0072,2026-04-21,18,189.5,117.1,32.6,7.0,21.4,5.2,0,16.6,3,36.7,127.0,72.0,106.0,76.0,4.0,5.0,4.0,regular,medium
REC_001475,USR_0075,2026-04-21,21,161.6,43.3,16.58,7.0,7.3,6.6,3,20.2,3,36.7,110.0,85.0,97.0,76.0,7.0,3.0,8.0,regular,medium
REC_001499,USR_0076,2026-04-21,21,168.4,91.0,32.09,3.0,34.9,5.8,2,1.4,8,36.7,100.0,73.0,101.0,104.0,6.0,2.0,8.0,mal,medium
REC_001559,USR_0079,2026-04-21,36,177.6,67.4,21.37,8.0,6.5,7.8,1,6.2,2,36.1,114.0,69.0,79.0,86.0,5.0,4.0,8.0,regular,medium
REC_001599,USR_0081,2026-04-21,18,167.4,103.6,36.98,4.0,0.0,4.8,2,9.5,5,37.0,135.0,67.0,98.0,101.0,6.0,3.0,6.0,mal,high
REC_001639,USR_0083,2026-04-21,54,169.8,76.6,26.58,2.0,0.0,7.6,2,0.0,5,36.8,126.0,80.0,97.0,97.0,6.0,4.0,8.0,regular,medium
REC_001662,USR_0084,2026-04-21,44,158.0,54.2,21.7,9.0,16.8,9.0,1,17.4,0,36.4,116.0,73.0,111.0,74.0,1.0,6.0,8.0,bien,low
REC_001821,USR_0092,2026-04-21,34,166.4,78.6,28.4,6.0,22.6,5.7,3,24.0,3,36.5,112.0,73.0,99.0,85.0,4.0,3.0,5.0,regular,medium
REC_001976,USR_0100,2026-04-21,69,161.2,90.0,34.62,10.0,44.1,8.1,2,37.3,1,37.1,110.0,83.0,70.0,90.0,2.0,8.0,7.0,bien,low
REC_002128,USR_0107,2026-04-21,43,166.8,82.4,29.63,7.0,19.2,6.4,1,0.0,7,36.8,94.0,80.0,109.0,81.0,6.0,3.0,4.0,mal,medium
REC_002167,USR_0109,2026-04-21,18,183.1,77.4,23.08,0.0,0.0,5.6,2,0.0,5,36.5,113.0,79.0,93.0,83.0,6.0,4.0,5.0,muy mal,high
REC_002222,USR_0112,2026-04-21,42,166.2,80.5,29.15,10.0,41.8,6.2,2,6.6,3,36.8,119.0,71.0,81.0,74.0,4.0,6.0,6.0,bien,medium
REC_002243,USR_0113,2026-04-21,36,165.6,56.0,20.41,6.0,50.6,6.8,4,23.8,0,36.4,111.0,75.0,106.0,71.0,2.0,6.0,8.0,bien,low
REC_002266,USR_0114,2026-04-21,53,169.3,76.3,26.63,6.0,41.2,4.5,2,7.9,2,37.5,125.0,74.0,108.0,81.0,4.0,4.0,5.0,mal,medium
REC_002279,USR_0115,2026-04-21,38,149.5,53.9,24.1,4.0,32.8,6.4,0,18.1,6,36.4,106.0,84.0,65.0,85.0,6.0,3.0,6.0,mal,medium
REC_002298,USR_0116,2026-04-21,37,173.7,83.2,27.56,3.0,0.9,6.3,3,0.0,4,37.0,129.0,74.0,88.0,55.0,4.0,3.0,5.0,mal,medium
REC_002517,USR_0127,2026-04-21,23,162.0,63.0,24.02,12.0,43.1,7.7,2,15.6,0,36.8,113.0,67.0,99.0,54.0,4.0,8.0,9.0,bien,low
REC_002545,USR_0128,2026-04-21,31,166.3,63.6,23.0,7.0,60.2,7.1,2,8.8,2,36.8,96.0,90.0,72.0,86.0,1.0,8.0,7.0,muy bien,low
REC_002665,USR_0134,2026-04-21,55,153.0,51.8,22.13,1.0,12.7,4.6,3,7.0,4,37.2,118.0,66.0,134.0,85.0,7.0,2.0,5.0,mal,high
REC_002760,USR_0139,2026-04-21,45,155.6,56.0,23.15,7.0,53.5,6.6,1,5.7,3,37.2,122.0,76.0,96.0,83.0,3.0,3.0,7.0,regular,medium
REC_002799,USR_0141,2026-04-21,40,188.9,124.1,34.79,4.0,0.0,4.9,2,16.8,2,36.7,109.0,85.0,91.0,94.0,5.0,2.0,3.0,regular,high
REC_002870,USR_0144,2026-04-21,22,157.7,41.7,16.77,8.0,26.1,5.8,3,6.6,7,36.3,126.0,73.0,101.0,80.0,4.0,5.0,7.0,regular,medium
REC_003052,USR_0153,2026-04-21,18,169.3,59.7,20.83,7.0,0.0,7.2,1,0.0,3,36.7,100.0,64.0,65.0,88.0,5.0,3.0,7.0,regular,medium
REC_003180,USR_0160,2026-04-21,74,166.8,73.1,26.28,12.0,35.7,6.1,1,5.8,3,36.5,131.0,76.0,114.0,93.0,6.0,3.0,6.0,mal,medium
REC_003241,USR_0163,2026-04-21,49,158.7,57.9,22.99,9.0,37.4,3.7,4,10.9,0,36.5,107.0,72.0,87.0,81.0,2.0,4.0,6.0,regular,medium
REC_003426,USR_0173,2026-04-21,52,156.9,65.3,26.54,9.0,60.8,6.1,3,9.1,0,36.3,117.0,90.0,83.0,70.0,1.0,5.0,5.0,bien,low
REC_003670,USR_0185,2026-04-21,58,174.0,76.3,25.21,4.0,18.7,4.7,0,16.6,5,36.3,125.0,79.0,90.0,75.0,7.0,1.0,4.0,muy mal,high
REC_003770,USR_0190,2026-04-21,71,152.1,48.8,21.11,7.0,25.0,6.9,1,6.5,5,37.0,130.0,74.0,108.0,83.0,5.0,2.0,4.0,regular,medium
REC_003793,USR_0191,2026-04-21,49,159.4,71.1,27.97,7.0,51.6,8.4,1,20.8,0,37.1,119.0,66.0,91.0,67.0,1.0,8.0,10.0,muy bien,low
REC_003877,USR_0195,2026-04-21,52,171.9,81.8,27.7,7.0,51.3,9.0,5,28.6,1,36.9,105.0,64.0,105.0,68.0,1.0,8.0,8.0,muy bien,low
REC_004002,USR_0201,2026-04-21,41,166.5,70.2,25.31,7.0,38.8,6.8,1,26.1,3,37.3,133.0,76.0,81.0,85.0,2.0,4.0,7.0,bien,low
REC_004071,USR_0205,2026-04-21,18,177.2,75.0,23.89,7.0,31.5,6.2,3,1.8,7,36.7,117.0,81.0,104.0,92.0,4.0,2.0,6.0,mal,medium
REC_004114,USR_0207,2026-04-21,18,169.3,74.7,26.08,10.0,43.4,7.5,4,26.8,1,36.6,100.0,82.0,100.0,73.0,1.0,7.0,6.0,bien,low
REC_004292,USR_0215,2026-04-21,23,180.8,78.6,24.03,6.0,1.6,5.3,2,9.2,5,36.8,112.0,67.0,91.0,102.0,7.0,3.0,6.0,mal,high
REC_004339,USR_0217,2026-04-21,19,148.5,55.5,25.19,7.0,50.6,8.2,4,15.5,0,36.2,106.0,61.0,100.0,56.0,1.0,5.0,6.0,regular,low
REC_004354,USR_0218,2026-04-21,20,180.2,97.6,30.06,6.0,17.6,6.2,2,0.0,6,36.6,113.0,63.0,61.0,90.0,5.0,2.0,5.0,muy mal,medium
REC_004375,USR_0219,2026-04-21,18,176.3,52.3,16.83,6.0,6.9,5.6,0,0.0,4,36.7,115.0,70.0,110.0,81.0,4.0,4.0,4.0,regular,medium
REC_004390,USR_0220,2026-04-21,18,184.4,112.3,33.04,4.0,5.8,6.6,3,0.0,6,36.9,138.0,63.0,110.0,93.0,7.0,2.0,4.0,mal,medium
REC_004432,USR_0222,2026-04-21,62,157.0,77.9,31.62,4.0,29.7,6.8,2,4.7,3,37.1,104.0,74.0,100.0,64.0,2.0,6.0,7.0,bien,medium
REC_004512,USR_0226,2026-04-21,50,166.7,122.5,44.1,7.0,20.6,5.5,1,0.0,3,36.7,121.0,77.0,124.0,82.0,5.0,3.0,7.0,regular,medium
REC_004661,USR_0234,2026-04-21,18,166.9,91.0,32.67,8.0,1.3,6.3,2,29.1,5,37.1,119.0,60.0,88.0,87.0,5.0,4.0,9.0,mal,medium
REC_004739,USR_0238,2026-04-21,40,170.5,88.6,30.47,7.0,26.8,6.0,3,15.2,1,36.4,128.0,60.0,81.0,77.0,3.0,5.0,6.0,mal,medium
REC_004792,USR_0240,2026-04-21,19,151.8,82.3,35.72,6.0,8.4,7.1,2,4.5,2,37.2,113.0,69.0,84.0,85.0,3.0,3.0,3.0,mal,medium
REC_004892,USR_0245,2026-04-21,35,168.5,50.1,17.65,3.0,13.5,3.9,4,17.9,7,36.8,107.0,77.0,119.0,107.0,6.0,2.0,6.0,mal,high
REC_000027,USR_0002,2026-04-22,23,179.5,88.3,27.4,5.0,0.0,4.4,2,14.1,8,36.1,127.0,88.0,91.0,83.0,6.0,1.0,1.0,muy mal,high
REC_000128,USR_0007,2026-04-22,39,184.9,57.7,16.87,3.0,23.2,5.1,1,12.4,6,36.6,124.0,79.0,101.0,94.0,5.0,1.0,5.0,mal,high
REC_000149,USR_0008,2026-04-22,32,161.4,103.6,39.76,7.0,38.2,7.3,3,18.1,2,36.7,104.0,60.0,122.0,78.0,5.0,5.0,8.0,regular,low
REC_000356,USR_0018,2026-04-22,27,169.5,74.4,25.88,5.0,27.1,5.6,1,0.0,6,36.8,107.0,64.0,86.0,78.0,6.0,1.0,4.0,mal,medium
REC_000503,USR_0025,2026-04-22,51,175.8,66.8,21.61,5.0,0.0,6.9,1,0.0,4,36.8,116.0,68.0,128.0,92.0,6.0,1.0,8.0,mal,medium
REC_000562,USR_0028,2026-04-22,55,153.2,71.0,30.27,9.0,32.8,6.7,2,8.0,3,37.3,141.0,69.0,73.0,86.0,3.0,4.0,7.0,regular,medium
REC_000584,USR_0029,2026-04-22,49,153.3,47.8,20.34,8.0,59.3,9.0,4,27.4,0,36.7,114.0,78.0,78.0,76.0,1.0,9.0,9.0,muy bien,low
REC_000748,USR_0039,2026-04-22,25,164.7,61.2,22.57,11.0,57.4,8.9,3,13.2,1,36.9,111.0,60.0,87.0,75.0,1.0,7.0,9.0,muy bien,low
REC_000770,USR_0040,2026-04-22,27,172.7,67.8,22.72,10.0,47.6,8.0,3,14.9,0,36.5,95.0,74.0,110.0,77.0,3.0,7.0,9.0,bien,low
REC_000911,USR_0047,2026-04-22,25,187.4,83.6,23.82,2.0,12.3,3.8,0,0.5,5,36.7,130.0,83.0,75.0,90.0,7.0,1.0,2.0,muy mal,high
REC_000925,USR_0048,2026-04-22,36,185.3,90.3,26.31,5.0,0.2,5.6,2,0.0,6,36.5,108.0,82.0,70.0,93.0,6.0,3.0,5.0,mal,high
REC_000964,USR_0050,2026-04-22,56,176.1,68.5,22.07,6.0,28.9,8.0,3,3.5,0,36.3,133.0,59.0,78.0,74.0,1.0,7.0,8.0,muy bien,low
REC_001011,USR_0052,2026-04-22,42,178.1,76.1,24.15,8.0,22.7,9.1,3,26.9,3,36.2,130.0,88.0,104.0,72.0,2.0,4.0,8.0,bien,medium
REC_001154,USR_0059,2026-04-22,51,165.2,63.2,23.17,8.0,0.0,6.5,4,24.3,2,36.9,120.0,89.0,50.0,78.0,4.0,4.0,6.0,regular,medium
REC_001173,USR_0060,2026-04-22,52,174.4,54.4,17.89,3.0,7.9,5.7,1,0.0,5,36.7,110.0,74.0,67.0,78.0,2.0,5.0,6.0,regular,medium
REC_001228,USR_0063,2026-04-22,19,167.1,60.1,21.53,7.0,16.3,5.4,1,19.2,4,36.8,120.0,73.0,91.0,78.0,8.0,1.0,6.0,muy mal,medium
REC_001303,USR_0067,2026-04-22,54,176.0,107.7,34.76,6.0,0.0,4.8,2,9.4,7,36.3,123.0,64.0,121.0,90.0,7.0,1.0,5.0,mal,high
REC_001351,USR_0069,2026-04-22,53,175.2,80.5,26.24,9.0,26.9,6.2,1,0.0,3,36.9,118.0,72.0,91.0,65.0,5.0,4.0,7.0,regular,medium
REC_001476,USR_0075,2026-04-22,21,161.6,43.0,16.48,6.0,21.3,8.8,2,0.0,2,36.2,99.0,74.0,104.0,86.0,4.0,5.0,6.0,regular,medium
REC_001515,USR_0077,2026-04-22,27,166.1,67.8,24.57,6.0,13.7,8.5,1,20.8,2,36.7,108.0,89.0,89.0,74.0,1.0,8.0,10.0,bien,low
REC_001600,USR_0081,2026-04-22,18,167.4,103.9,37.07,3.0,0.0,4.5,1,6.3,5,36.8,110.0,74.0,100.0,90.0,6.0,2.0,4.0,muy mal,high
REC_001699,USR_0086,2026-04-22,36,181.9,110.3,33.33,5.0,19.3,4.9,0,1.0,6,36.9,124.0,56.0,101.0,80.0,7.0,1.0,5.0,mal,high
REC_001761,USR_0089,2026-04-22,18,158.6,90.0,35.78,5.0,20.5,7.1,3,11.0,0,37.0,107.0,76.0,76.0,83.0,4.0,5.0,6.0,regular,medium
REC_001781,USR_0090,2026-04-22,34,183.3,96.5,28.72,8.0,12.0,7.0,4,8.7,1,36.9,101.0,67.0,84.0,83.0,2.0,7.0,8.0,bien,medium
REC_001822,USR_0092,2026-04-22,34,166.4,78.8,28.46,6.0,35.1,4.9,2,0.0,3,36.5,118.0,75.0,76.0,89.0,4.0,2.0,4.0,mal,medium
REC_001929,USR_0098,2026-04-22,18,159.2,70.9,27.99,5.0,51.8,7.9,2,23.0,0,37.2,106.0,68.0,87.0,75.0,4.0,8.0,7.0,bien,low
REC_001958,USR_0099,2026-04-22,36,171.7,62.9,21.09,4.0,3.6,4.9,2,0.0,5,36.5,115.0,69.0,114.0,84.0,3.0,4.0,6.0,regular,medium
REC_001977,USR_0100,2026-04-22,69,161.2,90.4,34.81,9.0,49.9,8.3,2,24.2,1,36.9,129.0,74.0,101.0,77.0,1.0,7.0,9.0,bien,low
REC_002205,USR_0111,2026-04-22,47,170.9,89.1,30.49,12.0,9.5,5.1,1,7.1,1,37.0,127.0,76.0,104.0,83.0,4.0,4.0,6.0,regular,medium
REC_002280,USR_0115,2026-04-22,38,149.5,54.2,24.27,2.0,0.0,5.5,1,13.8,5,36.4,118.0,78.0,93.0,91.0,5.0,2.0,5.0,mal,high
REC_002348,USR_0118,2026-04-22,44,154.4,63.6,26.69,8.0,60.8,7.7,2,18.7,1,36.8,110.0,69.0,77.0,82.0,2.0,7.0,8.0,bien,low
REC_002413,USR_0121,2026-04-22,56,161.4,82.8,31.8,8.0,23.9,8.0,4,5.6,2,37.0,112.0,76.0,98.0,81.0,1.0,7.0,8.0,bien,medium
REC_002518,USR_0127,2026-04-22,23,162.0,62.8,23.92,11.0,70.9,8.1,2,11.6,0,36.5,128.0,82.0,112.0,73.0,1.0,8.0,9.0,muy bien,low
REC_002584,USR_0130,2026-04-22,43,144.9,40.0,19.05,3.0,20.6,3.4,0,21.2,5,36.7,126.0,71.0,79.0,89.0,10.0,2.0,4.0,muy mal,high
REC_002740,USR_0138,2026-04-22,57,151.4,43.9,19.13,10.0,11.2,8.6,5,41.4,0,37.1,111.0,84.0,89.0,69.0,2.0,4.0,9.0,bien,low
REC_002972,USR_0149,2026-04-22,44,145.3,68.8,32.6,5.0,22.7,5.0,1,1.0,3,37.2,111.0,68.0,106.0,76.0,6.0,2.0,3.0,mal,high
REC_003006,USR_0151,2026-04-22,26,164.4,46.0,17.03,9.0,0.0,6.6,2,0.0,3,36.0,113.0,61.0,66.0,74.0,3.0,6.0,8.0,bien,medium
REC_003053,USR_0153,2026-04-22,18,169.3,59.5,20.75,6.0,5.0,7.9,2,15.1,1,36.3,109.0,84.0,95.0,76.0,5.0,3.0,7.0,regular,medium
REC_003181,USR_0160,2026-04-22,74,166.8,73.0,26.24,3.0,26.7,7.0,1,11.7,0,36.7,141.0,78.0,84.0,81.0,2.0,4.0,6.0,regular,medium
REC_003202,USR_0161,2026-04-22,36,157.9,66.5,26.67,2.0,34.0,5.6,0,5.2,5,36.8,133.0,72.0,117.0,81.0,6.0,3.0,6.0,muy mal,high
REC_003298,USR_0166,2026-04-22,30,161.2,62.1,23.9,7.0,46.0,7.1,4,16.9,1,36.9,125.0,67.0,97.0,71.0,1.0,7.0,7.0,bien,low
REC_003427,USR_0173,2026-04-22,52,156.9,65.4,26.57,12.0,60.7,8.1,3,4.3,0,36.8,125.0,73.0,69.0,65.0,1.0,6.0,7.0,bien,low
REC_003449,USR_0174,2026-04-22,45,162.1,60.1,22.89,7.0,5.2,6.4,2,18.0,1,37.3,120.0,68.0,92.0,75.0,4.0,4.0,6.0,regular,medium
REC_003557,USR_0179,2026-04-22,24,140.0,40.0,20.43,2.0,16.7,5.2,5,14.6,1,36.8,124.0,73.0,120.0,94.0,3.0,5.0,5.0,regular,medium
REC_003654,USR_0184,2026-04-22,39,165.9,60.0,21.81,4.0,19.1,9.0,3,11.6,3,36.6,108.0,77.0,73.0,80.0,1.0,6.0,8.0,muy bien,low
REC_003794,USR_0191,2026-04-22,49,159.4,71.2,28.03,10.0,66.1,7.7,2,13.8,1,36.5,102.0,72.0,96.0,66.0,1.0,8.0,8.0,muy bien,low
REC_003834,USR_0193,2026-04-22,35,170.0,93.6,32.4,6.0,20.3,5.6,0,17.5,5,36.7,121.0,88.0,99.0,100.0,7.0,2.0,4.0,muy mal,medium
REC_003878,USR_0195,2026-04-22,52,171.9,81.7,27.65,8.0,33.4,6.9,3,24.5,1,36.8,110.0,72.0,103.0,71.0,2.0,6.0,8.0,regular,low
REC_003933,USR_0198,2026-04-22,29,180.5,68.6,21.06,10.0,72.9,7.6,4,8.7,0,36.8,121.0,66.0,100.0,60.0,1.0,4.0,8.0,bien,low
REC_003956,USR_0199,2026-04-22,22,166.5,77.0,27.78,11.0,42.5,6.8,2,13.8,1,36.3,102.0,55.0,87.0,81.0,2.0,5.0,7.0,bien,low
REC_004072,USR_0205,2026-04-22,18,177.2,75.0,23.88,4.0,27.6,5.5,3,0.0,10,37.6,117.0,67.0,71.0,87.0,5.0,1.0,5.0,regular,medium
REC_004115,USR_0207,2026-04-22,18,169.3,74.9,26.13,10.0,45.4,8.4,4,16.5,0,36.8,113.0,52.0,68.0,62.0,1.0,9.0,9.0,muy bien,low
REC_004184,USR_0210,2026-04-22,39,159.0,85.2,33.72,7.0,25.7,7.3,3,8.3,2,36.8,126.0,74.0,98.0,74.0,3.0,5.0,8.0,bien,low
REC_004219,USR_0212,2026-04-22,45,154.0,50.3,21.21,2.0,17.1,4.6,0,10.0,7,36.7,137.0,86.0,92.0,70.0,8.0,1.0,4.0,muy mal,high
REC_004314,USR_0216,2026-04-22,40,159.2,81.2,32.05,6.0,0.0,4.5,0,3.6,6,36.8,113.0,72.0,88.0,87.0,7.0,1.0,6.0,mal,high
REC_004547,USR_0228,2026-04-22,38,181.6,83.3,25.26,8.0,58.0,7.1,2,16.7,0,36.3,119.0,63.0,66.0,76.0,2.0,6.0,8.0,bien,low
REC_004678,USR_0235,2026-04-22,23,166.5,51.8,18.7,9.0,46.9,9.3,2,5.3,0,37.0,124.0,90.0,80.0,63.0,1.0,7.0,9.0,muy bien,low
REC_004740,USR_0238,2026-04-22,40,170.5,88.5,30.44,6.0,19.2,6.5,2,0.6,1,36.7,121.0,75.0,80.0,81.0,3.0,6.0,5.0,bien,medium
REC_004810,USR_0241,2026-04-22,30,172.4,102.6,34.52,7.0,14.0,6.5,3,10.0,7,36.9,112.0,69.0,119.0,83.0,6.0,3.0,6.0,muy mal,medium
REC_004918,USR_0246,2026-04-22,24,174.0,57.7,19.05,8.0,32.8,5.4,1,17.2,4,36.6,119.0,69.0,114.0,72.0,5.0,5.0,7.0,regular,medium
REC_004989,USR_0250,2026-04-22,26,149.2,45.4,20.41,2.0,21.1,5.1,3,1.5,6,36.5,116.0,76.0,67.0,91.0,5.0,1.0,4.0,mal,medium
REC_000028,USR_0002,2026-04-23,23,179.5,88.2,27.36,8.0,29.4,4.8,3,3.1,5,37.1,105.0,83.0,93.0,78.0,7.0,1.0,4.0,mal,medium
REC_000173,USR_0009,2026-04-23,45,164.2,58.4,21.67,9.0,52.8,7.2,3,44.1,1,36.5,112.0,73.0,81.0,70.0,2.0,4.0,7.0,bien,low
REC_000229,USR_0012,2026-04-23,27,174.4,103.4,34.01,2.0,0.0,5.1,1,0.1,4,37.0,125.0,74.0,69.0,89.0,5.0,1.0,4.0,mal,high
REC_000253,USR_0013,2026-04-23,18,171.6,82.3,27.95,6.0,2.1,7.3,1,3.1,1,36.7,124.0,81.0,91.0,82.0,3.0,5.0,9.0,bien,medium
REC_000459,USR_0023,2026-04-23,26,182.6,89.3,26.79,8.0,34.0,5.4,1,8.3,7,36.6,122.0,66.0,66.0,95.0,7.0,2.0,6.0,muy mal,medium
REC_000504,USR_0025,2026-04-23,51,175.8,66.7,21.57,6.0,10.9,7.9,2,0.0,7,37.7,105.0,73.0,94.0,104.0,5.0,2.0,7.0,regular,medium
REC_000673,USR_0034,2026-04-23,22,155.9,76.7,31.55,6.0,4.5,5.6,2,2.9,6,36.5,112.0,69.0,74.0,97.0,4.0,1.0,5.0,regular,medium
REC_000699,USR_0036,2026-04-23,24,168.8,83.3,29.25,6.0,15.0,6.4,3,12.2,6,36.3,98.0,84.0,127.0,89.0,6.0,4.0,6.0,mal,medium
REC_000965,USR_0050,2026-04-23,56,176.1,68.5,22.07,10.0,36.6,6.7,3,19.5,0,37.0,124.0,69.0,128.0,73.0,1.0,7.0,9.0,bien,low
REC_001012,USR_0052,2026-04-23,42,178.1,76.5,24.1,9.0,61.5,7.9,2,0.0,0,36.4,115.0,77.0,92.0,66.0,2.0,7.0,8.0,bien,low
REC_001113,USR_0057,2026-04-23,33,172.5,83.8,28.05,3.0,44.3,7.0,2,12.6,1,36.7,108.0,79.0,84.0,72.0,4.0,5.0,8.0,bien,low
REC_001155,USR_0059,2026-04-23,51,165.2,63.2,23.16,8.0,28.6,7.0,3,30.7,0,36.5,122.0,74.0,75.0,71.0,4.0,4.0,6.0,regular,low
REC_001216,USR_0062,2026-04-23,45,154.5,75.0,31.41,5.0,11.4,4.7,1,8.5,3,36.4,119.0,81.0,95.0,93.0,6.0,1.0,5.0,mal,high
REC_001500,USR_0076,2026-04-23,21,168.4,90.9,32.06,2.0,0.0,5.8,2,12.4,6,36.8,115.0,69.0,94.0,81.0,5.0,4.0,5.0,regular,high
REC_001663,USR_0084,2026-04-23,44,158.0,54.1,21.67,3.0,50.8,9.5,5,23.9,0,36.5,119.0,77.0,93.0,81.0,1.0,7.0,8.0,muy bien,low
REC_001722,USR_0087,2026-04-23,34,162.7,84.6,31.94,6.0,34.9,8.7,3,5.6,0,36.5,111.0,65.0,87.0,81.0,1.0,6.0,8.0,bien,low
REC_001747,USR_0088,2026-04-23,30,162.3,60.3,22.91,5.0,8.1,6.0,0,13.6,6,37.2,132.0,68.0,93.0,77.0,6.0,3.0,4.0,mal,medium
REC_001802,USR_0091,2026-04-23,44,178.1,104.6,32.97,7.0,74.1,7.7,4,22.5,0,36.4,136.0,61.0,94.0,83.0,1.0,7.0,6.0,bien,low
REC_001837,USR_0093,2026-04-23,53,173.3,70.8,23.56,7.0,55.7,6.7,3,11.7,0,36.4,99.0,67.0,83.0,62.0,1.0,7.0,7.0,bien,low
REC_001874,USR_0095,2026-04-23,34,180.7,90.6,27.74,7.0,0.0,4.4,2,19.7,7,37.2,130.0,69.0,81.0,81.0,5.0,3.0,5.0,regular,high
REC_001893,USR_0096,2026-04-23,50,153.1,50.3,21.47,7.0,64.5,7.7,3,39.6,0,37.0,128.0,71.0,96.0,70.0,1.0,6.0,8.0,muy bien,low
REC_002025,USR_0102,2026-04-23,54,171.0,90.7,31.02,3.0,29.4,6.8,4,0.0,1,36.1,108.0,70.0,86.0,84.0,3.0,5.0,8.0,bien,low
REC_002086,USR_0105,2026-04-23,29,170.0,65.6,22.7,6.0,60.0,4.4,2,0.0,7,37.3,119.0,74.0,51.0,98.0,6.0,3.0,5.0,mal,medium
REC_002107,USR_0106,2026-04-23,18,163.3,58.3,21.86,6.0,32.6,4.9,1,15.2,6,37.2,127.0,80.0,78.0,86.0,5.0,3.0,3.0,regular,high
REC_002244,USR_0113,2026-04-23,36,165.6,55.5,20.24,11.0,42.6,6.9,3,2.5,2,36.5,113.0,73.0,83.0,80.0,2.0,5.0,8.0,regular,low
REC_002327,USR_0117,2026-04-23,46,184.7,89.1,26.1,10.0,28.4,8.7,2,17.3,1,37.0,114.0,77.0,74.0,66.0,1.0,6.0,9.0,muy bien,low
REC_002432,USR_0122,2026-04-23,25,171.8,68.3,23.14,9.0,49.8,8.2,2,0.0,1,36.7,119.0,59.0,97.0,83.0,3.0,4.0,7.0,regular,low
REC_002568,USR_0129,2026-04-23,28,168.8,64.4,22.6,7.0,15.5,7.6,3,0.0,2,36.7,101.0,73.0,79.0,92.0,5.0,4.0,8.0,bien,medium
REC_002585,USR_0130,2026-04-23,43,144.9,40.1,19.09,6.0,8.4,4.3,1,5.6,7,36.6,130.0,80.0,70.0,83.0,8.0,1.0,3.0,muy mal,high
REC_002644,USR_0133,2026-04-23,18,151.0,40.0,17.54,4.0,76.8,7.7,5,3.9,4,36.4,116.0,66.0,72.0,71.0,3.0,7.0,9.0,bien,low
REC_002761,USR_0139,2026-04-23,45,155.6,56.4,23.3,4.0,21.4,6.8,4,10.9,2,36.7,107.0,71.0,88.0,80.0,3.0,4.0,5.0,bien,high
REC_002783,USR_0140,2026-04-23,29,157.3,65.9,26.65,3.0,5.2,5.5,2,0.0,6,36.3,128.0,80.0,65.0,81.0,5.0,3.0,7.0,regular,medium
REC_002823,USR_0142,2026-04-23,19,173.6,77.0,25.55,9.0,29.4,2.7,0,0.0,0,36.7,114.0,80.0,90.0,71.0,5.0,2.0,4.0,mal,high
REC_003054,USR_0153,2026-04-23,18,169.3,59.6,20.79,5.0,20.0,6.7,1,27.8,3,36.7,116.0,70.0,50.0,82.0,5.0,2.0,6.0,regular,medium
REC_003123,USR_0157,2026-04-23,33,169.6,61.8,21.5,4.0,30.9,4.2,2,0.0,6,36.7,146.0,83.0,104.0,91.0,9.0,1.0,5.0,muy mal,high
REC_003156,USR_0159,2026-04-23,39,164.1,76.8,28.51,8.0,25.8,8.3,5,23.2,1,36.6,119.0,61.0,106.0,93.0,1.0,6.0,9.0,muy bien,low
REC_003337,USR_0168,2026-04-23,49,179.1,117.3,36.58,4.0,13.8,5.4,1,7.0,4,36.2,119.0,62.0,104.0,75.0,5.0,2.0,5.0,regular,medium
REC_003450,USR_0174,2026-04-23,45,162.1,60.0,22.82,8.0,40.8,5.8,2,4.5,4,37.2,111.0,67.0,82.0,81.0,5.0,5.0,6.0,bien,low
REC_003594,USR_0181,2026-04-23,36,164.6,52.8,19.49,4.0,28.5,4.3,1,0.0,5,36.2,116.0,71.0,102.0,83.0,5.0,4.0,5.0,mal,medium
REC_003684,USR_0186,2026-04-23,25,169.9,75.3,26.1,8.0,38.4,9.1,3,6.7,0,36.7,112.0,74.0,105.0,79.0,1.0,7.0,9.0,bien,low
REC_003752,USR_0189,2026-04-23,53,185.5,134.0,38.93,2.0,0.0,4.1,0,0.0,3,36.2,123.0,77.0,96.0,92.0,8.0,2.0,5.0,muy mal,high
REC_003815,USR_0192,2026-04-23,34,158.4,87.8,34.98,2.0,0.0,6.3,1,0.0,3,36.4,117.0,64.0,106.0,93.0,5.0,3.0,6.0,muy mal,high
REC_003957,USR_0199,2026-04-23,22,166.5,76.7,27.67,9.0,66.1,6.9,1,21.7,0,36.9,115.0,72.0,108.0,67.0,2.0,7.0,8.0,muy bien,low
REC_004023,USR_0202,2026-04-23,32,152.2,45.9,19.8,1.0,18.5,5.7,1,15.7,7,36.6,116.0,83.0,82.0,75.0,8.0,1.0,5.0,muy mal,high
REC_004116,USR_0207,2026-04-23,18,169.3,75.0,26.18,11.0,64.9,9.3,3,10.9,0,36.7,128.0,68.0,72.0,62.0,1.0,8.0,8.0,bien,low
REC_004185,USR_0210,2026-04-23,39,159.0,85.3,33.74,9.0,46.8,6.1,3,7.8,1,36.3,126.0,75.0,105.0,77.0,3.0,3.0,6.0,regular,low
REC_004293,USR_0215,2026-04-23,23,180.8,78.6,24.04,3.0,32.4,5.2,1,27.1,8,36.0,88.0,64.0,92.0,103.0,6.0,3.0,6.0,mal,medium
REC_004315,USR_0216,2026-04-23,40,159.2,81.3,32.09,6.0,36.3,4.7,0,0.3,4,36.4,125.0,77.0,71.0,84.0,7.0,1.0,4.0,muy mal,medium
REC_004452,USR_0223,2026-04-23,36,158.4,75.6,30.12,2.0,0.0,4.0,0,1.8,4,36.5,123.0,73.0,72.0,82.0,7.0,1.0,1.0,muy mal,high
REC_004566,USR_0229,2026-04-23,41,170.1,94.8,32.76,9.0,44.2,5.6,1,0.0,3,36.7,109.0,67.0,80.0,88.0,4.0,3.0,4.0,regular,medium
REC_004584,USR_0230,2026-04-23,70,148.7,68.7,31.08,3.0,37.5,5.0,0,4.5,5,36.5,151.0,78.0,105.0,88.0,5.0,2.0,4.0,mal,medium
REC_004605,USR_0231,2026-04-23,25,153.6,45.0,19.08,5.0,0.0,8.3,3,33.5,0,37.1,114.0,78.0,75.0,82.0,1.0,7.0,9.0,muy bien,low
REC_004625,USR_0232,2026-04-23,66,172.7,60.9,20.42,6.0,38.2,3.8,0,0.0,6,36.9,138.0,77.0,106.0,92.0,8.0,1.0,3.0,muy mal,high
REC_004679,USR_0235,2026-04-23,23,166.5,51.8,18.69,9.0,10.6,9.1,3,29.6,0,36.8,112.0,67.0,110.0,72.0,2.0,7.0,9.0,muy bien,low
REC_004933,USR_0247,2026-04-23,51,145.1,40.0,19.0,3.0,0.0,5.1,2,0.0,6,36.6,124.0,71.0,95.0,87.0,6.0,1.0,5.0,muy mal,high
REC_000150,USR_0008,2026-04-24,32,161.4,103.4,39.82,5.0,73.0,7.3,3,8.9,2,36.7,104.0,80.0,106.0,92.0,5.0,5.0,7.0,regular,low
REC_000174,USR_0009,2026-04-24,45,164.2,58.5,21.71,10.0,27.7,7.1,4,19.5,0,36.5,112.0,64.0,87.0,86.0,1.0,6.0,8.0,regular,low
REC_000271,USR_0014,2026-04-24,18,140.0,55.2,28.19,8.0,9.8,5.9,3,16.0,2,36.8,115.0,72.0,125.0,87.0,4.0,4.0,6.0,regular,medium
REC_000316,USR_0016,2026-04-24,30,172.2,68.3,23.03,1.0,11.3,5.6,1,0.0,3,36.8,123.0,76.0,94.0,94.0,8.0,2.0,7.0,mal,high
REC_000373,USR_0019,2026-04-24,37,158.9,75.4,29.85,10.0,10.6,5.5,2,5.1,5,36.2,112.0,64.0,92.0,88.0,7.0,2.0,5.0,mal,medium
REC_000389,USR_0020,2026-04-24,39,163.1,72.8,27.37,7.0,43.8,8.2,4,14.2,2,36.6,107.0,74.0,79.0,89.0,2.0,7.0,8.0,bien,low
REC_000409,USR_0021,2026-04-24,18,158.0,80.6,32.28,7.0,24.7,6.8,2,0.0,6,36.6,106.0,88.0,97.0,89.0,7.0,2.0,3.0,muy mal,medium
REC_000540,USR_0027,2026-04-24,57,164.1,73.8,27.42,4.0,0.0,8.0,2,1.8,3,36.1,125.0,82.0,81.0,73.0,4.0,4.0,6.0,regular,medium
REC_000875,USR_0045,2026-04-24,19,172.5,69.2,23.24,3.0,0.0,6.2,2,0.0,6,36.6,102.0,64.0,79.0,99.0,7.0,1.0,5.0,mal,high
REC_000947,USR_0049,2026-04-24,45,158.8,88.5,35.08,5.0,25.8,7.6,2,3.4,2,36.1,112.0,63.0,103.0,84.0,2.0,6.0,8.0,muy bien,low
REC_001156,USR_0059,2026-04-24,51,165.2,62.8,23.03,6.0,46.9,5.9,2,18.1,2,36.5,141.0,75.0,80.0,78.0,6.0,4.0,5.0,regular,medium
REC_001174,USR_0060,2026-04-24,52,174.4,54.3,17.87,3.0,37.4,5.5,2,6.7,5,36.6,122.0,87.0,88.0,90.0,5.0,1.0,5.0,mal,medium
REC_001217,USR_0062,2026-04-24,45,154.5,75.3,31.55,5.0,10.9,4.5,0,10.4,6,37.0,121.0,74.0,57.0,99.0,7.0,1.0,4.0,mal,high
REC_001229,USR_0063,2026-04-24,19,167.1,60.2,21.56,4.0,10.1,5.6,2,12.1,3,36.9,134.0,78.0,62.0,83.0,6.0,2.0,5.0,muy mal,medium
REC_001436,USR_0073,2026-04-24,31,182.5,75.3,22.6,5.0,10.8,6.5,2,3.6,3,35.9,107.0,76.0,89.0,84.0,3.0,4.0,7.0,bien,medium
REC_001579,USR_0080,2026-04-24,20,165.5,71.5,26.1,6.0,7.2,8.0,0,0.0,3,36.6,124.0,62.0,97.0,94.0,4.0,2.0,7.0,regular,medium
REC_001640,USR_0083,2026-04-24,54,169.8,76.7,26.6,5.0,0.0,7.0,3,13.9,7,36.4,130.0,81.0,87.0,93.0,6.0,3.0,7.0,regular,medium
REC_001782,USR_0090,2026-04-24,34,183.3,96.4,28.7,10.0,15.8,6.3,1,2.7,3,36.6,108.0,72.0,94.0,92.0,3.0,4.0,7.0,bien,medium
REC_002055,USR_0104,2026-04-24,31,181.5,102.3,31.06,10.0,48.5,6.3,2,13.9,0,36.8,113.0,77.0,90.0,74.0,2.0,5.0,6.0,regular,low
REC_002087,USR_0105,2026-04-24,29,170.0,65.6,22.71,3.0,0.0,5.4,4,18.7,6,37.1,127.0,66.0,78.0,81.0,6.0,1.0,5.0,muy mal,high
REC_002168,USR_0109,2026-04-24,18,183.1,77.6,23.14,9.0,44.7,5.3,0,5.2,4,36.8,99.0,69.0,101.0,86.0,7.0,1.0,6.0,mal,medium
REC_002188,USR_0110,2026-04-24,32,143.6,49.1,23.8,6.0,0.0,6.1,2,15.3,4,36.5,111.0,70.0,91.0,85.0,4.0,4.0,6.0,regular,medium
REC_002245,USR_0113,2026-04-24,36,165.6,55.5,20.22,7.0,31.5,7.0,3,31.8,0,36.4,119.0,70.0,75.0,60.0,2.0,6.0,8.0,bien,low
REC_002396,USR_0120,2026-04-24,18,164.7,46.9,17.29,5.0,14.9,5.8,1,2.9,4,36.9,121.0,83.0,87.0,85.0,6.0,2.0,8.0,bien,medium
REC_002501,USR_0126,2026-04-24,48,177.6,82.0,25.99,3.0,18.4,6.2,1,19.0,8,36.4,131.0,73.0,107.0,84.0,6.0,3.0,7.0,regular,medium
REC_002666,USR_0134,2026-04-24,55,153.0,51.6,22.06,3.0,12.3,3.4,2,3.1,6,36.7,130.0,79.0,118.0,102.0,9.0,2.0,6.0,muy mal,high
REC_002800,USR_0141,2026-04-24,40,188.9,124.2,34.81,4.0,13.5,4.7,1,6.0,4,37.5,119.0,77.0,107.0,92.0,7.0,1.0,3.0,muy mal,high
REC_002951,USR_0148,2026-04-24,30,142.0,47.9,23.74,5.0,0.0,4.8,1,0.0,5,37.2,126.0,74.0,81.0,94.0,9.0,4.0,5.0,mal,high
REC_002990,USR_0150,2026-04-24,37,172.4,49.7,16.71,11.0,49.9,8.6,2,7.8,0,36.3,116.0,72.0,95.0,70.0,1.0,7.0,7.0,muy bien,low
REC_003073,USR_0154,2026-04-24,45,180.2,90.5,27.88,7.0,64.3,7.2,3,2.0,2,36.9,105.0,60.0,110.0,79.0,2.0,6.0,8.0,muy bien,low
REC_003182,USR_0160,2026-04-24,74,166.8,72.8,26.17,6.0,32.4,7.7,2,1.0,5,36.6,135.0,91.0,117.0,79.0,2.0,4.0,7.0,regular,low
REC_003218,USR_0162,2026-04-24,23,183.5,74.6,22.14,11.0,63.9,7.6,5,27.3,0,36.5,106.0,65.0,93.0,64.0,2.0,7.0,7.0,bien,low
REC_003276,USR_0165,2026-04-24,50,167.0,79.8,28.61,8.0,34.4,4.3,1,10.8,4,36.4,116.0,73.0,106.0,81.0,6.0,2.0,6.0,mal,medium
REC_003406,USR_0172,2026-04-24,40,173.9,91.8,30.37,1.0,10.2,7.3,1,17.1,4,36.8,111.0,71.0,83.0,78.0,6.0,5.0,7.0,regular,medium
REC_003558,USR_0179,2026-04-24,24,140.0,40.3,20.55,8.0,43.2,5.6,2,4.7,3,36.5,146.0,70.0,97.0,80.0,3.0,5.0,4.0,mal,medium
REC_003595,USR_0181,2026-04-24,36,164.6,52.5,19.39,6.0,0.0,5.7,1,0.0,4,36.6,113.0,80.0,71.0,98.0,6.0,3.0,5.0,regular,high
REC_003685,USR_0186,2026-04-24,25,169.9,75.3,26.07,10.0,38.1,7.3,3,18.5,0,36.4,105.0,72.0,73.0,62.0,1.0,7.0,6.0,muy bien,low
REC_003710,USR_0187,2026-04-24,32,163.7,77.5,28.93,10.0,31.4,8.0,3,16.2,0,37.2,114.0,64.0,89.0,67.0,2.0,7.0,8.0,muy bien,low
REC_003730,USR_0188,2026-04-24,29,163.2,54.1,20.32,4.0,18.8,5.3,3,0.0,5,36.9,126.0,74.0,75.0,83.0,7.0,1.0,4.0,muy mal,medium
REC_003977,USR_0200,2026-04-24,28,154.0,59.8,25.22,2.0,0.0,7.3,1,0.0,7,36.9,115.0,74.0,93.0,81.0,6.0,3.0,7.0,regular,medium
REC_004090,USR_0206,2026-04-24,48,161.0,50.4,19.45,4.0,0.0,6.6,2,3.7,7,36.2,114.0,67.0,99.0,94.0,5.0,1.0,5.0,mal,medium
REC_004243,USR_0213,2026-04-24,31,142.0,43.3,21.48,5.0,42.5,4.8,4,14.7,4,36.8,115.0,65.0,94.0,77.0,6.0,3.0,4.0,mal,medium
REC_004271,USR_0214,2026-04-24,38,162.4,61.8,23.45,5.0,21.2,6.6,4,14.5,1,36.4,118.0,88.0,67.0,70.0,1.0,6.0,6.0,bien,medium
REC_004391,USR_0220,2026-04-24,18,184.4,112.4,33.05,7.0,15.4,6.2,2,0.4,8,35.9,113.0,79.0,98.0,84.0,6.0,2.0,5.0,mal,medium
REC_004433,USR_0222,2026-04-24,62,157.0,77.8,31.55,10.0,31.0,6.5,2,0.0,1,36.6,129.0,83.0,78.0,75.0,2.0,5.0,6.0,muy bien,low
REC_004453,USR_0223,2026-04-24,36,158.4,75.5,30.1,1.0,13.3,4.2,1,0.0,7,36.4,89.0,70.0,75.0,81.0,6.0,1.0,3.0,mal,high
REC_004513,USR_0226,2026-04-24,50,166.7,122.4,44.04,7.0,9.6,6.6,2,0.0,2,36.7,120.0,73.0,98.0,94.0,6.0,4.0,6.0,regular,medium
REC_004548,USR_0228,2026-04-24,38,181.6,83.2,25.23,7.0,18.1,8.1,3,29.3,0,37.1,110.0,81.0,91.0,67.0,1.0,7.0,9.0,muy bien,low
REC_004585,USR_0230,2026-04-24,70,148.7,68.9,31.15,2.0,34.3,5.6,0,5.7,4,36.4,114.0,74.0,92.0,92.0,7.0,1.0,5.0,mal,high
REC_004700,USR_0236,2026-04-24,38,167.9,50.8,18.02,4.0,0.0,5.7,1,22.4,7,36.8,125.0,79.0,88.0,114.0,6.0,3.0,7.0,regular,high
REC_004741,USR_0238,2026-04-24,40,170.5,88.5,30.45,6.0,31.3,6.8,1,0.0,3,36.9,113.0,75.0,106.0,70.0,4.0,4.0,6.0,bien,medium
REC_004765,USR_0239,2026-04-24,47,180.3,95.5,29.39,9.0,31.8,9.2,4,18.8,2,36.3,122.0,77.0,80.0,79.0,3.0,8.0,8.0,bien,low
REC_004934,USR_0247,2026-04-24,51,145.1,40.0,19.0,3.0,5.5,4.1,2,11.4,4,36.1,119.0,75.0,104.0,95.0,9.0,1.0,5.0,mal,high
REC_000191,USR_0010,2026-04-25,26,176.8,93.9,30.02,7.0,58.4,8.0,2,23.7,0,36.5,92.0,74.0,79.0,74.0,1.0,7.0,7.0,bien,low
REC_000336,USR_0017,2026-04-25,32,169.5,65.9,22.95,5.0,24.8,5.5,2,13.5,5,37.0,133.0,70.0,94.0,91.0,7.0,1.0,3.0,mal,high
REC_000357,USR_0018,2026-04-25,27,169.5,74.7,25.91,5.0,0.0,6.9,1,2.9,4,35.9,129.0,82.0,88.0,103.0,6.0,2.0,7.0,mal,high
REC_000624,USR_0031,2026-04-25,42,175.5,95.4,30.98,6.0,26.6,5.7,3,18.4,2,36.7,122.0,80.0,98.0,84.0,4.0,5.0,8.0,bien,medium
REC_000700,USR_0036,2026-04-25,24,168.8,83.1,29.17,5.0,48.4,7.5,1,5.2,5,36.9,112.0,85.0,77.0,85.0,5.0,2.0,6.0,muy mal,medium
REC_000791,USR_0041,2026-04-25,43,159.4,69.0,27.14,12.0,51.3,8.0,4,0.0,0,37.2,99.0,70.0,93.0,72.0,1.0,7.0,6.0,bien,low
REC_000829,USR_0043,2026-04-25,18,151.0,48.9,21.2,9.0,28.4,8.1,1,16.6,0,36.2,115.0,75.0,75.0,74.0,4.0,6.0,7.0,bien,low
REC_000892,USR_0046,2026-04-25,21,182.3,120.8,36.35,0.0,0.0,4.8,1,0.0,2,36.8,119.0,89.0,110.0,93.0,7.0,1.0,6.0,mal,high
REC_000966,USR_0050,2026-04-25,56,176.1,68.8,22.17,7.0,40.2,7.5,3,0.0,1,36.3,128.0,77.0,65.0,70.0,2.0,8.0,9.0,muy bien,low
REC_001032,USR_0053,2026-04-25,41,177.1,74.3,23.68,8.0,34.8,6.7,2,4.4,2,36.7,109.0,89.0,105.0,77.0,3.0,3.0,6.0,regular,medium
REC_001092,USR_0056,2026-04-25,60,165.5,53.5,19.54,7.0,10.9,6.5,1,2.2,3,36.5,123.0,70.0,108.0,78.0,4.0,5.0,7.0,regular,medium
REC_001194,USR_0061,2026-04-25,44,168.5,78.6,27.7,1.0,47.4,4.2,4,7.2,5,37.3,133.0,75.0,123.0,81.0,7.0,2.0,4.0,mal,medium
REC_001352,USR_0069,2026-04-25,53,175.2,80.5,26.22,7.0,14.3,7.3,1,23.1,2,36.4,125.0,77.0,118.0,84.0,2.0,4.0,7.0,bien,medium
REC_001437,USR_0073,2026-04-25,31,182.5,75.4,22.63,8.0,65.2,6.1,3,1.0,3,37.3,125.0,72.0,103.0,92.0,4.0,6.0,6.0,mal,low
REC_001538,USR_0078,2026-04-25,40,148.8,54.1,24.45,4.0,17.5,6.2,2,18.4,4,36.5,123.0,77.0,80.0,92.0,8.0,1.0,6.0,mal,medium
REC_001560,USR_0079,2026-04-25,36,177.6,67.2,21.3,5.0,36.7,8.3,1,20.9,3,36.4,127.0,71.0,74.0,71.0,3.0,3.0,9.0,bien,low
REC_001723,USR_0087,2026-04-25,34,162.7,84.7,32.01,11.0,14.9,8.7,3,39.0,0,37.1,106.0,68.0,111.0,78.0,1.0,7.0,10.0,muy bien,low
REC_001783,USR_0090,2026-04-25,34,183.3,96.3,28.67,8.0,28.6,6.9,2,10.2,1,36.5,108.0,64.0,82.0,73.0,4.0,5.0,7.0,bien,low
REC_001894,USR_0096,2026-04-25,50,153.1,50.4,21.5,10.0,46.2,8.5,3,2.3,0,37.0,121.0,74.0,96.0,47.0,1.0,7.0,7.0,bien,low
REC_002056,USR_0104,2026-04-25,31,181.5,102.4,31.1,4.0,47.3,8.1,2,23.2,2,36.3,100.0,58.0,105.0,70.0,1.0,7.0,8.0,bien,low
REC_002370,USR_0119,2026-04-25,26,177.6,75.6,23.97,4.0,0.0,5.5,2,0.0,4,36.3,124.0,91.0,91.0,83.0,7.0,2.0,4.0,mal,high
REC_002414,USR_0121,2026-04-25,56,161.4,83.0,31.87,10.0,32.4,8.4,3,0.0,1,36.9,128.0,80.0,95.0,77.0,2.0,7.0,8.0,bien,low
REC_002645,USR_0133,2026-04-25,18,151.0,40.0,17.54,9.0,55.3,7.3,2,44.5,0,36.7,119.0,77.0,87.0,85.0,2.0,6.0,8.0,bien,low
REC_002688,USR_0135,2026-04-25,60,162.5,87.4,33.09,5.0,0.0,5.5,2,0.0,6,36.3,149.0,77.0,110.0,93.0,6.0,1.0,5.0,mal,high
REC_002705,USR_0136,2026-04-25,27,162.1,97.1,36.94,8.0,45.6,7.8,2,8.9,2,36.4,105.0,75.0,93.0,71.0,4.0,5.0,8.0,bien,low
REC_002824,USR_0142,2026-04-25,19,173.6,76.8,25.49,1.0,0.0,4.6,2,19.5,3,36.1,122.0,76.0,113.0,96.0,5.0,3.0,4.0,mal,high
REC_002952,USR_0148,2026-04-25,30,142.0,48.1,23.83,7.0,5.2,4.7,2,7.8,5,37.2,109.0,81.0,71.0,101.0,7.0,1.0,3.0,mal,high
REC_002973,USR_0149,2026-04-25,44,145.3,68.8,32.56,6.0,6.3,6.8,1,0.0,4,36.9,120.0,87.0,95.0,90.0,5.0,3.0,6.0,regular,medium
REC_003028,USR_0152,2026-04-25,49,178.9,91.6,28.62,2.0,23.9,6.0,2,0.0,5,37.0,136.0,84.0,91.0,96.0,4.0,1.0,5.0,mal,medium
REC_003085,USR_0155,2026-04-25,38,188.3,125.5,35.4,7.0,0.0,3.5,0,7.7,5,36.4,101.0,92.0,121.0,80.0,5.0,1.0,2.0,muy mal,high
REC_003338,USR_0168,2026-04-25,49,179.1,117.7,36.68,4.0,42.2,6.7,2,0.0,5,36.9,110.0,72.0,85.0,93.0,8.0,1.0,6.0,muy mal,medium
REC_003356,USR_0169,2026-04-25,44,183.3,104.3,31.04,5.0,0.0,4.4,1,0.0,4,36.6,125.0,78.0,109.0,89.0,6.0,2.0,6.0,mal,high
REC_003472,USR_0175,2026-04-25,54,191.2,88.1,24.1,8.0,5.2,8.8,3,23.4,1,35.9,125.0,74.0,93.0,69.0,1.0,6.0,9.0,bien,low
REC_003559,USR_0179,2026-04-25,24,140.0,40.5,20.67,7.0,28.8,6.5,3,11.2,2,36.6,130.0,65.0,71.0,69.0,4.0,4.0,5.0,regular,medium
REC_003686,USR_0186,2026-04-25,25,169.9,75.7,26.21,7.0,37.0,8.8,5,3.8,0,36.6,131.0,67.0,74.0,85.0,1.0,7.0,7.0,muy bien,low
REC_003711,USR_0187,2026-04-25,32,163.7,77.5,28.92,11.0,58.0,8.3,1,0.0,0,36.8,112.0,87.0,64.0,77.0,2.0,8.0,9.0,bien,low
REC_003771,USR_0190,2026-04-25,71,152.1,48.9,21.15,1.0,9.2,6.0,1,4.9,6,36.9,134.0,83.0,118.0,82.0,6.0,2.0,6.0,muy mal,high
REC_003795,USR_0191,2026-04-25,49,159.4,71.1,27.99,9.0,49.9,6.9,4,22.4,0,36.8,102.0,72.0,90.0,81.0,1.0,4.0,6.0,regular,low
REC_003816,USR_0192,2026-04-25,34,158.4,87.8,34.99,4.0,0.0,4.6,1,9.0,5,36.7,107.0,70.0,105.0,95.0,7.0,1.0,3.0,muy mal,high
REC_003879,USR_0195,2026-04-25,52,171.9,81.6,27.62,10.0,36.2,7.6,2,22.3,1,36.2,106.0,68.0,89.0,76.0,2.0,6.0,8.0,bien,low
REC_003894,USR_0196,2026-04-25,30,164.1,48.5,18.01,2.0,30.6,4.6,1,0.0,5,36.5,144.0,88.0,84.0,79.0,6.0,1.0,4.0,mal,high
REC_003934,USR_0198,2026-04-25,29,180.5,68.5,21.04,11.0,23.5,7.5,2,13.7,1,36.7,123.0,73.0,97.0,73.0,1.0,6.0,7.0,bien,medium
REC_003978,USR_0200,2026-04-25,28,154.0,59.6,25.13,4.0,16.5,5.5,3,18.8,6,36.9,109.0,75.0,114.0,96.0,5.0,3.0,4.0,muy mal,high
REC_004220,USR_0212,2026-04-25,45,154.0,50.4,21.26,3.0,0.0,5.5,1,0.0,3,37.2,120.0,82.0,103.0,99.0,7.0,1.0,6.0,mal,high
REC_004272,USR_0214,2026-04-25,38,162.4,61.7,23.41,9.0,26.6,8.1,3,18.4,1,36.9,95.0,78.0,89.0,82.0,2.0,6.0,8.0,bien,low
REC_004316,USR_0216,2026-04-25,40,159.2,81.6,32.19,6.0,24.5,3.7,1,3.1,5,36.8,144.0,85.0,96.0,99.0,7.0,1.0,3.0,mal,high
REC_004355,USR_0218,2026-04-25,20,180.2,97.3,29.96,3.0,13.9,6.3,1,4.4,7,36.1,112.0,65.0,108.0,85.0,4.0,4.0,8.0,regular,medium
REC_004392,USR_0220,2026-04-25,18,184.4,112.1,32.97,5.0,0.0,7.0,3,4.3,6,37.0,137.0,74.0,78.0,89.0,5.0,3.0,8.0,regular,medium
REC_004476,USR_0224,2026-04-25,49,159.6,62.6,24.57,4.0,62.2,8.7,3,11.5,0,37.4,135.0,76.0,90.0,69.0,2.0,8.0,6.0,muy bien,low
REC_004514,USR_0226,2026-04-25,50,166.7,122.4,44.05,9.0,44.1,6.9,3,2.3,2,36.8,144.0,74.0,108.0,75.0,4.0,4.0,7.0,regular,low
REC_004722,USR_0237,2026-04-25,55,174.9,86.0,28.12,5.0,18.2,5.0,1,0.0,4,36.7,140.0,82.0,79.0,100.0,7.0,1.0,3.0,regular,medium
REC_004793,USR_0240,2026-04-25,19,151.8,82.5,35.82,8.0,54.6,7.4,3,0.0,1,36.4,108.0,67.0,83.0,73.0,3.0,5.0,7.0,bien,low
REC_004832,USR_0242,2026-04-25,18,147.8,40.1,18.34,6.0,17.2,6.5,1,0.0,6,37.3,123.0,74.0,87.0,82.0,5.0,2.0,6.0,mal,medium
REC_004919,USR_0246,2026-04-25,24,174.0,57.5,19.01,7.0,17.1,5.7,2,0.0,1,37.1,127.0,64.0,103.0,82.0,5.0,5.0,6.0,regular,medium
REC_004935,USR_0247,2026-04-25,51,145.1,40.0,19.0,0.0,0.0,4.3,1,0.0,7,36.7,143.0,73.0,91.0,102.0,8.0,1.0,4.0,muy mal,high
REC_000005,USR_0001,2026-04-26,40,164.4,68.7,25.43,8.0,45.1,8.2,4,6.4,0,36.8,115.0,69.0,101.0,86.0,2.0,6.0,5.0,bien,low
REC_000051,USR_0003,2026-04-26,18,157.0,89.7,36.37,12.0,77.9,9.0,3,25.4,0,37.1,119.0,72.0,121.0,76.0,1.0,7.0,8.0,bien,low
REC_000106,USR_0006,2026-04-26,45,184.7,81.4,23.85,3.0,4.3,3.9,2,0.0,6,36.7,116.0,66.0,80.0,93.0,8.0,1.0,4.0,mal,high
REC_000151,USR_0008,2026-04-26,32,161.4,104.0,39.94,5.0,52.9,7.4,2,14.8,2,36.7,127.0,65.0,72.0,81.0,4.0,6.0,6.0,regular,low
REC_000254,USR_0013,2026-04-26,18,171.6,82.3,27.97,8.0,8.2,6.6,2,19.4,3,37.0,103.0,65.0,109.0,138.0,3.0,5.0,7.0,regular,medium
REC_000293,USR_0015,2026-04-26,27,168.2,78.0,27.56,10.0,30.2,8.4,3,3.2,1,36.3,108.0,74.0,78.0,67.0,1.0,9.0,7.0,muy bien,low
REC_000433,USR_0022,2026-04-26,55,157.3,94.1,38.01,6.0,24.1,4.2,1,2.8,4,37.0,139.0,68.0,76.0,82.0,6.0,1.0,3.0,mal,high
REC_000479,USR_0024,2026-04-26,37,154.0,56.1,23.66,8.0,41.0,8.6,3,19.9,0,36.9,126.0,80.0,92.0,77.0,3.0,7.0,10.0,muy bien,low
REC_000658,USR_0033,2026-04-26,46,165.5,67.2,24.53,5.0,51.8,4.0,3,0.0,5,37.0,123.0,69.0,84.0,87.0,7.0,1.0,6.0,muy mal,medium
REC_000686,USR_0035,2026-04-26,18,170.8,66.9,22.92,2.0,14.5,5.3,1,1.7,5,37.0,121.0,71.0,84.0,96.0,8.0,1.0,5.0,mal,high
REC_000701,USR_0036,2026-04-26,24,168.8,83.1,29.18,6.0,0.0,7.5,2,5.9,6,36.6,141.0,71.0,109.0,85.0,6.0,3.0,7.0,regular,medium
REC_000713,USR_0037,2026-04-26,31,161.4,59.0,22.65,5.0,41.8,5.3,0,3.2,5,36.1,118.0,80.0,86.0,77.0,6.0,3.0,5.0,mal,medium
REC_000792,USR_0041,2026-04-26,43,159.4,68.4,27.25,8.0,40.5,8.4,1,22.2,1,37.6,114.0,77.0,51.0,79.0,1.0,7.0,8.0,bien,low
REC_000926,USR_0048,2026-04-26,36,185.3,90.2,26.27,6.0,0.0,6.4,1,0.0,2,36.2,115.0,79.0,93.0,97.0,5.0,4.0,6.0,regular,medium
REC_000967,USR_0050,2026-04-26,56,176.1,69.0,22.27,11.0,31.2,8.3,3,12.1,0,37.1,122.0,70.0,85.0,75.0,1.0,8.0,10.0,muy bien,low
REC_000992,USR_0051,2026-04-26,44,155.2,69.8,28.97,8.0,11.7,8.4,2,12.9,3,36.3,98.0,77.0,95.0,76.0,1.0,7.0,8.0,muy bien,low
REC_001013,USR_0052,2026-04-26,42,178.1,76.7,24.17,9.0,31.1,7.7,4,32.6,1,36.2,129.0,83.0,101.0,67.0,2.0,7.0,8.0,muy bien,low
REC_001230,USR_0063,2026-04-26,19,167.1,59.9,21.45,1.0,0.0,4.8,0,0.0,4,37.4,119.0,74.0,91.0,86.0,6.0,1.0,5.0,mal,high
REC_001398,USR_0071,2026-04-26,29,163.4,65.3,24.47,3.0,4.9,6.4,3,15.3,6,36.5,126.0,85.0,106.0,85.0,5.0,3.0,7.0,regular,medium
REC_001453,USR_0074,2026-04-26,47,164.5,65.5,24.22,6.0,21.3,5.6,2,1.9,4,36.7,117.0,66.0,111.0,89.0,4.0,4.0,5.0,mal,medium
REC_001561,USR_0079,2026-04-26,36,177.6,67.2,21.31,8.0,39.3,7.3,2,0.2,4,37.0,114.0,74.0,99.0,85.0,4.0,4.0,5.0,mal,medium
REC_001823,USR_0092,2026-04-26,34,166.4,78.9,28.5,4.0,20.5,7.0,1,2.6,1,36.6,117.0,86.0,102.0,73.0,5.0,3.0,6.0,regular,medium
REC_001930,USR_0098,2026-04-26,18,159.2,70.9,27.97,6.0,86.2,7.3,4,26.0,1,36.9,113.0,62.0,90.0,81.0,1.0,7.0,7.0,muy bien,low
REC_002026,USR_0102,2026-04-26,54,171.0,90.8,31.05,7.0,3.9,6.2,0,6.9,1,37.2,137.0,79.0,91.0,86.0,4.0,6.0,8.0,regular,medium
REC_002040,USR_0103,2026-04-26,42,167.4,71.5,25.53,5.0,4.5,5.8,1,16.1,5,36.7,113.0,74.0,80.0,89.0,5.0,5.0,7.0,bien,medium
REC_002057,USR_0104,2026-04-26,31,181.5,102.2,31.01,7.0,76.2,7.8,5,5.7,1,36.3,118.0,76.0,84.0,81.0,1.0,8.0,7.0,bien,low
REC_002147,USR_0108,2026-04-26,36,165.3,108.3,39.64,6.0,72.3,7.8,3,22.5,1,37.1,112.0,66.0,108.0,62.0,1.0,6.0,9.0,muy bien,low
REC_002267,USR_0114,2026-04-26,53,169.3,76.3,26.64,6.0,33.2,5.1,1,14.7,2,36.6,131.0,70.0,90.0,88.0,4.0,3.0,5.0,mal,medium
REC_002299,USR_0116,2026-04-26,37,173.7,83.3,27.61,5.0,26.4,7.0,2,3.2,4,36.3,137.0,74.0,71.0,87.0,5.0,2.0,5.0,mal,medium
REC_002450,USR_0123,2026-04-26,29,183.7,72.5,21.48,7.0,18.7,6.9,2,15.5,3,37.3,117.0,69.0,108.0,83.0,3.0,5.0,7.0,regular,medium
REC_002586,USR_0130,2026-04-26,43,144.9,40.0,19.05,3.0,0.0,4.0,0,4.1,5,36.6,116.0,81.0,95.0,103.0,7.0,1.0,3.0,mal,high
REC_002622,USR_0132,2026-04-26,49,162.1,63.8,24.29,3.0,0.0,6.4,2,8.3,6,36.5,128.0,73.0,81.0,92.0,7.0,2.0,5.0,mal,high
REC_002953,USR_0148,2026-04-26,30,142.0,48.1,23.84,4.0,40.8,4.4,2,5.1,5,37.5,117.0,74.0,107.0,80.0,6.0,3.0,5.0,regular,medium
REC_002974,USR_0149,2026-04-26,44,145.3,69.0,32.67,5.0,11.3,5.9,1,20.3,6,37.3,123.0,71.0,78.0,85.0,6.0,2.0,4.0,mal,medium
REC_003029,USR_0152,2026-04-26,49,178.9,91.8,28.69,5.0,21.0,5.3,1,20.0,5,37.1,121.0,80.0,71.0,86.0,5.0,2.0,5.0,mal,medium
REC_003138,USR_0158,2026-04-26,34,167.3,70.7,25.28,4.0,23.9,5.1,3,2.4,7,36.6,156.0,66.0,108.0,87.0,6.0,2.0,4.0,muy mal,low
REC_003299,USR_0166,2026-04-26,30,161.2,62.1,23.91,8.0,55.5,6.7,2,8.3,0,37.1,131.0,65.0,88.0,62.0,2.0,7.0,8.0,bien,low
REC_003339,USR_0168,2026-04-26,49,179.1,118.2,36.83,1.0,43.1,6.0,1,0.0,6,37.1,119.0,72.0,109.0,85.0,4.0,1.0,6.0,mal,medium
REC_003407,USR_0172,2026-04-26,40,173.9,92.0,30.43,3.0,30.1,6.7,2,3.5,6,36.7,126.0,69.0,84.0,84.0,6.0,3.0,6.0,regular,medium
REC_003489,USR_0176,2026-04-26,21,188.0,107.5,30.43,2.0,0.0,5.5,1,13.6,5,36.7,124.0,91.0,115.0,100.0,7.0,2.0,5.0,mal,high
REC_003579,USR_0180,2026-04-26,31,158.5,63.3,25.18,6.0,11.0,6.1,3,10.3,3,36.8,129.0,87.0,93.0,78.0,2.0,5.0,7.0,regular,medium
REC_003617,USR_0182,2026-04-26,53,170.7,74.0,25.41,3.0,0.0,5.4,0,1.2,4,36.6,139.0,77.0,112.0,80.0,7.0,2.0,6.0,mal,high
REC_003912,USR_0197,2026-04-26,53,162.9,80.9,30.48,4.0,37.2,4.4,1,21.2,6,36.6,126.0,81.0,79.0,88.0,7.0,2.0,3.0,muy mal,high
REC_004003,USR_0201,2026-04-26,41,166.5,70.2,25.32,7.0,17.0,5.8,1,14.0,2,36.6,123.0,64.0,80.0,94.0,4.0,5.0,7.0,regular,medium
REC_004024,USR_0202,2026-04-26,32,152.2,45.6,19.67,3.0,0.0,5.8,0,0.0,7,36.7,123.0,79.0,95.0,90.0,7.0,1.0,6.0,muy mal,high
REC_004159,USR_0209,2026-04-26,30,166.3,51.6,18.66,5.0,14.6,5.6,1,0.0,4,36.6,122.0,86.0,99.0,89.0,5.0,1.0,5.0,mal,high
REC_004294,USR_0215,2026-04-26,23,180.8,78.9,24.14,4.0,0.0,4.4,2,3.3,7,37.0,117.0,78.0,86.0,74.0,7.0,2.0,2.0,muy mal,high
REC_004356,USR_0218,2026-04-26,20,180.2,97.2,29.93,4.0,29.2,6.2,2,15.1,5,37.8,125.0,85.0,97.0,65.0,4.0,3.0,5.0,regular,medium
REC_004376,USR_0219,2026-04-26,18,176.3,52.2,16.81,6.0,24.8,5.3,2,15.9,3,36.7,103.0,67.0,76.0,101.0,5.0,3.0,6.0,mal,medium
REC_004477,USR_0224,2026-04-26,49,159.6,62.8,24.64,9.0,61.0,7.5,4,19.1,0,36.1,123.0,78.0,99.0,71.0,2.0,7.0,8.0,muy bien,low
REC_004492,USR_0225,2026-04-26,48,174.1,70.2,23.16,7.0,24.9,5.8,4,7.0,7,37.3,137.0,75.0,74.0,95.0,6.0,3.0,6.0,mal,medium
REC_004529,USR_0227,2026-04-26,42,165.3,57.6,21.07,7.0,48.0,6.7,3,14.7,6,36.7,111.0,72.0,81.0,76.0,3.0,2.0,6.0,regular,low
REC_004567,USR_0229,2026-04-26,41,170.1,94.5,32.67,5.0,35.4,5.6,1,22.7,2,36.7,114.0,74.0,127.0,79.0,5.0,4.0,5.0,mal,medium
REC_004606,USR_0231,2026-04-26,25,153.6,45.1,19.11,8.0,15.9,8.5,2,22.4,1,36.8,123.0,71.0,95.0,74.0,1.0,6.0,9.0,muy bien,low
REC_004626,USR_0232,2026-04-26,66,172.7,60.9,20.43,3.0,0.0,4.0,1,12.7,4,37.3,121.0,67.0,120.0,100.0,7.0,1.0,5.0,muy mal,high
REC_004766,USR_0239,2026-04-26,47,180.3,95.4,29.34,11.0,9.5,8.5,3,22.5,1,37.0,120.0,75.0,100.0,75.0,3.0,7.0,6.0,bien,medium
REC_004811,USR_0241,2026-04-26,30,172.4,102.5,34.5,4.0,6.3,5.9,0,6.3,7,36.5,115.0,76.0,115.0,90.0,4.0,2.0,5.0,mal,high
REC_004972,USR_0249,2026-04-26,23,173.3,51.2,17.05,7.0,33.2,9.1,4,12.9,2,36.9,110.0,74.0,86.0,84.0,2.0,6.0,9.0,muy bien,low
REC_000192,USR_0010,2026-04-27,26,176.8,94.0,30.07,7.0,65.8,7.2,1,11.4,0,36.3,115.0,71.0,89.0,76.0,1.0,8.0,7.0,muy bien,low
REC_000317,USR_0016,2026-04-27,30,172.2,68.6,23.13,1.0,32.5,4.9,0,0.0,5,37.6,136.0,89.0,78.0,95.0,7.0,1.0,2.0,muy mal,high
REC_000374,USR_0019,2026-04-27,37,158.9,75.3,29.83,5.0,1.3,5.5,2,1.1,6,37.3,113.0,58.0,74.0,77.0,5.0,4.0,5.0,mal,high
REC_000505,USR_0025,2026-04-27,51,175.8,66.9,21.66,5.0,0.0,7.7,3,0.0,6,36.4,109.0,67.0,95.0,87.0,4.0,2.0,6.0,mal,medium
REC_000563,USR_0028,2026-04-27,55,153.2,71.0,30.26,7.0,37.3,8.7,1,10.7,3,36.5,131.0,79.0,125.0,53.0,2.0,5.0,5.0,bien,low
REC_000806,USR_0042,2026-04-27,50,149.9,59.0,26.28,3.0,50.5,6.5,3,26.7,1,36.9,132.0,72.0,67.0,68.0,3.0,5.0,6.0,bien,low
REC_000856,USR_0044,2026-04-27,34,167.9,68.2,24.18,5.0,44.7,7.5,5,13.8,0,36.9,133.0,85.0,80.0,88.0,3.0,6.0,7.0,regular,low
REC_001052,USR_0054,2026-04-27,47,168.1,47.2,16.71,9.0,46.4,8.0,4,2.8,0,36.8,119.0,74.0,81.0,75.0,1.0,8.0,8.0,muy bien,low
REC_001114,USR_0057,2026-04-27,33,172.5,83.5,28.06,6.0,47.6,8.6,3,0.4,1,36.4,117.0,74.0,94.0,55.0,3.0,7.0,7.0,muy bien,low
REC_001286,USR_0066,2026-04-27,32,161.3,90.8,34.89,7.0,56.0,7.8,3,15.2,1,36.4,108.0,76.0,109.0,78.0,1.0,6.0,8.0,bien,low
REC_001304,USR_0067,2026-04-27,54,176.0,107.5,34.69,2.0,24.5,5.2,2,2.6,6,36.7,121.0,76.0,90.0,95.0,4.0,1.0,6.0,mal,high
REC_001326,USR_0068,2026-04-27,27,173.0,81.0,27.07,3.0,0.0,4.0,0,0.0,5,36.2,138.0,87.0,72.0,95.0,8.0,1.0,4.0,muy mal,high
REC_001353,USR_0069,2026-04-27,53,175.2,80.6,26.25,6.0,0.0,7.4,3,0.0,3,36.8,120.0,82.0,91.0,90.0,5.0,5.0,5.0,regular,medium
REC_001762,USR_0089,2026-04-27,18,158.6,90.1,35.81,9.0,38.3,7.6,5,24.3,0,36.8,126.0,71.0,70.0,79.0,3.0,6.0,7.0,bien,low
REC_001860,USR_0094,2026-04-27,55,187.2,89.3,25.49,7.0,0.0,8.8,4,15.2,3,36.5,110.0,92.0,99.0,84.0,1.0,6.0,8.0,bien,medium
REC_001875,USR_0095,2026-04-27,34,180.7,90.5,27.72,2.0,43.8,4.1,3,0.0,6,36.0,110.0,73.0,65.0,96.0,6.0,4.0,5.0,mal,medium
REC_001959,USR_0099,2026-04-27,36,171.7,62.2,21.1,10.0,49.3,7.2,1,0.8,0,36.5,120.0,81.0,70.0,82.0,3.0,4.0,8.0,bien,low
REC_002027,USR_0102,2026-04-27,54,171.0,91.0,31.1,3.0,6.0,6.3,2,13.7,4,37.4,110.0,83.0,116.0,106.0,4.0,4.0,6.0,regular,medium
REC_002268,USR_0114,2026-04-27,53,169.3,76.4,26.67,7.0,42.0,5.2,2,12.9,4,36.7,120.0,73.0,90.0,88.0,5.0,3.0,7.0,regular,medium
REC_002397,USR_0120,2026-04-27,18,164.7,46.9,17.28,8.0,28.1,5.4,2,0.0,0,36.9,110.0,75.0,80.0,86.0,4.0,3.0,6.0,regular,medium
REC_002433,USR_0122,2026-04-27,25,171.8,68.1,23.07,6.0,20.6,6.4,0,0.0,3,37.0,115.0,77.0,93.0,92.0,5.0,4.0,8.0,mal,medium
REC_002546,USR_0128,2026-04-27,31,166.3,63.6,23.01,6.0,50.3,7.2,3,27.6,0,36.3,107.0,72.0,106.0,73.0,1.0,7.0,9.0,muy bien,low
REC_002623,USR_0132,2026-04-27,49,162.1,63.8,24.27,6.0,0.0,7.0,2,0.0,5,37.0,120.0,74.0,80.0,85.0,5.0,1.0,5.0,mal,medium
REC_002667,USR_0134,2026-04-27,55,153.0,51.2,21.89,2.0,0.0,4.3,1,8.3,7,37.5,130.0,82.0,120.0,108.0,9.0,1.0,6.0,muy mal,high
REC_002689,USR_0135,2026-04-27,60,162.5,87.3,33.05,4.0,7.2,5.3,2,7.4,6,37.0,122.0,94.0,105.0,99.0,8.0,1.0,3.0,muy mal,high
REC_002706,USR_0136,2026-04-27,27,162.1,97.2,37.0,9.0,17.5,7.4,2,0.9,4,36.9,132.0,76.0,112.0,86.0,4.0,5.0,8.0,regular,medium
REC_002723,USR_0137,2026-04-27,36,173.1,66.8,22.3,8.0,5.7,6.8,2,2.6,2,36.9,103.0,71.0,84.0,94.0,4.0,5.0,7.0,regular,medium
REC_002741,USR_0138,2026-04-27,57,151.4,44.2,19.29,9.0,50.4,8.0,4,30.7,1,36.3,118.0,70.0,70.0,70.0,1.0,8.0,7.0,bien,low
REC_002784,USR_0140,2026-04-27,29,157.3,66.1,26.71,7.0,0.0,4.9,1,0.0,10,36.7,125.0,70.0,125.0,98.0,8.0,2.0,4.0,mal,high
REC_002843,USR_0143,2026-04-27,18,163.8,64.8,24.14,7.0,77.2,6.4,5,8.2,3,36.3,127.0,64.0,59.0,63.0,2.0,7.0,7.0,bien,low
REC_002929,USR_0147,2026-04-27,33,163.0,59.3,22.3,12.0,60.8,8.6,5,0.1,2,36.4,115.0,70.0,85.0,67.0,1.0,9.0,10.0,muy bien,low
REC_002954,USR_0148,2026-04-27,30,142.0,47.7,23.65,2.0,0.0,3.0,2,17.0,6,37.0,116.0,63.0,127.0,84.0,6.0,2.0,4.0,mal,high
REC_002975,USR_0149,2026-04-27,44,145.3,68.8,32.58,4.0,32.2,5.5,2,0.0,4,36.5,141.0,74.0,81.0,78.0,7.0,1.0,6.0,mal,medium
REC_002991,USR_0150,2026-04-27,37,172.4,49.8,16.76,6.0,79.4,9.5,3,16.0,1,37.0,105.0,74.0,60.0,76.0,1.0,7.0,7.0,muy bien,low
REC_003055,USR_0153,2026-04-27,18,169.3,59.4,20.74,7.0,45.1,7.0,2,0.0,1,37.0,121.0,74.0,88.0,87.0,3.0,3.0,7.0,regular,medium
REC_003183,USR_0160,2026-04-27,74,166.8,72.4,26.04,8.0,3.9,8.8,3,4.6,4,37.5,120.0,77.0,99.0,76.0,2.0,5.0,8.0,bien,medium
REC_003219,USR_0162,2026-04-27,23,183.5,74.4,22.1,8.0,49.9,7.4,3,7.0,2,37.3,116.0,76.0,100.0,80.0,2.0,6.0,7.0,bien,low
REC_003317,USR_0167,2026-04-27,34,154.2,70.3,29.57,11.0,63.0,8.2,2,0.0,1,36.7,107.0,82.0,104.0,81.0,1.0,8.0,10.0,muy bien,low
REC_003655,USR_0184,2026-04-27,39,165.9,60.3,21.9,10.0,19.1,8.1,3,23.8,0,36.9,110.0,70.0,84.0,65.0,1.0,5.0,9.0,bien,low
REC_003687,USR_0186,2026-04-27,25,169.9,75.9,26.28,11.0,32.2,9.0,2,5.2,1,36.7,109.0,70.0,71.0,74.0,1.0,7.0,6.0,muy bien,low
REC_003913,USR_0197,2026-04-27,53,162.9,81.0,30.53,6.0,25.3,4.5,1,0.0,6,37.3,118.0,79.0,85.0,77.0,8.0,2.0,6.0,mal,medium
REC_003958,USR_0199,2026-04-27,22,166.5,76.7,27.67,10.0,61.3,6.6,3,22.7,1,36.4,115.0,70.0,65.0,73.0,4.0,6.0,7.0,bien,low
REC_004073,USR_0205,2026-04-27,18,177.2,75.2,23.95,2.0,30.3,5.7,3,21.0,4,37.0,120.0,73.0,70.0,83.0,4.0,2.0,6.0,mal,medium
REC_004201,USR_0211,2026-04-27,64,160.6,74.2,28.77,7.0,26.3,6.3,4,15.2,0,37.2,120.0,81.0,109.0,71.0,3.0,6.0,7.0,bien,low
REC_004221,USR_0212,2026-04-27,45,154.0,50.3,21.2,2.0,40.7,3.7,0,10.0,4,36.7,128.0,73.0,98.0,91.0,6.0,2.0,3.0,mal,high
REC_004244,USR_0213,2026-04-27,31,142.0,43.4,21.53,4.0,14.0,4.9,3,2.2,4,36.7,104.0,67.0,101.0,72.0,4.0,3.0,6.0,mal,medium
REC_004530,USR_0227,2026-04-27,42,165.3,57.3,20.98,9.0,44.4,7.0,1,0.0,5,36.6,113.0,68.0,95.0,101.0,4.0,3.0,6.0,bien,low
REC_004607,USR_0231,2026-04-27,25,153.6,45.1,19.11,8.0,33.7,8.7,3,7.8,0,36.6,101.0,80.0,90.0,75.0,1.0,6.0,6.0,muy bien,low
REC_004627,USR_0232,2026-04-27,66,172.7,60.8,20.37,7.0,15.1,4.4,0,0.0,4,36.4,140.0,75.0,121.0,86.0,4.0,1.0,5.0,muy mal,high
REC_004742,USR_0238,2026-04-27,40,170.5,88.3,30.38,5.0,48.4,5.9,1,15.7,2,36.7,115.0,72.0,90.0,70.0,3.0,4.0,6.0,regular,medium
REC_004956,USR_0248,2026-04-27,35,183.9,58.6,17.32,5.0,8.8,6.6,1,10.9,3,36.1,103.0,78.0,90.0,79.0,4.0,3.0,7.0,regular,medium
REC_004973,USR_0249,2026-04-27,23,173.3,51.4,17.11,10.0,36.7,8.8,3,16.4,0,36.9,122.0,73.0,107.0,73.0,1.0,8.0,9.0,muy bien,low
REC_000052,USR_0003,2026-04-28,18,157.0,89.6,36.37,9.0,28.6,8.3,3,13.2,1,36.5,121.0,89.0,84.0,88.0,3.0,4.0,8.0,bien,low
REC_000152,USR_0008,2026-04-28,32,161.4,103.8,39.85,6.0,35.2,6.6,1,19.0,1,36.5,117.0,59.0,92.0,74.0,4.0,6.0,7.0,regular,medium
REC_000215,USR_0011,2026-04-28,27,164.4,46.5,17.2,4.0,0.0,5.6,1,2.0,5,36.6,105.0,64.0,87.0,83.0,6.0,1.0,5.0,mal,high
REC_000255,USR_0013,2026-04-28,18,171.6,82.3,27.93,3.0,0.6,7.3,0,0.0,4,36.8,110.0,78.0,99.0,86.0,4.0,4.0,8.0,regular,medium
REC_000390,USR_0020,2026-04-28,39,163.1,72.8,27.37,9.0,68.8,9.2,2,27.0,2,36.7,119.0,74.0,54.0,71.0,1.0,4.0,10.0,muy bien,low
REC_000434,USR_0022,2026-04-28,55,157.3,94.2,38.08,4.0,0.0,4.5,3,4.2,5,36.6,140.0,74.0,113.0,84.0,6.0,2.0,5.0,regular,high
REC_000674,USR_0034,2026-04-28,22,155.9,76.7,31.56,5.0,3.2,6.7,2,0.0,6,37.4,115.0,75.0,77.0,90.0,5.0,1.0,6.0,mal,medium
REC_000729,USR_0038,2026-04-28,31,161.2,72.2,27.77,5.0,20.6,4.7,0,12.1,6,36.5,92.0,80.0,98.0,96.0,5.0,3.0,4.0,regular,medium
REC_000793,USR_0041,2026-04-28,43,159.4,69.1,27.2,7.0,60.3,7.0,3,11.7,1,36.6,123.0,66.0,74.0,58.0,2.0,7.0,8.0,bien,low
REC_000857,USR_0044,2026-04-28,34,167.9,68.6,24.33,8.0,58.4,7.8,4,16.2,1,36.5,120.0,83.0,91.0,81.0,4.0,6.0,8.0,bien,low
REC_000912,USR_0047,2026-04-28,25,187.4,83.5,23.77,4.0,0.0,4.9,1,0.5,5,36.7,106.0,81.0,80.0,72.0,6.0,1.0,5.0,mal,high
REC_000968,USR_0050,2026-04-28,56,176.1,68.8,22.19,9.0,31.7,9.1,3,20.1,0,36.4,104.0,71.0,75.0,67.0,1.0,8.0,9.0,muy bien,low
REC_001115,USR_0057,2026-04-28,33,172.5,83.6,28.11,7.0,54.5,9.2,4,0.0,1,36.7,109.0,58.0,88.0,74.0,3.0,9.0,9.0,muy bien,low
REC_001249,USR_0064,2026-04-28,39,154.0,65.5,27.64,8.0,34.8,9.3,3,13.4,1,36.2,102.0,68.0,90.0,79.0,2.0,7.0,10.0,muy bien,low
REC_001270,USR_0065,2026-04-28,50,168.7,59.7,20.97,10.0,46.6,8.2,3,0.0,2,36.6,105.0,74.0,113.0,72.0,1.0,6.0,6.0,bien,low
REC_001354,USR_0069,2026-04-28,53,175.2,80.6,26.27,7.0,7.6,6.5,3,16.4,1,37.1,106.0,79.0,86.0,75.0,4.0,3.0,6.0,mal,medium
REC_001641,USR_0083,2026-04-28,54,169.8,76.8,26.65,5.0,29.0,7.4,2,16.0,5,36.8,120.0,92.0,116.0,71.0,6.0,2.0,5.0,mal,medium
REC_001664,USR_0084,2026-04-28,44,158.0,54.3,21.75,12.0,0.0,9.4,4,12.3,0,37.2,108.0,76.0,105.0,66.0,1.0,7.0,10.0,muy bien,low
REC_001700,USR_0086,2026-04-28,36,181.9,110.2,33.45,5.0,11.6,5.7,0,0.0,7,36.4,119.0,66.0,78.0,106.0,7.0,2.0,4.0,muy mal,high
REC_001824,USR_0092,2026-04-28,34,166.4,78.9,28.51,4.0,37.6,8.4,1,12.4,4,36.5,112.0,74.0,121.0,81.0,5.0,4.0,7.0,bien,low
REC_001861,USR_0094,2026-04-28,55,187.2,88.9,25.38,12.0,63.9,8.4,3,0.0,1,36.4,112.0,66.0,55.0,61.0,3.0,4.0,10.0,muy bien,low
REC_001931,USR_0098,2026-04-28,18,159.2,70.9,27.99,8.0,39.9,7.4,3,1.1,0,37.1,114.0,69.0,86.0,82.0,3.0,6.0,7.0,regular,low
REC_001998,USR_0101,2026-04-28,20,147.8,45.7,20.9,0.0,1.9,4.7,2,3.1,8,36.6,139.0,79.0,97.0,86.0,8.0,1.0,6.0,muy mal,high
REC_002129,USR_0107,2026-04-28,43,166.8,82.7,29.71,8.0,21.5,6.2,2,13.9,5,36.4,104.0,62.0,80.0,93.0,5.0,4.0,6.0,mal,medium
REC_002206,USR_0111,2026-04-28,47,170.9,88.9,30.43,6.0,19.3,7.0,1,16.0,2,37.0,128.0,72.0,94.0,102.0,4.0,3.0,7.0,regular,medium
REC_002300,USR_0116,2026-04-28,37,173.7,83.1,27.53,5.0,0.0,6.4,2,3.3,5,37.0,123.0,77.0,103.0,86.0,6.0,2.0,7.0,regular,medium
REC_002398,USR_0120,2026-04-28,18,164.7,46.8,17.25,6.0,27.0,6.2,2,8.8,3,36.4,129.0,75.0,91.0,87.0,5.0,3.0,6.0,bien,medium
REC_002434,USR_0122,2026-04-28,25,171.8,68.6,23.23,8.0,18.6,7.0,3,6.8,2,36.9,118.0,69.0,105.0,71.0,5.0,3.0,6.0,regular,medium
REC_002519,USR_0127,2026-04-28,23,162.0,62.9,23.98,9.0,70.0,7.0,4,1.3,0,37.3,128.0,73.0,87.0,78.0,1.0,8.0,7.0,mal,low
REC_002605,USR_0131,2026-04-28,53,165.2,71.5,26.19,1.0,0.9,5.8,0,17.6,5,36.9,130.0,67.0,112.0,101.0,7.0,2.0,5.0,mal,high
REC_002690,USR_0135,2026-04-28,60,162.5,87.1,32.98,3.0,8.5,5.0,1,0.0,4,36.7,119.0,84.0,103.0,95.0,7.0,1.0,3.0,muy mal,high
REC_002825,USR_0142,2026-04-28,19,173.6,76.7,25.44,9.0,31.6,6.1,1,8.8,3,36.6,103.0,74.0,79.0,88.0,7.0,3.0,6.0,mal,medium
REC_002992,USR_0150,2026-04-28,37,172.4,49.8,16.74,7.0,36.3,8.6,3,20.9,0,36.8,128.0,65.0,101.0,89.0,1.0,8.0,9.0,muy bien,low
REC_003074,USR_0154,2026-04-28,45,180.2,90.6,27.91,10.0,46.2,6.4,2,22.3,1,36.9,114.0,59.0,94.0,80.0,2.0,5.0,6.0,bien,low
REC_003139,USR_0158,2026-04-28,34,167.3,70.5,25.18,6.0,9.7,5.2,2,15.5,7,36.5,128.0,79.0,95.0,91.0,6.0,2.0,5.0,mal,medium
REC_003157,USR_0159,2026-04-28,39,164.1,76.5,28.42,9.0,64.4,7.2,5,11.1,0,36.3,123.0,74.0,88.0,70.0,1.0,6.0,7.0,bien,low
REC_003184,USR_0160,2026-04-28,74,166.8,72.4,26.01,4.0,11.6,8.2,2,0.0,2,36.8,133.0,74.0,81.0,74.0,2.0,5.0,7.0,regular,medium
REC_003242,USR_0163,2026-04-28,49,158.7,57.9,23.0,9.0,45.4,5.6,3,15.9,0,36.3,120.0,50.0,94.0,74.0,3.0,4.0,7.0,bien,low
REC_003387,USR_0171,2026-04-28,70,149.8,58.7,26.17,5.0,23.3,6.8,0,0.0,2,37.3,124.0,83.0,91.0,80.0,2.0,4.0,7.0,muy bien,medium
REC_003473,USR_0175,2026-04-28,54,191.2,88.2,24.12,6.0,50.3,7.4,4,26.9,0,36.5,118.0,58.0,122.0,71.0,1.0,8.0,8.0,muy bien,low
REC_003634,USR_0183,2026-04-28,18,163.7,80.9,30.21,11.0,45.1,7.8,4,2.4,2,36.9,106.0,86.0,96.0,69.0,2.0,6.0,8.0,regular,low
REC_003817,USR_0192,2026-04-28,34,158.4,87.6,34.91,9.0,1.6,5.1,2,16.4,4,36.3,123.0,78.0,82.0,96.0,7.0,2.0,4.0,muy mal,high
REC_004004,USR_0201,2026-04-28,41,166.5,70.3,25.36,6.0,26.4,6.6,1,9.5,3,36.8,124.0,89.0,95.0,72.0,4.0,4.0,5.0,regular,medium
REC_004074,USR_0205,2026-04-28,18,177.2,75.1,23.93,6.0,16.7,6.6,2,15.0,6,37.2,128.0,77.0,61.0,81.0,5.0,2.0,6.0,mal,medium
REC_004117,USR_0207,2026-04-28,18,169.3,74.8,26.11,10.0,39.5,9.0,5,10.0,0,36.7,131.0,73.0,75.0,76.0,1.0,7.0,7.0,muy bien,low
REC_004160,USR_0209,2026-04-28,30,166.3,51.5,18.63,0.0,13.6,5.0,1,0.0,5,36.9,126.0,78.0,87.0,89.0,7.0,1.0,6.0,muy mal,high
REC_004549,USR_0228,2026-04-28,38,181.6,83.2,25.23,11.0,33.2,7.3,4,21.9,0,36.7,123.0,89.0,82.0,74.0,3.0,6.0,8.0,bien,low
REC_004701,USR_0236,2026-04-28,38,167.9,50.7,17.99,7.0,18.8,6.3,2,16.6,5,37.4,120.0,62.0,97.0,84.0,6.0,3.0,5.0,mal,medium
REC_004723,USR_0237,2026-04-28,55,174.9,86.2,28.18,5.0,14.1,5.2,0,5.3,5,36.3,123.0,88.0,100.0,86.0,6.0,1.0,3.0,mal,high
REC_004767,USR_0239,2026-04-28,47,180.3,95.3,29.33,8.0,40.2,6.7,3,5.8,2,36.8,121.0,82.0,102.0,84.0,4.0,9.0,8.0,bien,low
REC_004852,USR_0243,2026-04-28,18,158.0,42.4,17.1,9.0,47.1,9.0,1,8.3,0,37.2,104.0,58.0,91.0,75.0,4.0,8.0,8.0,bien,low
REC_004875,USR_0244,2026-04-28,31,167.7,71.0,25.23,11.0,61.8,7.5,3,0.0,0,36.4,102.0,64.0,86.0,60.0,4.0,3.0,5.0,mal,low
REC_000071,USR_0004,2026-04-29,18,169.8,77.2,26.76,5.0,13.9,7.0,3,36.1,2,37.0,105.0,62.0,110.0,93.0,4.0,6.0,8.0,bien,medium
REC_000086,USR_0005,2026-04-29,31,160.5,48.7,18.89,6.0,19.1,7.7,5,0.0,1,36.3,121.0,73.0,90.0,84.0,3.0,6.0,7.0,bien,medium
REC_000153,USR_0008,2026-04-29,32,161.4,103.9,39.89,9.0,0.0,7.3,1,11.7,1,36.2,104.0,71.0,78.0,91.0,4.0,5.0,8.0,bien,medium
REC_000216,USR_0011,2026-04-29,27,164.4,46.3,17.12,2.0,0.0,4.6,1,0.0,5,37.0,121.0,68.0,116.0,94.0,8.0,1.0,2.0,muy mal,high
REC_000460,USR_0023,2026-04-29,26,182.6,89.6,26.88,7.0,21.1,5.2,2,5.1,6,36.6,115.0,82.0,111.0,82.0,5.0,4.0,6.0,mal,medium
REC_000516,USR_0026,2026-04-29,37,157.3,47.5,19.22,4.0,55.4,6.1,4,3.2,5,37.4,115.0,71.0,86.0,72.0,6.0,4.0,7.0,regular,low
REC_000702,USR_0036,2026-04-29,24,168.8,83.3,29.25,5.0,28.8,6.5,2,0.0,7,36.6,120.0,72.0,96.0,105.0,5.0,3.0,6.0,regular,medium
REC_000771,USR_0040,2026-04-29,27,172.7,67.8,22.72,7.0,54.3,8.1,3,0.0,0,37.0,118.0,57.0,62.0,65.0,3.0,5.0,8.0,bien,low
REC_000969,USR_0050,2026-04-29,56,176.1,69.1,22.27,8.0,50.3,8.1,3,25.1,2,35.9,94.0,70.0,119.0,69.0,2.0,8.0,9.0,bien,low
REC_000993,USR_0051,2026-04-29,44,155.2,69.8,28.98,10.0,35.1,8.1,5,22.6,0,37.0,115.0,74.0,80.0,60.0,4.0,7.0,6.0,muy bien,low
REC_001014,USR_0052,2026-04-29,42,178.1,76.9,24.25,8.0,59.8,7.6,4,0.0,0,37.0,102.0,74.0,66.0,73.0,3.0,6.0,6.0,bien,low
REC_001175,USR_0060,2026-04-29,52,174.4,54.6,17.9,3.0,40.2,5.9,3,20.5,7,36.7,134.0,72.0,114.0,81.0,4.0,3.0,6.0,regular,medium
REC_001195,USR_0061,2026-04-29,44,168.5,78.7,27.74,4.0,3.8,4.8,3,11.4,7,36.3,110.0,83.0,88.0,81.0,6.0,2.0,5.0,mal,high
REC_001327,USR_0068,2026-04-29,27,173.0,81.1,27.1,4.0,3.1,4.6,2,0.0,4,37.6,115.0,59.0,68.0,80.0,7.0,1.0,5.0,mal,high
REC_001477,USR_0075,2026-04-29,21,161.6,42.7,16.34,6.0,14.1,8.6,2,9.0,2,36.0,114.0,72.0,76.0,95.0,3.0,5.0,10.0,bien,low
REC_001539,USR_0078,2026-04-29,40,148.8,54.0,24.37,5.0,8.4,5.4,2,0.0,5,36.5,105.0,64.0,77.0,98.0,6.0,1.0,6.0,mal,medium
REC_001562,USR_0079,2026-04-29,36,177.6,67.2,21.32,11.0,41.8,8.2,2,0.0,2,36.5,102.0,64.0,112.0,73.0,2.0,5.0,6.0,regular,medium
REC_001601,USR_0081,2026-04-29,18,167.4,103.9,37.07,3.0,11.3,4.8,1,6.9,9,36.2,119.0,82.0,102.0,94.0,6.0,2.0,4.0,mal,high
REC_001617,USR_0082,2026-04-29,51,145.3,54.2,25.69,8.0,66.2,9.8,1,9.7,2,36.4,112.0,82.0,79.0,80.0,1.0,8.0,8.0,bien,low
REC_001763,USR_0089,2026-04-29,18,158.6,90.2,35.86,9.0,15.2,7.3,1,16.3,5,36.5,126.0,68.0,74.0,60.0,4.0,4.0,10.0,regular,medium
REC_001932,USR_0098,2026-04-29,18,159.2,70.9,27.98,9.0,27.3,7.6,2,11.4,1,37.4,114.0,83.0,116.0,88.0,2.0,7.0,8.0,bien,low
REC_001999,USR_0101,2026-04-29,20,147.8,45.8,20.97,4.0,4.7,5.9,1,4.8,5,36.8,115.0,93.0,80.0,92.0,7.0,1.0,6.0,regular,high
REC_002041,USR_0103,2026-04-29,42,167.4,71.5,25.5,3.0,19.5,5.2,0,0.0,6,36.7,119.0,74.0,87.0,107.0,7.0,2.0,4.0,muy mal,high
REC_002169,USR_0109,2026-04-29,18,183.1,77.7,23.16,5.0,47.6,4.8,1,19.5,4,35.7,114.0,77.0,80.0,71.0,5.0,2.0,5.0,mal,medium
REC_002246,USR_0113,2026-04-29,36,165.6,55.4,20.19,11.0,53.7,6.9,2,25.1,0,36.9,98.0,75.0,63.0,81.0,2.0,6.0,8.0,muy bien,low
REC_002269,USR_0114,2026-04-29,53,169.3,76.6,26.73,9.0,35.3,5.5,1,2.2,4,37.4,116.0,92.0,82.0,87.0,4.0,4.0,6.0,regular,medium
REC_002349,USR_0118,2026-04-29,44,154.4,63.9,26.82,10.0,23.2,7.9,4,0.0,1,36.3,138.0,82.0,86.0,73.0,2.0,6.0,8.0,bien,low
REC_002502,USR_0126,2026-04-29,48,177.6,81.9,25.96,7.0,35.7,6.2,3,0.0,5,37.0,121.0,63.0,114.0,79.0,5.0,4.0,6.0,regular,medium
REC_002520,USR_0127,2026-04-29,23,162.0,62.6,23.84,11.0,46.0,6.6,3,24.6,0,36.7,129.0,85.0,91.0,75.0,3.0,7.0,8.0,bien,low
REC_002569,USR_0129,2026-04-29,28,168.8,64.1,22.5,4.0,14.3,6.7,2,4.1,1,37.1,130.0,65.0,86.0,82.0,5.0,5.0,7.0,muy bien,medium
REC_002606,USR_0131,2026-04-29,53,165.2,71.8,26.31,6.0,1.2,5.7,0,1.0,4,36.3,105.0,58.0,90.0,90.0,6.0,2.0,5.0,regular,medium
REC_002668,USR_0134,2026-04-29,55,153.0,51.4,21.94,2.0,0.0,5.0,1,16.0,5,36.6,109.0,82.0,95.0,95.0,7.0,1.0,4.0,muy mal,high
REC_002993,USR_0150,2026-04-29,37,172.4,49.6,16.67,9.0,25.4,7.1,3,8.5,0,36.9,122.0,66.0,74.0,81.0,3.0,5.0,6.0,regular,medium
REC_003056,USR_0153,2026-04-29,18,169.3,59.4,20.74,6.0,14.3,6.1,4,9.5,3,36.3,128.0,65.0,112.0,69.0,3.0,4.0,6.0,regular,medium
REC_003277,USR_0165,2026-04-29,50,167.0,79.5,28.49,6.0,27.7,5.3,2,11.1,1,36.7,117.0,72.0,119.0,75.0,5.0,4.0,6.0,regular,medium
REC_003318,USR_0167,2026-04-29,34,154.2,70.2,29.53,9.0,111.0,7.7,3,17.6,0,37.2,114.0,72.0,75.0,71.0,2.0,8.0,9.0,bien,low
REC_003408,USR_0172,2026-04-29,40,173.9,92.1,30.45,5.0,19.1,6.0,3,0.0,6,36.4,130.0,80.0,98.0,102.0,7.0,2.0,5.0,muy mal,medium
REC_003490,USR_0176,2026-04-29,21,188.0,107.9,30.52,1.0,23.2,5.7,2,6.2,3,36.7,126.0,66.0,99.0,81.0,6.0,1.0,5.0,mal,medium
REC_003688,USR_0186,2026-04-29,25,169.9,75.7,26.23,7.0,15.5,9.9,4,35.8,1,36.9,109.0,74.0,113.0,71.0,1.0,5.0,8.0,bien,low
REC_003712,USR_0187,2026-04-29,32,163.7,77.5,28.91,6.0,88.2,7.7,2,24.0,2,36.7,119.0,74.0,96.0,84.0,2.0,7.0,8.0,bien,low
REC_003858,USR_0194,2026-04-29,40,174.0,85.7,28.31,10.0,28.3,6.7,5,10.8,0,36.5,112.0,76.0,92.0,88.0,3.0,6.0,6.0,regular,medium
REC_004005,USR_0201,2026-04-29,41,166.5,70.6,25.46,5.0,48.8,5.2,2,5.8,1,36.6,124.0,82.0,89.0,85.0,4.0,5.0,6.0,mal,medium
REC_004091,USR_0206,2026-04-29,48,161.0,50.4,19.46,4.0,26.1,4.6,1,2.1,7,36.6,119.0,65.0,88.0,86.0,5.0,3.0,5.0,mal,high
REC_004118,USR_0207,2026-04-29,18,169.3,74.9,26.13,9.0,36.8,7.9,2,14.4,0,37.3,122.0,70.0,96.0,81.0,2.0,6.0,9.0,bien,low
REC_004138,USR_0208,2026-04-29,40,158.7,92.3,36.65,8.0,34.5,7.5,1,0.0,3,36.3,123.0,77.0,88.0,93.0,4.0,4.0,8.0,bien,medium
REC_004357,USR_0218,2026-04-29,20,180.2,97.1,29.9,5.0,36.2,5.6,2,5.3,7,36.6,101.0,64.0,84.0,93.0,5.0,3.0,4.0,muy mal,medium
REC_004454,USR_0223,2026-04-29,36,158.4,75.6,30.13,5.0,0.0,4.1,1,2.0,5,37.0,120.0,67.0,94.0,97.0,8.0,1.0,3.0,muy mal,high
REC_004531,USR_0227,2026-04-29,42,165.3,57.7,20.97,4.0,14.1,6.7,1,0.0,7,37.3,114.0,75.0,116.0,82.0,4.0,3.0,4.0,regular,medium
REC_004702,USR_0236,2026-04-29,38,167.9,50.9,18.05,4.0,0.0,6.6,0,22.1,6,36.9,125.0,83.0,96.0,88.0,5.0,3.0,4.0,mal,high
REC_004853,USR_0243,2026-04-29,18,158.0,42.2,16.89,8.0,21.1,9.1,4,31.5,2,36.7,94.0,71.0,110.0,75.0,1.0,4.0,9.0,muy bien,low
REC_004920,USR_0246,2026-04-29,24,174.0,57.7,19.07,9.0,11.4,5.9,2,0.0,2,36.6,116.0,68.0,90.0,83.0,4.0,4.0,7.0,mal,medium
REC_000193,USR_0010,2026-04-30,26,176.8,93.9,30.05,8.0,30.1,7.7,4,21.0,2,36.8,105.0,78.0,96.0,79.0,2.0,8.0,8.0,muy bien,low
REC_000272,USR_0014,2026-04-30,18,140.0,55.5,28.33,5.0,51.8,6.8,1,5.5,1,36.9,129.0,72.0,113.0,86.0,3.0,4.0,6.0,bien,medium
REC_000358,USR_0018,2026-04-30,27,169.5,74.3,25.85,5.0,0.0,6.1,1,0.0,5,36.8,122.0,76.0,62.0,95.0,6.0,1.0,5.0,mal,high
REC_000375,USR_0019,2026-04-30,37,158.9,75.0,29.72,4.0,0.0,6.2,1,0.0,7,37.3,110.0,80.0,119.0,80.0,6.0,3.0,6.0,mal,high
REC_000391,USR_0020,2026-04-30,39,163.1,72.8,27.38,9.0,49.2,8.0,3,8.4,1,36.1,104.0,77.0,58.0,74.0,1.0,9.0,9.0,muy bien,low
REC_000480,USR_0024,2026-04-30,37,154.0,56.5,23.73,10.0,11.2,8.8,3,4.2,0,37.3,107.0,74.0,82.0,67.0,2.0,6.0,10.0,bien,low
REC_000564,USR_0028,2026-04-30,55,153.2,70.8,30.18,7.0,20.6,7.8,4,13.2,2,36.2,108.0,76.0,82.0,88.0,3.0,7.0,7.0,bien,low
REC_000585,USR_0029,2026-04-30,49,153.3,47.8,20.35,10.0,45.7,8.4,2,16.6,1,36.9,102.0,77.0,87.0,70.0,1.0,7.0,8.0,muy bien,low
REC_000794,USR_0041,2026-04-30,43,159.4,69.1,27.19,7.0,51.4,7.8,3,14.0,0,36.9,113.0,63.0,88.0,91.0,2.0,5.0,7.0,bien,low
REC_001033,USR_0053,2026-04-30,41,177.1,74.3,23.7,6.0,15.5,6.5,3,3.7,3,36.8,105.0,79.0,91.0,70.0,4.0,4.0,7.0,regular,medium
REC_001053,USR_0054,2026-04-30,47,168.1,47.3,16.74,7.0,35.7,7.2,3,8.1,0,36.9,119.0,69.0,114.0,67.0,4.0,8.0,8.0,muy bien,low
REC_001116,USR_0057,2026-04-30,33,172.5,83.7,28.12,8.0,52.7,9.3,3,24.2,0,36.9,129.0,73.0,98.0,74.0,2.0,7.0,7.0,muy bien,low
REC_001196,USR_0061,2026-04-30,44,168.5,79.0,27.81,7.0,20.6,7.1,1,0.0,7,36.9,128.0,65.0,84.0,94.0,4.0,4.0,5.0,mal,medium
REC_001218,USR_0062,2026-04-30,45,154.5,75.5,31.62,5.0,0.0,3.1,1,0.0,6,36.2,126.0,73.0,82.0,108.0,8.0,1.0,3.0,muy mal,high
REC_001231,USR_0063,2026-04-30,19,167.1,59.8,21.41,3.0,14.1,5.7,1,0.0,5,36.7,130.0,80.0,103.0,92.0,7.0,1.0,6.0,muy mal,high
REC_001305,USR_0067,2026-04-30,54,176.0,107.4,34.66,5.0,0.0,4.5,0,0.0,5,36.6,122.0,80.0,69.0,88.0,7.0,1.0,4.0,mal,high
REC_001438,USR_0073,2026-04-30,31,182.5,75.5,22.66,1.0,47.1,7.0,2,0.0,3,36.7,111.0,68.0,108.0,98.0,6.0,5.0,7.0,bien,medium
REC_001540,USR_0078,2026-04-30,40,148.8,53.8,24.31,1.0,10.1,6.7,1,0.0,6,36.8,128.0,83.0,101.0,95.0,6.0,4.0,4.0,mal,high
REC_001602,USR_0081,2026-04-30,18,167.4,103.6,36.98,4.0,21.8,6.6,3,5.1,4,36.3,122.0,75.0,97.0,74.0,6.0,2.0,5.0,regular,medium
REC_001701,USR_0086,2026-04-30,36,181.9,110.8,33.48,3.0,14.9,5.6,2,0.0,3,36.7,137.0,73.0,89.0,85.0,7.0,1.0,6.0,mal,high
REC_001862,USR_0094,2026-04-30,55,187.2,88.7,25.31,7.0,50.5,6.8,4,10.4,3,36.8,112.0,71.0,97.0,85.0,2.0,7.0,8.0,bien,low
REC_001933,USR_0098,2026-04-30,18,159.2,70.7,27.89,8.0,44.5,7.9,3,23.7,1,36.8,120.0,67.0,105.0,57.0,2.0,7.0,7.0,bien,low
REC_002399,USR_0120,2026-04-30,18,164.7,47.0,17.31,5.0,51.0,6.2,4,17.9,2,36.6,121.0,74.0,82.0,77.0,3.0,3.0,6.0,bien,low
REC_002435,USR_0122,2026-04-30,25,171.8,68.4,23.17,3.0,9.8,6.7,2,1.1,3,36.5,129.0,68.0,79.0,88.0,4.0,4.0,5.0,regular,medium
REC_002479,USR_0125,2026-04-30,29,176.4,74.6,23.96,8.0,66.9,7.8,5,19.8,2,35.6,96.0,70.0,72.0,68.0,2.0,7.0,9.0,muy bien,low
REC_002521,USR_0127,2026-04-30,23,162.0,62.7,23.9,7.0,33.5,6.3,5,17.7,0,36.8,132.0,76.0,64.0,59.0,4.0,7.0,7.0,bien,low
REC_002801,USR_0141,2026-04-30,40,188.9,124.1,34.78,4.0,52.1,4.7,2,0.0,5,36.7,141.0,86.0,99.0,80.0,7.0,1.0,4.0,mal,medium
REC_003057,USR_0153,2026-04-30,18,169.3,59.5,20.76,6.0,35.1,7.0,3,0.5,0,36.3,114.0,81.0,104.0,82.0,4.0,3.0,6.0,bien,low
REC_003140,USR_0158,2026-04-30,34,167.3,70.8,25.3,7.0,25.2,5.8,3,0.0,6,37.4,103.0,63.0,95.0,90.0,6.0,2.0,4.0,mal,medium
REC_003158,USR_0159,2026-04-30,39,164.1,76.4,28.38,9.0,43.1,5.5,5,27.0,0,37.0,111.0,68.0,75.0,78.0,1.0,4.0,9.0,muy bien,low
REC_003185,USR_0160,2026-04-30,74,166.8,72.4,26.01,7.0,5.0,9.0,3,2.7,1,36.2,147.0,83.0,97.0,81.0,3.0,6.0,10.0,muy bien,low
REC_003388,USR_0171,2026-04-30,70,149.8,58.8,26.22,7.0,29.3,5.8,3,5.8,3,37.0,122.0,79.0,92.0,65.0,2.0,4.0,6.0,bien,medium
REC_003580,USR_0180,2026-04-30,31,158.5,63.5,25.26,6.0,39.2,7.2,4,16.2,3,37.4,131.0,79.0,103.0,77.0,2.0,6.0,7.0,bien,low
REC_003772,USR_0190,2026-04-30,71,152.1,49.0,21.2,6.0,32.7,6.7,0,3.8,6,37.1,121.0,94.0,98.0,82.0,4.0,3.0,6.0,regular,medium
REC_003796,USR_0191,2026-04-30,49,159.4,71.4,28.09,6.0,19.1,7.3,3,26.4,0,36.1,96.0,73.0,89.0,71.0,2.0,6.0,7.0,bien,low
REC_003835,USR_0193,2026-04-30,35,170.0,93.4,32.33,8.0,66.3,5.7,2,27.1,5,36.8,119.0,76.0,81.0,93.0,6.0,2.0,5.0,mal,medium
REC_003880,USR_0195,2026-04-30,52,171.9,81.5,27.56,9.0,67.1,7.8,3,4.0,0,36.7,108.0,73.0,110.0,71.0,2.0,6.0,8.0,bien,low
REC_003959,USR_0199,2026-04-30,22,166.5,77.0,27.77,9.0,70.9,6.8,2,26.8,3,36.5,123.0,75.0,83.0,79.0,2.0,7.0,7.0,bien,low
REC_004039,USR_0203,2026-04-30,58,161.7,49.3,18.86,9.0,41.3,8.0,3,24.6,0,36.4,119.0,68.0,97.0,75.0,3.0,6.0,8.0,bien,low
REC_004245,USR_0213,2026-04-30,31,142.0,43.2,21.43,2.0,42.9,4.6,2,3.8,5,36.5,121.0,79.0,90.0,85.0,4.0,3.0,4.0,mal,medium
REC_004410,USR_0221,2026-04-30,41,186.2,85.8,24.76,9.0,48.5,6.6,3,17.0,0,36.9,122.0,70.0,122.0,67.0,2.0,6.0,7.0,bien,low
REC_004586,USR_0230,2026-04-30,70,148.7,68.7,31.07,0.0,5.1,5.8,1,18.8,3,36.4,151.0,73.0,111.0,81.0,7.0,1.0,6.0,mal,high
REC_000006,USR_0001,2026-05-01,40,164.4,68.8,25.45,8.0,22.5,7.4,3,11.3,0,37.1,119.0,67.0,80.0,78.0,1.0,7.0,8.0,bien,low
REC_000337,USR_0017,2026-05-01,32,169.5,65.8,22.89,2.0,14.4,6.7,1,0.0,4,36.9,116.0,80.0,87.0,79.0,4.0,2.0,6.0,mal,high
REC_000359,USR_0018,2026-05-01,27,169.5,74.2,25.84,2.0,0.0,5.5,0,27.4,5,36.6,128.0,88.0,86.0,82.0,6.0,1.0,5.0,mal,high
REC_000392,USR_0020,2026-05-01,39,163.1,72.7,27.34,7.0,63.8,7.1,2,24.6,1,36.7,109.0,81.0,78.0,79.0,1.0,7.0,7.0,muy bien,low
REC_000410,USR_0021,2026-05-01,18,158.0,80.6,32.29,3.0,0.5,7.3,3,4.8,6,36.4,117.0,73.0,96.0,81.0,6.0,2.0,6.0,mal,medium
REC_000461,USR_0023,2026-05-01,26,182.6,89.9,26.96,10.0,8.9,5.4,0,8.8,4,36.7,115.0,65.0,102.0,84.0,5.0,3.0,6.0,regular,high
REC_000586,USR_0029,2026-05-01,49,153.3,47.6,20.26,8.0,28.1,6.4,2,28.4,0,36.9,120.0,74.0,64.0,74.0,1.0,7.0,7.0,bien,medium
REC_000772,USR_0040,2026-05-01,27,172.7,68.0,22.78,9.0,57.2,7.8,5,11.3,2,36.4,104.0,71.0,66.0,75.0,2.0,6.0,8.0,muy bien,low
REC_000876,USR_0045,2026-05-01,19,172.5,69.2,23.25,0.0,0.0,6.9,1,0.0,2,36.6,112.0,80.0,78.0,79.0,5.0,2.0,5.0,regular,medium
REC_001034,USR_0053,2026-05-01,41,177.1,74.5,23.75,4.0,28.8,5.7,2,16.7,3,36.8,107.0,61.0,70.0,85.0,5.0,3.0,6.0,regular,medium
REC_001287,USR_0066,2026-05-01,32,161.3,90.8,34.9,10.0,34.9,8.2,2,19.8,0,36.4,109.0,79.0,85.0,84.0,1.0,6.0,7.0,bien,low
REC_001306,USR_0067,2026-05-01,54,176.0,107.6,34.75,3.0,22.1,4.8,0,0.0,4,36.2,125.0,76.0,97.0,91.0,8.0,1.0,4.0,muy mal,high
REC_001355,USR_0069,2026-05-01,53,175.2,80.7,26.29,7.0,47.7,6.4,3,13.0,4,36.9,128.0,67.0,106.0,69.0,5.0,4.0,6.0,regular,low
REC_001541,USR_0078,2026-05-01,40,148.8,53.9,24.34,4.0,16.6,6.6,1,10.5,5,37.0,141.0,77.0,106.0,92.0,6.0,2.0,8.0,regular,medium
REC_001580,USR_0080,2026-05-01,20,165.5,71.5,26.12,5.0,0.0,5.7,2,15.8,6,36.7,127.0,74.0,81.0,85.0,5.0,2.0,7.0,regular,medium
REC_001764,USR_0089,2026-05-01,18,158.6,90.1,35.82,7.0,39.9,7.8,4,22.5,0,37.1,123.0,59.0,95.0,78.0,2.0,4.0,7.0,bien,low
REC_001784,USR_0090,2026-05-01,34,183.3,96.4,28.68,4.0,32.9,7.5,1,16.6,3,37.0,112.0,89.0,105.0,81.0,5.0,5.0,6.0,bien,medium
REC_001876,USR_0095,2026-05-01,34,180.7,91.0,27.68,5.0,22.6,5.4,3,0.0,6,36.6,118.0,63.0,92.0,92.0,6.0,3.0,4.0,regular,medium
REC_001895,USR_0096,2026-05-01,50,153.1,50.7,21.63,7.0,68.4,8.6,3,15.4,0,36.8,103.0,69.0,102.0,60.0,1.0,7.0,8.0,bien,low
REC_001934,USR_0098,2026-05-01,18,159.2,70.5,27.8,6.0,15.0,8.2,3,0.0,0,36.1,110.0,67.0,95.0,70.0,3.0,6.0,9.0,muy bien,low
REC_001978,USR_0100,2026-05-01,69,161.2,90.5,34.82,9.0,34.3,8.8,5,15.6,1,36.8,130.0,82.0,101.0,64.0,4.0,7.0,7.0,regular,low
REC_002042,USR_0103,2026-05-01,42,167.4,71.7,25.59,6.0,0.0,4.2,0,7.3,7,37.0,138.0,78.0,80.0,93.0,8.0,2.0,4.0,muy mal,high
REC_002148,USR_0108,2026-05-01,36,165.3,108.5,39.7,9.0,49.6,7.5,2,16.2,0,36.4,96.0,70.0,88.0,68.0,1.0,8.0,8.0,muy bien,low
REC_002281,USR_0115,2026-05-01,38,149.5,54.2,24.27,5.0,33.0,5.5,0,0.0,3,36.7,120.0,77.0,89.0,74.0,4.0,4.0,6.0,mal,medium
REC_002301,USR_0116,2026-05-01,37,173.7,83.6,27.7,9.0,1.7,5.5,1,0.0,6,37.2,121.0,74.0,116.0,84.0,5.0,2.0,5.0,regular,medium
REC_002328,USR_0117,2026-05-01,46,184.7,89.1,26.11,8.0,71.2,8.5,4,0.0,0,36.2,98.0,68.0,83.0,76.0,1.0,7.0,9.0,muy bien,low
REC_002350,USR_0118,2026-05-01,44,154.4,63.8,26.75,10.0,72.9,6.3,3,20.3,0,36.6,115.0,74.0,97.0,82.0,3.0,5.0,6.0,bien,low
REC_002547,USR_0128,2026-05-01,31,166.3,63.9,23.11,9.0,5.7,5.3,3,12.4,6,36.4,117.0,72.0,89.0,80.0,5.0,4.0,6.0,regular,medium
REC_002646,USR_0133,2026-05-01,18,151.0,40.2,17.63,8.0,18.9,7.8,4,21.1,2,35.7,109.0,82.0,124.0,82.0,4.0,5.0,7.0,bien,low
REC_002669,USR_0134,2026-05-01,55,153.0,51.3,21.9,5.0,20.2,5.9,1,12.8,3,37.0,124.0,77.0,80.0,95.0,5.0,1.0,5.0,mal,medium
REC_003030,USR_0152,2026-05-01,49,178.9,91.7,28.64,0.0,8.4,3.6,1,0.0,3,36.1,120.0,80.0,96.0,88.0,7.0,1.0,3.0,muy mal,high
REC_003058,USR_0153,2026-05-01,18,169.3,59.6,20.79,7.0,0.6,7.4,1,1.9,1,36.8,122.0,78.0,78.0,83.0,3.0,3.0,5.0,regular,medium
REC_003186,USR_0160,2026-05-01,74,166.8,72.4,26.01,4.0,0.0,8.0,1,0.0,1,36.4,125.0,82.0,95.0,79.0,3.0,6.0,7.0,bien,medium
REC_003203,USR_0161,2026-05-01,36,157.9,66.3,26.58,4.0,0.0,5.1,1,7.4,7,37.0,133.0,84.0,81.0,79.0,7.0,1.0,4.0,muy mal,high
REC_003278,USR_0165,2026-05-01,50,167.0,79.6,28.54,7.0,16.6,5.8,1,16.3,0,36.4,95.0,71.0,61.0,81.0,5.0,3.0,5.0,regular,medium
REC_003319,USR_0167,2026-05-01,34,154.2,69.9,29.4,10.0,40.1,6.5,4,14.0,2,36.6,122.0,77.0,94.0,62.0,3.0,4.0,6.0,bien,low
REC_003491,USR_0176,2026-05-01,21,188.0,107.9,30.54,5.0,12.9,4.7,2,7.8,4,36.9,120.0,76.0,79.0,89.0,5.0,1.0,3.0,muy mal,high
REC_003560,USR_0179,2026-05-01,24,140.0,40.6,20.72,7.0,35.4,6.7,3,13.6,2,36.3,112.0,74.0,88.0,84.0,3.0,7.0,8.0,bien,low
REC_003596,USR_0181,2026-05-01,36,164.6,52.7,19.45,5.0,26.9,5.6,1,0.0,6,36.8,125.0,76.0,82.0,91.0,8.0,2.0,5.0,mal,medium
REC_003635,USR_0183,2026-05-01,18,163.7,80.8,30.16,13.0,51.2,8.3,2,0.0,0,35.9,115.0,67.0,91.0,66.0,1.0,7.0,8.0,muy bien,low
REC_003656,USR_0184,2026-05-01,39,165.9,60.6,22.01,11.0,48.9,8.6,2,11.4,0,37.3,107.0,71.0,89.0,60.0,2.0,6.0,6.0,bien,low
REC_003689,USR_0186,2026-05-01,25,169.9,75.6,26.2,11.0,30.0,9.7,2,13.3,1,36.9,106.0,55.0,85.0,69.0,1.0,6.0,9.0,bien,low
REC_003836,USR_0193,2026-05-01,35,170.0,93.8,32.32,0.0,0.0,5.9,2,10.9,5,36.7,146.0,69.0,105.0,81.0,6.0,1.0,5.0,mal,high
REC_003859,USR_0194,2026-05-01,40,174.0,85.6,28.29,7.0,82.4,6.5,2,14.3,2,36.4,96.0,83.0,97.0,56.0,1.0,7.0,7.0,muy bien,low
REC_004006,USR_0201,2026-05-01,41,166.5,70.7,25.5,4.0,51.7,5.2,1,23.2,3,36.3,140.0,85.0,92.0,91.0,4.0,7.0,7.0,regular,medium
REC_004139,USR_0208,2026-05-01,40,158.7,92.3,36.65,2.0,25.8,6.0,2,0.0,2,36.2,130.0,82.0,109.0,70.0,5.0,3.0,6.0,regular,medium
REC_004358,USR_0218,2026-05-01,20,180.2,97.2,29.93,6.0,3.4,3.2,1,1.9,6,36.9,118.0,85.0,109.0,88.0,8.0,2.0,3.0,muy mal,high
REC_004393,USR_0220,2026-05-01,18,184.4,111.9,32.92,3.0,21.9,6.7,2,7.3,6,37.2,106.0,78.0,104.0,89.0,5.0,4.0,6.0,bien,medium
REC_004587,USR_0230,2026-05-01,70,148.7,68.3,30.89,6.0,0.0,6.3,2,0.0,3,36.4,122.0,79.0,99.0,86.0,6.0,1.0,4.0,mal,high
REC_004662,USR_0234,2026-05-01,18,166.9,90.7,32.56,4.0,21.1,5.1,1,0.0,6,36.7,113.0,73.0,96.0,90.0,5.0,2.0,4.0,mal,high
REC_004812,USR_0241,2026-05-01,30,172.4,102.7,34.55,6.0,9.8,5.9,3,12.0,5,36.5,128.0,78.0,64.0,89.0,7.0,2.0,6.0,regular,medium
REC_004876,USR_0244,2026-05-01,31,167.7,71.0,25.25,5.0,26.4,6.5,3,0.0,3,36.4,104.0,67.0,93.0,95.0,5.0,5.0,8.0,regular,medium
REC_004893,USR_0245,2026-05-01,35,168.5,50.3,17.72,5.0,21.2,5.0,1,15.7,7,36.6,119.0,61.0,111.0,94.0,5.0,3.0,4.0,mal,medium
REC_000007,USR_0001,2026-05-02,40,164.4,68.9,25.48,10.0,52.8,7.5,2,6.0,0,37.2,106.0,70.0,101.0,76.0,1.0,4.0,7.0,bien,low
REC_000154,USR_0008,2026-05-02,32,161.4,103.8,39.84,7.0,34.6,6.4,1,7.3,3,37.2,122.0,68.0,109.0,76.0,4.0,4.0,7.0,regular,medium
REC_000194,USR_0010,2026-05-02,26,176.8,94.1,30.11,9.0,55.5,7.8,1,29.9,0,36.6,113.0,60.0,88.0,61.0,1.0,7.0,9.0,muy bien,low
REC_000273,USR_0014,2026-05-02,18,140.0,55.5,28.33,6.0,31.9,7.5,2,18.3,1,36.9,107.0,67.0,101.0,77.0,4.0,6.0,6.0,bien,low
REC_000411,USR_0021,2026-05-02,18,158.0,80.7,32.32,6.0,28.7,3.6,3,7.4,4,37.2,123.0,72.0,83.0,80.0,4.0,1.0,3.0,mal,medium
REC_000517,USR_0026,2026-05-02,37,157.3,47.3,19.1,6.0,14.6,6.3,1,22.2,6,37.8,109.0,70.0,92.0,87.0,6.0,2.0,5.0,mal,medium
REC_000607,USR_0030,2026-05-02,25,161.0,71.9,27.74,8.0,35.5,8.9,3,31.4,0,37.0,96.0,78.0,93.0,61.0,1.0,7.0,8.0,bien,low
REC_000625,USR_0031,2026-05-02,42,175.5,95.4,30.96,10.0,44.4,6.4,2,5.4,2,36.5,118.0,83.0,97.0,82.0,4.0,4.0,6.0,regular,high
REC_000659,USR_0033,2026-05-02,46,165.5,66.7,24.53,4.0,4.4,3.0,0,0.0,4,37.3,118.0,76.0,147.0,75.0,7.0,1.0,4.0,mal,high
REC_000749,USR_0039,2026-05-02,25,164.7,61.2,22.57,9.0,45.6,9.4,4,5.9,1,36.9,115.0,63.0,105.0,77.0,1.0,6.0,9.0,bien,low
REC_000877,USR_0045,2026-05-02,19,172.5,69.1,23.24,3.0,0.0,4.2,2,9.0,6,36.7,120.0,71.0,89.0,90.0,6.0,2.0,3.0,regular,high
REC_000970,USR_0050,2026-05-02,56,176.1,69.2,22.31,9.0,69.2,8.2,3,22.1,0,37.2,102.0,68.0,77.0,55.0,1.0,7.0,8.0,muy bien,low
REC_001054,USR_0054,2026-05-02,47,168.1,47.4,16.76,7.0,41.2,6.8,2,27.5,0,36.3,128.0,56.0,93.0,63.0,1.0,8.0,7.0,muy bien,low
REC_001157,USR_0059,2026-05-02,51,165.2,63.0,23.08,5.0,13.7,7.0,1,26.8,2,36.7,134.0,79.0,89.0,83.0,5.0,3.0,6.0,mal,medium
REC_001176,USR_0060,2026-05-02,52,174.4,54.5,17.93,4.0,0.0,7.3,4,0.0,8,36.4,129.0,77.0,97.0,85.0,4.0,2.0,4.0,mal,medium
REC_001232,USR_0063,2026-05-02,19,167.1,60.0,21.48,2.0,21.5,5.3,1,6.7,5,36.2,129.0,74.0,73.0,100.0,6.0,1.0,4.0,muy mal,high
REC_001288,USR_0066,2026-05-02,32,161.3,90.5,34.79,6.0,45.2,7.4,1,15.9,2,36.5,107.0,80.0,99.0,81.0,1.0,6.0,9.0,muy bien,low
REC_001328,USR_0068,2026-05-02,27,173.0,81.2,27.15,0.0,13.4,5.8,1,19.8,5,37.1,106.0,67.0,87.0,77.0,4.0,2.0,4.0,muy mal,high
REC_001356,USR_0069,2026-05-02,53,175.2,80.9,26.35,5.0,50.3,6.0,0,0.0,2,36.5,112.0,74.0,100.0,72.0,5.0,3.0,6.0,mal,medium
REC_001439,USR_0073,2026-05-02,31,182.5,76.0,22.81,6.0,3.8,6.1,2,28.7,4,36.2,109.0,89.0,105.0,65.0,3.0,4.0,5.0,regular,medium
REC_001563,USR_0079,2026-05-02,36,177.6,67.3,21.35,4.0,37.9,7.4,1,0.0,3,36.3,105.0,74.0,102.0,93.0,4.0,5.0,6.0,regular,medium
REC_001642,USR_0083,2026-05-02,54,169.8,76.4,26.5,4.0,15.9,7.8,1,0.0,6,36.0,130.0,61.0,93.0,98.0,5.0,3.0,7.0,regular,medium
REC_001765,USR_0089,2026-05-02,18,158.6,90.4,35.93,5.0,29.6,7.4,3,21.8,2,36.6,129.0,71.0,90.0,81.0,3.0,6.0,8.0,muy bien,low
REC_001825,USR_0092,2026-05-02,34,166.4,78.9,28.51,6.0,13.5,7.2,3,0.0,1,36.5,126.0,66.0,96.0,90.0,4.0,4.0,6.0,regular,medium
REC_002028,USR_0102,2026-05-02,54,171.0,91.0,31.12,7.0,23.1,6.2,4,7.3,2,37.1,123.0,80.0,104.0,72.0,5.0,4.0,8.0,bien,medium
REC_002058,USR_0104,2026-05-02,31,181.5,101.9,30.93,9.0,69.2,7.1,3,19.8,2,36.6,115.0,65.0,118.0,78.0,2.0,8.0,7.0,bien,low
REC_002302,USR_0116,2026-05-02,37,173.7,83.5,27.69,6.0,13.1,6.0,3,0.0,5,36.3,129.0,68.0,115.0,92.0,5.0,1.0,4.0,muy mal,high
REC_002329,USR_0117,2026-05-02,46,184.7,88.7,26.05,7.0,76.5,8.3,3,8.7,1,36.7,117.0,90.0,91.0,59.0,1.0,8.0,8.0,bien,low
REC_002351,USR_0118,2026-05-02,44,154.4,63.8,26.76,6.0,52.9,7.6,3,18.4,0,37.1,111.0,76.0,91.0,71.0,2.0,7.0,8.0,muy bien,low
REC_002464,USR_0124,2026-05-02,18,168.1,88.8,31.43,10.0,45.6,9.1,3,25.9,0,36.7,108.0,71.0,74.0,74.0,2.0,7.0,8.0,muy bien,low
REC_002480,USR_0125,2026-05-02,29,176.4,74.8,24.02,11.0,56.5,7.7,4,29.5,1,36.8,123.0,73.0,87.0,70.0,2.0,8.0,7.0,mal,low
REC_002522,USR_0127,2026-05-02,23,162.0,62.7,23.88,8.0,29.2,7.5,3,15.0,2,36.9,99.0,87.0,99.0,77.0,3.0,6.0,8.0,bien,low
REC_002624,USR_0132,2026-05-02,49,162.1,63.7,24.22,6.0,17.7,5.2,1,0.0,6,37.5,115.0,81.0,99.0,79.0,6.0,2.0,5.0,mal,high
REC_002742,USR_0138,2026-05-02,57,151.4,44.3,19.32,10.0,64.6,7.1,3,21.7,1,37.0,117.0,69.0,114.0,79.0,1.0,7.0,8.0,muy bien,low
REC_002930,USR_0147,2026-05-02,33,163.0,59.1,22.25,7.0,57.3,6.7,1,25.1,2,36.6,113.0,73.0,70.0,79.0,2.0,7.0,8.0,muy bien,low
REC_002976,USR_0149,2026-05-02,44,145.3,68.7,32.53,4.0,0.0,5.1,0,1.3,5,36.4,136.0,58.0,81.0,75.0,7.0,2.0,5.0,mal,high
REC_003007,USR_0151,2026-05-02,26,164.4,46.0,17.03,11.0,41.2,6.9,0,19.6,2,36.3,102.0,76.0,102.0,72.0,4.0,5.0,7.0,regular,medium
REC_003220,USR_0162,2026-05-02,23,183.5,74.4,22.1,6.0,31.5,7.3,1,0.0,0,35.9,130.0,61.0,76.0,73.0,1.0,6.0,7.0,bien,low
REC_003357,USR_0169,2026-05-02,44,183.3,104.3,31.04,5.0,28.6,6.9,2,18.2,4,36.4,124.0,73.0,76.0,76.0,4.0,2.0,4.0,mal,medium
REC_003492,USR_0176,2026-05-02,21,188.0,108.0,30.55,6.0,0.0,5.3,2,0.0,5,36.2,141.0,74.0,91.0,84.0,7.0,1.0,5.0,muy mal,high
REC_003515,USR_0177,2026-05-02,18,171.9,91.8,31.06,6.0,33.7,7.0,1,10.9,4,36.6,118.0,75.0,58.0,79.0,4.0,4.0,6.0,regular,medium
REC_003538,USR_0178,2026-05-02,41,163.8,99.9,37.23,2.0,12.3,5.8,4,23.8,2,36.8,96.0,77.0,99.0,80.0,3.0,2.0,5.0,mal,medium
REC_003753,USR_0189,2026-05-02,53,185.5,134.1,38.98,4.0,5.6,5.5,2,1.1,5,36.7,118.0,86.0,131.0,92.0,7.0,4.0,5.0,muy mal,high
REC_003860,USR_0194,2026-05-02,40,174.0,85.7,28.31,5.0,4.7,5.5,3,6.9,1,36.8,100.0,76.0,100.0,80.0,4.0,7.0,7.0,regular,medium
REC_003979,USR_0200,2026-05-02,28,154.0,59.9,25.26,7.0,20.3,6.3,2,0.0,6,36.1,128.0,72.0,94.0,80.0,5.0,4.0,5.0,regular,medium
REC_004092,USR_0206,2026-05-02,48,161.0,50.3,19.39,7.0,12.8,5.2,2,12.9,6,36.0,106.0,60.0,111.0,97.0,7.0,2.0,4.0,mal,high
REC_004246,USR_0213,2026-05-02,31,142.0,43.1,21.36,3.0,25.4,5.2,1,0.0,5,36.7,110.0,69.0,84.0,87.0,5.0,4.0,5.0,mal,medium
REC_004340,USR_0217,2026-05-02,19,148.5,55.4,25.11,8.0,51.3,6.0,3,5.2,1,37.0,112.0,75.0,56.0,70.0,2.0,5.0,7.0,bien,low
REC_004550,USR_0228,2026-05-02,38,181.6,83.1,25.2,7.0,67.0,8.0,4,19.7,0,36.6,96.0,63.0,56.0,76.0,1.0,7.0,9.0,muy bien,low
REC_004588,USR_0230,2026-05-02,70,148.7,68.4,30.95,1.0,0.0,7.4,0,0.0,6,36.7,132.0,69.0,116.0,85.0,6.0,1.0,6.0,mal,high
REC_004703,USR_0236,2026-05-02,38,167.9,51.0,18.1,3.0,0.0,6.9,3,23.3,5,36.6,116.0,77.0,102.0,83.0,5.0,3.0,7.0,regular,medium
REC_004743,USR_0238,2026-05-02,40,170.5,88.7,30.51,4.0,43.3,5.8,1,0.0,3,36.5,114.0,68.0,81.0,75.0,4.0,3.0,5.0,mal,medium
REC_004974,USR_0249,2026-05-02,23,173.3,51.5,17.14,7.0,78.3,8.7,2,9.5,1,36.4,120.0,79.0,84.0,67.0,1.0,9.0,9.0,muy bien,low
REC_000029,USR_0002,2026-05-03,23,179.5,88.2,27.38,5.0,10.1,5.7,3,13.4,6,36.7,113.0,74.0,80.0,88.0,6.0,1.0,6.0,muy mal,medium
REC_000072,USR_0004,2026-05-03,18,169.8,77.3,26.81,5.0,47.5,6.9,3,14.1,3,36.8,103.0,81.0,77.0,77.0,3.0,6.0,8.0,bien,low
REC_000087,USR_0005,2026-05-03,31,160.5,48.7,18.89,11.0,100.6,8.5,2,25.9,0,37.5,100.0,66.0,66.0,60.0,1.0,8.0,8.0,muy bien,low
REC_000155,USR_0008,2026-05-03,32,161.4,103.9,39.88,8.0,18.9,7.1,4,0.8,4,37.0,118.0,85.0,100.0,81.0,4.0,4.0,7.0,regular,medium
REC_000230,USR_0012,2026-05-03,27,174.4,103.6,34.07,7.0,14.6,5.0,0,14.8,3,36.9,139.0,73.0,83.0,80.0,3.0,3.0,4.0,mal,high
REC_000274,USR_0014,2026-05-03,18,140.0,55.5,28.3,10.0,9.0,6.6,2,5.7,3,36.6,118.0,69.0,114.0,82.0,5.0,3.0,6.0,bien,medium
REC_000360,USR_0018,2026-05-03,27,169.5,73.9,25.74,5.0,6.2,4.1,1,0.0,4,36.8,137.0,94.0,83.0,92.0,9.0,1.0,4.0,muy mal,high
REC_000435,USR_0022,2026-05-03,55,157.3,94.2,38.06,3.0,8.0,5.1,1,0.0,5,36.9,129.0,87.0,106.0,97.0,6.0,2.0,5.0,regular,high
REC_000608,USR_0030,2026-05-03,25,161.0,72.2,27.85,9.0,36.1,8.5,2,14.9,0,36.8,121.0,67.0,100.0,75.0,1.0,4.0,10.0,muy bien,low
REC_000878,USR_0045,2026-05-03,19,172.5,69.1,23.21,3.0,14.7,4.6,1,11.3,3,36.3,135.0,85.0,99.0,84.0,5.0,2.0,6.0,regular,high
REC_000927,USR_0048,2026-05-03,36,185.3,90.3,26.3,9.0,76.8,8.4,1,9.3,2,36.8,117.0,59.0,66.0,78.0,4.0,4.0,6.0,regular,low
REC_001035,USR_0053,2026-05-03,41,177.1,74.1,23.61,5.0,39.8,7.2,2,20.0,2,37.9,114.0,75.0,62.0,66.0,4.0,4.0,6.0,bien,low
REC_001055,USR_0054,2026-05-03,47,168.1,47.4,16.79,8.0,60.0,8.0,5,20.5,1,36.6,100.0,77.0,73.0,69.0,1.0,6.0,5.0,muy bien,low
REC_001077,USR_0055,2026-05-03,57,162.7,51.4,19.62,7.0,24.5,5.4,1,1.8,4,36.6,116.0,70.0,86.0,91.0,4.0,3.0,6.0,mal,medium
REC_001117,USR_0057,2026-05-03,33,172.5,83.4,28.02,8.0,59.7,8.5,3,14.1,0,36.5,114.0,80.0,85.0,67.0,1.0,4.0,8.0,muy bien,low
REC_001135,USR_0058,2026-05-03,18,150.2,45.6,20.21,6.0,5.0,7.7,2,0.0,1,36.3,114.0,82.0,101.0,94.0,4.0,4.0,7.0,regular,medium
REC_001271,USR_0065,2026-05-03,50,168.7,59.5,20.91,8.0,28.9,10.0,2,4.9,0,36.7,118.0,72.0,71.0,83.0,1.0,7.0,10.0,bien,low
REC_001376,USR_0070,2026-05-03,44,156.1,56.7,23.25,4.0,54.2,7.5,1,18.4,0,36.6,125.0,65.0,58.0,102.0,4.0,4.0,7.0,bien,low
REC_001542,USR_0078,2026-05-03,40,148.8,54.0,24.39,4.0,60.0,6.0,1,0.0,5,36.7,127.0,80.0,63.0,81.0,5.0,3.0,5.0,mal,medium
REC_001564,USR_0079,2026-05-03,36,177.6,67.4,21.36,6.0,37.5,6.8,3,9.6,2,36.7,122.0,72.0,102.0,79.0,4.0,5.0,7.0,regular,low
REC_001684,USR_0085,2026-05-03,41,169.2,70.5,24.63,8.0,23.0,7.5,1,30.3,0,37.4,106.0,57.0,85.0,77.0,1.0,7.0,8.0,muy bien,low
REC_001702,USR_0086,2026-05-03,36,181.9,111.2,33.61,0.0,0.0,6.8,0,0.0,5,36.9,127.0,71.0,87.0,91.0,4.0,3.0,7.0,muy mal,high
REC_001785,USR_0090,2026-05-03,34,183.3,96.1,28.6,6.0,34.7,5.6,2,19.0,2,36.5,126.0,70.0,125.0,82.0,5.0,5.0,6.0,regular,medium
REC_002000,USR_0101,2026-05-03,20,147.8,45.9,21.02,2.0,16.2,6.3,1,1.3,6,36.7,129.0,76.0,98.0,77.0,7.0,2.0,6.0,mal,high
REC_002088,USR_0105,2026-05-03,29,170.0,65.6,22.71,6.0,0.0,5.7,2,1.6,7,37.3,121.0,81.0,92.0,87.0,7.0,1.0,5.0,mal,high
REC_002223,USR_0112,2026-05-03,42,166.2,80.6,29.16,5.0,31.5,6.4,1,13.3,3,36.7,119.0,65.0,93.0,77.0,4.0,4.0,7.0,bien,medium
REC_002465,USR_0124,2026-05-03,18,168.1,88.5,31.31,7.0,66.6,8.8,3,14.5,0,36.9,85.0,72.0,86.0,69.0,1.0,6.0,8.0,muy bien,low
REC_002503,USR_0126,2026-05-03,48,177.6,82.1,26.04,7.0,12.3,7.5,3,1.0,7,37.0,103.0,86.0,116.0,78.0,5.0,2.0,6.0,mal,medium
REC_002607,USR_0131,2026-05-03,53,165.2,71.9,26.33,3.0,6.1,5.0,0,0.0,5,37.0,124.0,74.0,105.0,81.0,7.0,1.0,3.0,mal,high
REC_002743,USR_0138,2026-05-03,57,151.4,44.5,19.39,9.0,48.6,6.7,4,12.0,0,36.3,104.0,75.0,106.0,75.0,3.0,6.0,6.0,bien,low
REC_002826,USR_0142,2026-05-03,19,173.6,76.4,25.36,7.0,0.0,5.7,2,1.6,3,37.0,129.0,77.0,85.0,89.0,6.0,3.0,6.0,mal,medium
REC_002844,USR_0143,2026-05-03,18,163.8,64.9,24.19,10.0,0.2,8.0,1,11.8,1,36.4,100.0,75.0,97.0,75.0,3.0,4.0,9.0,bien,medium
REC_002910,USR_0146,2026-05-03,58,160.0,67.7,26.46,6.0,65.7,6.0,3,16.1,1,37.1,130.0,71.0,91.0,76.0,3.0,7.0,8.0,regular,low
REC_003008,USR_0151,2026-05-03,26,164.4,46.0,17.04,8.0,13.8,7.7,1,8.6,5,36.0,112.0,78.0,76.0,88.0,3.0,4.0,6.0,regular,medium
REC_003031,USR_0152,2026-05-03,49,178.9,91.9,28.73,5.0,7.1,4.3,1,0.3,4,36.4,129.0,73.0,132.0,81.0,4.0,2.0,5.0,mal,high
REC_003075,USR_0154,2026-05-03,45,180.2,90.4,27.84,8.0,53.7,7.9,2,12.1,0,37.3,103.0,69.0,103.0,66.0,1.0,4.0,8.0,bien,low
REC_003358,USR_0169,2026-05-03,44,183.3,104.5,31.1,5.0,0.0,6.3,0,10.2,2,36.5,122.0,62.0,122.0,67.0,5.0,2.0,6.0,mal,high
REC_003451,USR_0174,2026-05-03,45,162.1,59.7,22.73,4.0,43.4,5.3,4,18.1,2,37.1,121.0,73.0,79.0,69.0,5.0,4.0,6.0,bien,medium
REC_003597,USR_0181,2026-05-03,36,164.6,52.9,19.54,2.0,0.0,4.6,1,19.9,5,36.5,136.0,78.0,83.0,97.0,8.0,1.0,5.0,muy mal,high
REC_003690,USR_0186,2026-05-03,25,169.9,75.5,26.16,8.0,66.9,9.4,3,13.0,1,36.6,119.0,57.0,67.0,61.0,1.0,9.0,10.0,muy bien,low
REC_003914,USR_0197,2026-05-03,53,162.9,81.4,30.67,5.0,1.4,4.5,2,0.0,9,36.4,118.0,84.0,105.0,90.0,7.0,1.0,3.0,muy mal,high
REC_003935,USR_0198,2026-05-03,29,180.5,68.2,20.94,12.0,49.7,7.3,2,0.0,0,36.6,112.0,75.0,82.0,64.0,1.0,7.0,7.0,bien,low
REC_004202,USR_0211,2026-05-03,64,160.6,74.0,28.69,6.0,45.7,6.5,5,26.3,1,37.0,116.0,68.0,82.0,80.0,2.0,4.0,6.0,bien,low
REC_004341,USR_0217,2026-05-03,19,148.5,55.5,25.16,10.0,37.0,7.3,4,23.9,0,36.1,110.0,64.0,81.0,69.0,2.0,7.0,8.0,bien,low
REC_004411,USR_0221,2026-05-03,41,186.2,85.9,24.77,11.0,48.2,6.9,5,31.8,0,36.8,100.0,71.0,82.0,73.0,1.0,7.0,8.0,muy bien,low
REC_004434,USR_0222,2026-05-03,62,157.0,77.7,31.54,5.0,41.9,5.4,4,10.5,4,36.7,124.0,72.0,77.0,87.0,3.0,4.0,7.0,bien,medium
REC_004455,USR_0223,2026-05-03,36,158.4,75.5,30.1,4.0,6.9,4.8,1,3.3,4,36.7,118.0,74.0,77.0,85.0,7.0,2.0,4.0,mal,medium
REC_004551,USR_0228,2026-05-03,38,181.6,83.2,25.22,8.0,49.3,7.2,3,27.3,0,36.7,101.0,78.0,84.0,81.0,3.0,6.0,7.0,bien,low
REC_004704,USR_0236,2026-05-03,38,167.9,51.4,18.23,3.0,25.6,6.9,1,10.0,5,36.5,120.0,64.0,62.0,77.0,4.0,4.0,6.0,mal,medium
REC_004936,USR_0247,2026-05-03,51,145.1,40.0,19.0,0.0,0.0,4.8,1,0.0,5,36.8,124.0,83.0,92.0,90.0,9.0,1.0,6.0,muy mal,high
REC_004957,USR_0248,2026-05-03,35,183.9,58.5,17.31,6.0,24.9,5.4,2,7.0,1,37.1,119.0,69.0,86.0,77.0,3.0,4.0,7.0,regular,medium
REC_000008,USR_0001,2026-05-04,40,164.4,69.1,25.57,9.0,55.8,7.5,4,4.3,1,36.6,105.0,68.0,90.0,68.0,2.0,7.0,7.0,bien,low
REC_000107,USR_0006,2026-05-04,45,184.7,81.0,23.73,4.0,29.2,5.1,4,0.0,5,35.7,110.0,66.0,111.0,73.0,4.0,2.0,5.0,mal,medium
REC_000256,USR_0013,2026-05-04,18,171.6,82.4,27.98,7.0,29.6,7.3,1,0.0,2,36.8,113.0,76.0,84.0,137.0,4.0,5.0,7.0,bien,medium
REC_000275,USR_0014,2026-05-04,18,140.0,55.4,28.25,7.0,11.5,5.4,1,5.4,1,36.4,121.0,74.0,102.0,91.0,5.0,3.0,7.0,regular,medium
REC_000436,USR_0022,2026-05-04,55,157.3,94.2,38.08,2.0,3.3,4.2,0,12.9,5,36.6,119.0,89.0,85.0,78.0,8.0,1.0,4.0,mal,high
REC_000506,USR_0025,2026-05-04,51,175.8,67.4,21.64,2.0,21.8,6.9,2,2.6,5,36.7,109.0,68.0,78.0,85.0,4.0,4.0,9.0,bien,medium
REC_000703,USR_0036,2026-05-04,24,168.8,83.5,29.3,1.0,28.7,4.7,3,8.6,4,37.3,109.0,78.0,93.0,87.0,5.0,3.0,5.0,mal,medium
REC_000858,USR_0044,2026-05-04,34,167.9,68.4,24.28,9.0,65.3,8.3,2,23.7,0,36.4,110.0,67.0,82.0,78.0,1.0,7.0,7.0,bien,low
REC_000913,USR_0047,2026-05-04,25,187.4,83.6,23.82,3.0,0.0,3.8,2,4.3,5,36.3,115.0,73.0,93.0,71.0,7.0,1.0,5.0,muy mal,high
REC_000971,USR_0050,2026-05-04,56,176.1,69.3,22.35,8.0,45.0,8.2,4,20.2,0,36.7,115.0,79.0,94.0,84.0,1.0,8.0,9.0,muy bien,low
REC_001036,USR_0053,2026-05-04,41,177.1,74.1,23.63,8.0,34.7,5.0,3,13.8,0,37.0,110.0,76.0,115.0,69.0,4.0,3.0,6.0,mal,medium
REC_001056,USR_0054,2026-05-04,47,168.1,47.4,16.78,7.0,60.8,8.0,3,0.0,0,36.5,104.0,63.0,96.0,71.0,1.0,6.0,7.0,bien,low
REC_001078,USR_0055,2026-05-04,57,162.7,51.7,19.55,8.0,20.8,5.8,2,5.5,1,37.0,98.0,85.0,112.0,77.0,5.0,3.0,6.0,regular,medium
REC_001197,USR_0061,2026-05-04,44,168.5,79.3,27.93,6.0,0.0,6.1,1,1.5,2,36.5,113.0,82.0,99.0,85.0,7.0,1.0,6.0,mal,high
REC_001289,USR_0066,2026-05-04,32,161.3,90.4,34.75,8.0,49.4,7.4,3,15.2,0,36.8,119.0,62.0,107.0,60.0,1.0,7.0,7.0,bien,low
REC_001307,USR_0067,2026-05-04,54,176.0,107.2,34.6,4.0,0.0,5.1,2,9.3,3,36.5,134.0,71.0,104.0,79.0,8.0,1.0,3.0,muy mal,high
REC_001329,USR_0068,2026-05-04,27,173.0,81.3,27.17,8.0,15.6,5.6,2,1.3,2,36.5,100.0,66.0,121.0,93.0,5.0,4.0,5.0,regular,medium
REC_001377,USR_0070,2026-05-04,44,156.1,56.5,23.17,6.0,10.5,8.1,2,0.0,2,37.1,117.0,82.0,72.0,71.0,2.0,3.0,6.0,regular,medium
REC_001454,USR_0074,2026-05-04,47,164.5,65.3,24.13,8.0,24.1,5.8,4,0.0,2,36.5,126.0,75.0,83.0,84.0,4.0,4.0,6.0,regular,medium
REC_001618,USR_0082,2026-05-04,51,145.3,54.0,25.56,8.0,40.4,8.7,4,23.3,0,37.5,101.0,65.0,95.0,72.0,1.0,7.0,8.0,regular,low
REC_001643,USR_0083,2026-05-04,54,169.8,76.4,26.51,4.0,5.9,6.5,0,11.2,5,36.8,126.0,73.0,65.0,99.0,4.0,4.0,6.0,regular,medium
REC_001724,USR_0087,2026-05-04,34,162.7,84.7,32.01,13.0,64.6,8.7,2,26.2,0,37.0,85.0,72.0,89.0,72.0,2.0,7.0,10.0,bien,low
REC_001838,USR_0093,2026-05-04,53,173.3,70.8,23.59,9.0,35.0,6.7,5,23.9,0,36.4,116.0,89.0,92.0,79.0,2.0,4.0,7.0,muy bien,low
REC_001979,USR_0100,2026-05-04,69,161.2,90.6,34.85,9.0,39.5,8.6,3,17.5,0,36.5,123.0,62.0,107.0,74.0,2.0,6.0,8.0,bien,low
REC_002001,USR_0101,2026-05-04,20,147.8,46.0,21.07,3.0,29.0,5.7,3,0.8,7,36.8,128.0,77.0,109.0,99.0,6.0,3.0,4.0,mal,medium
REC_002303,USR_0116,2026-05-04,37,173.7,83.3,27.6,5.0,8.4,6.1,3,9.4,3,36.1,115.0,73.0,100.0,72.0,5.0,2.0,5.0,regular,medium
REC_002371,USR_0119,2026-05-04,26,177.6,75.4,23.89,6.0,0.0,5.2,1,12.5,7,36.7,128.0,81.0,82.0,92.0,7.0,1.0,4.0,mal,high
REC_002451,USR_0123,2026-05-04,29,183.7,72.2,21.41,6.0,23.5,6.7,2,5.9,1,37.5,107.0,84.0,91.0,74.0,4.0,4.0,6.0,regular,medium
REC_002466,USR_0124,2026-05-04,18,168.1,88.1,31.19,9.0,30.7,9.9,2,22.3,1,37.0,111.0,67.0,95.0,71.0,1.0,6.0,7.0,bien,medium
REC_002504,USR_0126,2026-05-04,48,177.6,82.3,26.1,5.0,19.2,6.7,2,19.5,6,36.5,124.0,78.0,106.0,95.0,6.0,3.0,7.0,mal,medium
REC_002570,USR_0129,2026-05-04,28,168.8,63.9,22.44,10.0,59.6,7.4,2,14.6,1,36.7,128.0,78.0,78.0,81.0,4.0,4.0,7.0,muy bien,low
REC_002625,USR_0132,2026-05-04,49,162.1,63.6,24.22,4.0,19.8,4.7,2,0.0,4,36.8,111.0,85.0,112.0,88.0,7.0,2.0,6.0,mal,medium
REC_002670,USR_0134,2026-05-04,55,153.0,51.1,21.84,2.0,0.0,7.3,1,0.0,4,36.7,107.0,70.0,82.0,87.0,6.0,1.0,7.0,mal,high
REC_002762,USR_0139,2026-05-04,45,155.6,56.1,23.19,8.0,18.8,6.6,4,14.4,1,37.1,117.0,81.0,123.0,91.0,3.0,5.0,7.0,regular,low
REC_002845,USR_0143,2026-05-04,18,163.8,64.9,24.2,8.0,23.7,8.8,5,0.0,0,36.7,119.0,80.0,101.0,71.0,2.0,4.0,7.0,regular,medium
REC_002955,USR_0148,2026-05-04,30,142.0,47.5,23.58,5.0,35.5,3.8,1,5.5,4,37.5,127.0,76.0,97.0,95.0,7.0,1.0,3.0,muy mal,high
REC_003059,USR_0153,2026-05-04,18,169.3,59.7,20.81,8.0,10.8,6.3,2,0.0,2,36.2,122.0,73.0,76.0,86.0,5.0,2.0,6.0,regular,medium
REC_003086,USR_0155,2026-05-04,38,188.3,125.4,35.36,5.0,29.4,3.0,2,6.7,6,35.9,118.0,66.0,98.0,88.0,6.0,4.0,4.0,mal,high
REC_003159,USR_0159,2026-05-04,39,164.1,76.5,28.41,11.0,54.2,7.4,4,7.5,2,36.4,119.0,70.0,61.0,67.0,4.0,7.0,6.0,muy bien,low
REC_003340,USR_0168,2026-05-04,49,179.1,117.0,36.89,2.0,21.6,4.9,0,4.6,4,37.3,125.0,78.0,98.0,98.0,4.0,2.0,3.0,mal,high
REC_003389,USR_0171,2026-05-04,70,149.8,59.0,26.29,6.0,5.5,3.7,2,0.0,8,36.7,146.0,71.0,114.0,80.0,6.0,3.0,6.0,regular,high
REC_003561,USR_0179,2026-05-04,24,140.0,40.7,20.79,10.0,52.0,6.8,3,5.4,4,36.7,119.0,70.0,91.0,87.0,4.0,5.0,5.0,regular,low
REC_003598,USR_0181,2026-05-04,36,164.6,52.9,19.53,5.0,46.5,4.0,2,8.7,5,36.7,125.0,71.0,110.0,95.0,8.0,1.0,3.0,muy mal,high
REC_003657,USR_0184,2026-05-04,39,165.9,60.4,21.94,8.0,55.6,10.0,5,16.5,0,36.4,102.0,71.0,58.0,65.0,1.0,8.0,8.0,bien,low
REC_003773,USR_0190,2026-05-04,71,152.1,49.1,21.2,5.0,0.0,6.9,2,12.9,3,36.9,124.0,74.0,94.0,79.0,4.0,3.0,5.0,regular,medium
REC_003895,USR_0196,2026-05-04,30,164.1,48.5,18.02,2.0,0.0,4.8,0,0.0,5,36.6,136.0,78.0,97.0,82.0,9.0,1.0,6.0,muy mal,high
REC_004054,USR_0204,2026-05-04,43,182.8,84.3,25.23,10.0,44.1,8.6,4,12.4,0,36.8,97.0,71.0,64.0,81.0,1.0,9.0,7.0,muy bien,low
REC_004222,USR_0212,2026-05-04,45,154.0,50.3,21.23,5.0,2.3,3.2,2,0.0,3,36.7,120.0,82.0,113.0,90.0,7.0,1.0,2.0,muy mal,high
REC_004295,USR_0215,2026-05-04,23,180.8,78.9,24.14,5.0,0.0,4.2,0,25.1,4,36.9,134.0,80.0,94.0,85.0,6.0,2.0,5.0,mal,high
REC_004435,USR_0222,2026-05-04,62,157.0,77.9,31.61,6.0,14.0,7.4,3,5.6,3,36.6,126.0,74.0,102.0,87.0,4.0,4.0,6.0,regular,medium
REC_004515,USR_0226,2026-05-04,50,166.7,122.6,44.11,8.0,5.3,7.8,2,6.8,3,36.4,121.0,73.0,102.0,88.0,9.0,4.0,4.0,muy mal,medium
REC_004589,USR_0230,2026-05-04,70,148.7,68.1,30.78,7.0,1.1,8.0,2,5.6,6,37.0,137.0,88.0,75.0,78.0,5.0,1.0,5.0,mal,medium
REC_004894,USR_0245,2026-05-04,35,168.5,50.3,17.7,5.0,6.0,4.4,3,0.0,6,36.6,128.0,74.0,77.0,101.0,7.0,3.0,6.0,regular,high
REC_004990,USR_0250,2026-05-04,26,149.2,45.4,20.38,5.0,0.0,6.6,2,0.0,5,36.2,117.0,65.0,80.0,82.0,5.0,1.0,5.0,muy mal,high
REC_000073,USR_0004,2026-05-05,18,169.8,77.0,26.7,7.0,38.1,6.4,0,1.0,3,36.3,121.0,80.0,59.0,77.0,4.0,4.0,7.0,regular,medium
REC_000156,USR_0008,2026-05-05,32,161.4,104.0,39.92,9.0,38.9,8.0,2,0.5,3,36.3,115.0,74.0,99.0,76.0,3.0,4.0,7.0,bien,low
REC_000175,USR_0009,2026-05-05,45,164.2,58.5,21.68,7.0,34.5,7.6,3,9.4,0,36.7,124.0,61.0,80.0,82.0,4.0,5.0,9.0,muy bien,low
REC_000361,USR_0018,2026-05-05,27,169.5,74.1,25.8,2.0,0.0,3.6,4,21.1,3,36.8,121.0,82.0,79.0,75.0,9.0,1.0,3.0,muy mal,high
REC_000437,USR_0022,2026-05-05,55,157.3,94.4,38.14,5.0,12.3,6.2,1,0.0,3,36.4,102.0,73.0,108.0,100.0,5.0,1.0,5.0,muy mal,high
REC_000518,USR_0026,2026-05-05,37,157.3,47.3,19.1,7.0,15.8,6.8,1,0.0,7,36.9,119.0,67.0,91.0,87.0,6.0,3.0,8.0,regular,medium
REC_000541,USR_0027,2026-05-05,57,164.1,73.8,27.42,6.0,24.5,6.8,3,26.2,2,36.7,116.0,80.0,95.0,79.0,3.0,4.0,6.0,regular,medium
REC_000565,USR_0028,2026-05-05,55,153.2,71.0,30.24,7.0,50.6,6.7,2,21.5,6,36.4,132.0,81.0,74.0,68.0,4.0,6.0,6.0,mal,medium
REC_000587,USR_0029,2026-05-05,49,153.3,47.6,20.25,13.0,49.5,7.5,1,16.3,0,37.1,108.0,72.0,103.0,81.0,2.0,6.0,7.0,muy bien,low
REC_000795,USR_0041,2026-05-05,43,159.4,68.9,27.13,9.0,69.2,8.8,3,17.3,0,36.5,115.0,77.0,91.0,73.0,2.0,6.0,7.0,muy bien,low
REC_000830,USR_0043,2026-05-05,18,151.0,48.4,21.23,9.0,61.2,8.0,4,19.6,0,36.7,103.0,74.0,78.0,66.0,1.0,7.0,9.0,muy bien,low
REC_000928,USR_0048,2026-05-05,36,185.3,90.2,26.27,6.0,31.5,8.6,3,10.3,4,36.3,101.0,77.0,97.0,88.0,2.0,7.0,9.0,muy bien,low
REC_000972,USR_0050,2026-05-05,56,176.1,69.7,22.48,11.0,39.0,7.4,3,31.9,0,36.6,109.0,79.0,79.0,77.0,4.0,8.0,10.0,bien,low
REC_001057,USR_0054,2026-05-05,47,168.1,47.3,16.73,5.0,40.5,7.8,2,9.4,0,36.7,113.0,75.0,74.0,66.0,1.0,7.0,7.0,muy bien,low
REC_001158,USR_0059,2026-05-05,51,165.2,63.6,23.04,6.0,0.0,7.1,2,5.0,2,36.8,123.0,66.0,101.0,97.0,3.0,4.0,6.0,regular,medium
REC_001177,USR_0060,2026-05-05,52,174.4,54.3,17.87,8.0,22.3,6.2,1,0.0,7,37.0,116.0,79.0,94.0,96.0,4.0,2.0,4.0,mal,medium
REC_001219,USR_0062,2026-05-05,45,154.5,75.5,31.62,6.0,2.3,3.4,0,10.0,5,36.2,133.0,71.0,72.0,88.0,9.0,1.0,4.0,muy mal,high
REC_001516,USR_0077,2026-05-05,27,166.1,67.8,24.57,6.0,22.8,8.5,4,7.5,0,36.6,99.0,63.0,86.0,79.0,3.0,6.0,7.0,regular,low
REC_001619,USR_0082,2026-05-05,51,145.3,53.8,25.51,12.0,32.6,7.0,2,9.1,0,37.5,121.0,71.0,118.0,74.0,3.0,7.0,7.0,bien,low
REC_001644,USR_0083,2026-05-05,54,169.8,76.4,26.49,3.0,4.2,5.3,2,0.1,9,36.1,119.0,74.0,111.0,99.0,7.0,3.0,4.0,mal,high
REC_001725,USR_0087,2026-05-05,34,162.7,84.7,32.0,10.0,30.3,8.4,2,26.2,0,36.0,111.0,79.0,71.0,61.0,2.0,5.0,7.0,bien,low
REC_001786,USR_0090,2026-05-05,34,183.3,96.1,28.61,7.0,27.8,4.7,1,0.0,2,37.2,107.0,74.0,109.0,81.0,4.0,4.0,7.0,regular,medium
REC_001909,USR_0097,2026-05-05,23,163.2,52.2,19.61,8.0,55.9,6.9,2,8.1,1,37.1,114.0,68.0,96.0,89.0,5.0,4.0,8.0,regular,low
REC_001960,USR_0099,2026-05-05,36,171.7,62.3,21.14,4.0,79.5,7.7,0,19.1,3,36.5,126.0,61.0,72.0,58.0,2.0,4.0,7.0,bien,low
REC_002149,USR_0108,2026-05-05,36,165.3,108.3,39.63,9.0,46.0,7.2,2,29.5,2,36.9,124.0,64.0,77.0,81.0,1.0,7.0,6.0,bien,low
REC_002330,USR_0117,2026-05-05,46,184.7,89.0,26.08,11.0,52.0,8.5,3,0.0,0,37.3,115.0,78.0,100.0,60.0,1.0,8.0,8.0,muy bien,low
REC_002352,USR_0118,2026-05-05,44,154.4,63.6,26.69,10.0,30.8,8.5,2,18.0,0,36.6,125.0,63.0,88.0,80.0,2.0,6.0,8.0,bien,low
REC_002436,USR_0122,2026-05-05,25,171.8,68.4,23.18,5.0,51.3,5.4,0,8.3,4,35.7,103.0,68.0,102.0,72.0,3.0,4.0,7.0,regular,medium
REC_002744,USR_0138,2026-05-05,57,151.4,44.3,19.34,9.0,20.0,6.1,4,21.3,0,36.2,122.0,64.0,103.0,81.0,3.0,5.0,7.0,bien,medium
REC_002802,USR_0141,2026-05-05,40,188.9,124.1,34.79,6.0,0.0,5.8,1,5.9,4,36.8,126.0,74.0,101.0,93.0,6.0,4.0,4.0,mal,high
REC_003141,USR_0158,2026-05-05,34,167.3,70.6,25.22,3.0,2.6,5.7,2,10.2,6,36.6,109.0,74.0,74.0,93.0,6.0,2.0,6.0,muy mal,high
REC_003160,USR_0159,2026-05-05,39,164.1,76.6,28.46,9.0,19.4,7.8,3,9.6,0,36.9,134.0,64.0,82.0,70.0,2.0,5.0,8.0,regular,low
REC_003221,USR_0162,2026-05-05,23,183.5,74.4,22.11,9.0,56.9,8.0,4,18.3,2,36.6,119.0,68.0,74.0,67.0,1.0,6.0,6.0,bien,low
REC_003279,USR_0165,2026-05-05,50,167.0,79.6,28.55,7.0,30.4,4.8,2,23.9,2,36.7,130.0,77.0,122.0,81.0,5.0,3.0,5.0,mal,medium
REC_003452,USR_0174,2026-05-05,45,162.1,59.8,22.76,6.0,23.5,6.6,2,10.7,3,36.5,134.0,75.0,68.0,79.0,5.0,4.0,5.0,mal,medium
REC_003516,USR_0177,2026-05-05,18,171.9,91.8,31.07,6.0,23.9,7.0,1,0.0,6,36.5,117.0,72.0,82.0,87.0,5.0,4.0,5.0,regular,medium
REC_003562,USR_0179,2026-05-05,24,140.0,40.7,20.75,6.0,33.1,7.6,0,3.3,3,36.9,113.0,79.0,87.0,82.0,4.0,5.0,8.0,bien,medium
REC_003599,USR_0181,2026-05-05,36,164.6,52.9,19.53,5.0,17.1,3.9,2,0.0,4,36.9,113.0,71.0,52.0,80.0,8.0,1.0,4.0,muy mal,high
REC_003960,USR_0199,2026-05-05,22,166.5,77.0,27.78,7.0,29.9,6.6,3,0.0,0,36.0,118.0,75.0,91.0,71.0,2.0,7.0,8.0,muy bien,low
REC_004007,USR_0201,2026-05-05,41,166.5,71.0,25.61,5.0,8.7,6.6,2,0.4,3,36.2,141.0,84.0,102.0,72.0,4.0,6.0,8.0,bien,medium
REC_004040,USR_0203,2026-05-05,58,161.7,49.1,18.79,12.0,78.1,7.3,3,9.6,0,37.1,123.0,70.0,57.0,76.0,2.0,7.0,7.0,muy bien,low
REC_004055,USR_0204,2026-05-05,43,182.8,84.6,25.31,7.0,42.9,8.8,3,23.7,0,37.2,127.0,73.0,82.0,80.0,2.0,9.0,9.0,bien,low
REC_004119,USR_0207,2026-05-05,18,169.3,74.8,26.08,8.0,44.4,7.7,3,2.2,0,36.8,95.0,79.0,78.0,66.0,2.0,7.0,8.0,bien,low
REC_004161,USR_0209,2026-05-05,30,166.3,51.4,18.57,1.0,0.0,4.8,1,1.9,4,36.8,125.0,77.0,66.0,94.0,8.0,1.0,4.0,muy mal,high
REC_004203,USR_0211,2026-05-05,64,160.6,74.0,28.67,10.0,14.3,6.8,4,22.4,2,36.5,117.0,80.0,116.0,82.0,1.0,6.0,7.0,bien,medium
REC_004247,USR_0213,2026-05-05,31,142.0,43.0,21.32,6.0,25.3,5.7,1,8.0,4,36.5,117.0,68.0,109.0,74.0,4.0,4.0,5.0,mal,medium
REC_004377,USR_0219,2026-05-05,18,176.3,52.1,16.77,6.0,42.5,5.8,4,11.1,1,36.8,120.0,63.0,90.0,81.0,4.0,5.0,5.0,bien,medium
REC_004394,USR_0220,2026-05-05,18,184.4,112.1,32.97,6.0,39.9,8.4,2,7.1,4,37.7,136.0,86.0,131.0,77.0,4.0,4.0,6.0,mal,medium
REC_004493,USR_0225,2026-05-05,48,174.1,70.0,23.09,4.0,10.1,5.4,2,7.3,8,37.5,122.0,76.0,130.0,93.0,7.0,2.0,6.0,mal,medium
REC_004552,USR_0228,2026-05-05,38,181.6,83.2,25.24,7.0,32.1,7.2,2,27.0,1,37.0,102.0,69.0,64.0,78.0,1.0,7.0,6.0,bien,low
REC_004568,USR_0229,2026-05-05,41,170.1,94.3,32.59,6.0,0.0,4.4,3,3.1,6,37.3,107.0,85.0,93.0,84.0,6.0,2.0,5.0,mal,high
REC_004608,USR_0231,2026-05-05,25,153.6,44.9,19.03,8.0,16.2,8.7,2,0.0,0,36.4,101.0,65.0,92.0,71.0,2.0,6.0,9.0,bien,medium
REC_004833,USR_0242,2026-05-05,18,147.8,40.7,18.64,5.0,0.1,6.1,3,0.0,5,36.6,126.0,72.0,117.0,93.0,6.0,2.0,5.0,mal,medium
REC_004937,USR_0247,2026-05-05,51,145.1,40.2,19.08,3.0,4.6,3.6,1,2.9,3,37.2,125.0,69.0,95.0,91.0,8.0,1.0,4.0,muy mal,high
REC_000009,USR_0001,2026-05-06,40,164.4,69.1,25.57,10.0,50.5,7.5,4,3.4,0,35.8,113.0,64.0,79.0,81.0,3.0,5.0,7.0,bien,low
REC_000053,USR_0003,2026-05-06,18,157.0,89.4,36.29,4.0,19.5,9.0,2,20.6,1,36.9,134.0,77.0,93.0,69.0,4.0,4.0,9.0,bien,medium
REC_000108,USR_0006,2026-05-06,45,184.7,81.0,23.73,5.0,21.4,5.9,0,7.0,6,37.3,133.0,74.0,106.0,107.0,7.0,2.0,5.0,mal,high
REC_000217,USR_0011,2026-05-06,27,164.4,46.1,17.05,4.0,26.7,3.7,0,14.8,6,37.1,111.0,75.0,97.0,110.0,7.0,1.0,4.0,mal,high
REC_000231,USR_0012,2026-05-06,27,174.4,103.5,34.03,2.0,0.0,4.9,1,0.0,5,36.8,123.0,76.0,81.0,83.0,5.0,2.0,5.0,muy mal,high
REC_000376,USR_0019,2026-05-06,37,158.9,75.1,29.73,2.0,0.6,6.5,0,6.1,6,36.6,117.0,75.0,104.0,90.0,5.0,3.0,6.0,mal,high
REC_000393,USR_0020,2026-05-06,39,163.1,72.7,27.33,9.0,32.2,7.1,3,0.0,2,36.7,135.0,71.0,88.0,78.0,3.0,5.0,9.0,bien,low
REC_000412,USR_0021,2026-05-06,18,158.0,80.7,32.34,4.0,0.0,5.1,3,7.6,5,36.6,127.0,73.0,87.0,97.0,5.0,1.0,5.0,mal,high
REC_000438,USR_0022,2026-05-06,55,157.3,94.3,38.09,5.0,1.1,6.4,0,9.0,5,37.1,138.0,72.0,101.0,102.0,7.0,1.0,6.0,mal,high
REC_000519,USR_0026,2026-05-06,37,157.3,47.3,19.13,1.0,11.1,6.3,2,0.0,7,36.9,123.0,62.0,82.0,90.0,5.0,3.0,5.0,mal,medium
REC_000626,USR_0031,2026-05-06,42,175.5,95.1,30.87,5.0,33.8,4.7,4,3.4,4,36.5,132.0,84.0,116.0,71.0,5.0,2.0,4.0,mal,medium
REC_000730,USR_0038,2026-05-06,31,161.2,72.3,27.81,3.0,17.5,4.4,2,20.6,5,36.4,123.0,77.0,102.0,88.0,5.0,3.0,4.0,regular,medium
REC_000893,USR_0046,2026-05-06,21,182.3,120.8,36.35,4.0,0.0,4.9,2,0.0,6,36.7,130.0,74.0,112.0,91.0,8.0,1.0,4.0,mal,high
REC_001015,USR_0052,2026-05-06,42,178.1,77.0,24.27,10.0,35.9,7.5,3,24.2,0,36.5,123.0,77.0,102.0,76.0,3.0,7.0,8.0,bien,low
REC_001079,USR_0055,2026-05-06,57,162.7,51.5,19.46,9.0,33.8,7.2,2,0.0,3,36.3,129.0,79.0,86.0,71.0,1.0,5.0,9.0,bien,low
REC_001093,USR_0056,2026-05-06,60,165.5,53.5,19.53,3.0,47.2,5.2,2,3.6,2,36.5,126.0,73.0,102.0,77.0,4.0,3.0,4.0,mal,medium
REC_001118,USR_0057,2026-05-06,33,172.5,83.4,28.04,10.0,46.8,7.7,4,10.2,0,36.5,114.0,69.0,75.0,62.0,1.0,6.0,6.0,muy bien,low
REC_001198,USR_0061,2026-05-06,44,168.5,79.3,27.94,5.0,0.0,5.3,1,10.7,4,36.5,127.0,71.0,88.0,100.0,4.0,1.0,2.0,mal,high
REC_001250,USR_0064,2026-05-06,39,154.0,65.6,27.66,8.0,86.4,9.3,4,7.7,0,36.8,130.0,59.0,68.0,79.0,1.0,8.0,10.0,muy bien,low
REC_001272,USR_0065,2026-05-06,50,168.7,59.6,20.94,7.0,28.1,8.8,3,22.7,1,36.7,120.0,84.0,82.0,77.0,1.0,7.0,9.0,muy bien,low
REC_001330,USR_0068,2026-05-06,27,173.0,81.5,27.22,6.0,8.5,6.8,0,0.0,4,35.9,116.0,74.0,86.0,78.0,6.0,3.0,7.0,mal,low
REC_001357,USR_0069,2026-05-06,53,175.2,80.9,26.35,6.0,0.0,6.1,2,16.3,1,36.4,136.0,64.0,76.0,88.0,4.0,2.0,6.0,regular,medium
REC_001399,USR_0071,2026-05-06,29,163.4,65.3,24.45,6.0,13.2,6.0,1,0.0,6,37.3,136.0,71.0,84.0,96.0,6.0,1.0,5.0,muy mal,medium
REC_001455,USR_0074,2026-05-06,47,164.5,65.6,24.22,7.0,27.5,6.4,3,0.0,3,36.6,108.0,68.0,107.0,79.0,3.0,5.0,8.0,bien,medium
REC_001501,USR_0076,2026-05-06,21,168.4,90.9,32.04,8.0,0.0,6.7,2,7.2,6,36.9,120.0,75.0,117.0,74.0,5.0,3.0,8.0,regular,medium
REC_001581,USR_0080,2026-05-06,20,165.5,71.4,26.07,6.0,28.9,4.7,1,0.0,4,36.9,118.0,71.0,86.0,93.0,5.0,1.0,4.0,muy mal,medium
REC_001703,USR_0086,2026-05-06,36,181.9,111.4,33.66,4.0,0.0,7.0,0,0.0,5,36.9,112.0,88.0,126.0,68.0,6.0,1.0,5.0,mal,high
REC_001726,USR_0087,2026-05-06,34,162.7,84.8,32.02,9.0,51.2,8.5,3,21.3,0,37.0,131.0,62.0,81.0,80.0,3.0,7.0,8.0,bien,low
REC_001839,USR_0093,2026-05-06,53,173.3,70.9,23.62,8.0,85.8,6.5,2,5.7,2,36.6,115.0,73.0,94.0,80.0,1.0,6.0,5.0,regular,low
REC_001961,USR_0099,2026-05-06,36,171.7,62.4,21.17,1.0,18.5,7.4,2,0.0,2,36.3,106.0,73.0,97.0,78.0,3.0,4.0,6.0,regular,medium
REC_001980,USR_0100,2026-05-06,69,161.2,90.5,34.84,10.0,22.0,7.9,1,16.9,0,36.4,123.0,76.0,122.0,57.0,1.0,4.0,8.0,muy bien,low
REC_002002,USR_0101,2026-05-06,20,147.8,45.9,21.0,7.0,10.9,4.7,0,12.7,7,37.1,127.0,66.0,100.0,96.0,6.0,3.0,6.0,mal,high
REC_002029,USR_0102,2026-05-06,54,171.0,91.1,31.15,5.0,33.3,5.1,0,7.8,1,36.9,119.0,76.0,85.0,79.0,4.0,4.0,6.0,mal,medium
REC_002089,USR_0105,2026-05-06,29,170.0,65.5,22.66,6.0,0.0,4.5,2,1.4,7,37.7,121.0,73.0,86.0,80.0,8.0,2.0,6.0,muy mal,high
REC_002150,USR_0108,2026-05-06,36,165.3,108.1,39.57,10.0,24.8,8.1,2,16.3,1,37.2,93.0,66.0,109.0,69.0,3.0,5.0,8.0,bien,low
REC_002304,USR_0116,2026-05-06,37,173.7,83.3,27.61,5.0,7.1,5.6,1,22.3,5,36.7,111.0,79.0,64.0,89.0,6.0,2.0,6.0,mal,medium
REC_002372,USR_0119,2026-05-06,26,177.6,75.4,23.91,2.0,0.0,4.8,0,0.0,4,36.4,121.0,62.0,76.0,86.0,6.0,2.0,5.0,mal,high
REC_002415,USR_0121,2026-05-06,56,161.4,82.9,31.81,9.0,41.4,9.0,3,10.2,2,36.6,108.0,68.0,93.0,66.0,1.0,8.0,8.0,bien,low
REC_002452,USR_0123,2026-05-06,29,183.7,72.4,21.45,1.0,40.2,7.0,4,0.0,1,36.5,121.0,77.0,106.0,90.0,4.0,4.0,8.0,bien,medium
REC_002467,USR_0124,2026-05-06,18,168.1,88.4,31.29,8.0,29.2,10.0,2,17.9,1,36.6,107.0,56.0,87.0,86.0,1.0,8.0,9.0,muy bien,low
REC_002505,USR_0126,2026-05-06,48,177.6,82.1,26.04,7.0,16.8,5.8,1,7.4,6,37.5,126.0,79.0,96.0,96.0,5.0,5.0,6.0,bien,medium
REC_002523,USR_0127,2026-05-06,23,162.0,62.7,23.91,7.0,54.4,7.2,2,17.1,2,36.5,107.0,68.0,63.0,77.0,3.0,6.0,8.0,regular,low
REC_002548,USR_0128,2026-05-06,31,166.3,63.8,23.05,8.0,60.6,7.1,3,10.5,0,36.2,108.0,81.0,78.0,72.0,2.0,7.0,9.0,muy bien,low
REC_002763,USR_0139,2026-05-06,45,155.6,56.3,23.27,4.0,20.9,6.6,2,3.0,3,36.2,134.0,84.0,82.0,76.0,4.0,4.0,7.0,regular,medium
REC_002803,USR_0141,2026-05-06,40,188.9,124.1,34.79,2.0,0.0,5.2,2,0.0,6,36.5,113.0,79.0,120.0,81.0,5.0,2.0,6.0,regular,high
REC_002871,USR_0144,2026-05-06,22,157.7,42.0,16.9,7.0,16.1,6.1,2,7.8,1,36.5,120.0,58.0,91.0,67.0,3.0,4.0,6.0,bien,medium
REC_002888,USR_0145,2026-05-06,23,164.5,52.4,19.35,6.0,22.3,7.9,3,27.6,0,36.3,119.0,78.0,89.0,81.0,1.0,6.0,8.0,bien,low
REC_002931,USR_0147,2026-05-06,33,163.0,58.9,22.16,6.0,44.5,7.9,2,15.7,0,36.6,110.0,83.0,114.0,63.0,1.0,8.0,7.0,bien,low
REC_002977,USR_0149,2026-05-06,44,145.3,69.0,32.68,7.0,0.0,4.8,3,6.7,5,36.6,130.0,66.0,88.0,91.0,6.0,1.0,3.0,mal,high
REC_002994,USR_0150,2026-05-06,37,172.4,49.5,16.65,10.0,57.5,7.7,3,27.5,0,36.4,98.0,72.0,98.0,74.0,2.0,5.0,9.0,bien,low
REC_003009,USR_0151,2026-05-06,26,164.4,45.7,16.92,8.0,29.8,6.0,2,3.9,3,36.5,125.0,81.0,64.0,68.0,3.0,3.0,5.0,regular,medium
REC_003032,USR_0152,2026-05-06,49,178.9,91.8,28.69,1.0,0.0,4.9,0,0.0,5,36.6,119.0,70.0,92.0,91.0,4.0,3.0,4.0,mal,high
REC_003087,USR_0155,2026-05-06,38,188.3,125.2,35.3,7.0,19.9,4.8,0,0.7,5,36.4,116.0,64.0,91.0,86.0,7.0,2.0,4.0,mal,high
REC_003243,USR_0163,2026-05-06,49,158.7,57.7,22.89,9.0,63.2,5.8,3,43.4,2,36.7,122.0,80.0,91.0,86.0,3.0,5.0,5.0,regular,low
REC_003390,USR_0171,2026-05-06,70,149.8,59.3,26.44,4.0,21.6,5.1,1,20.5,3,37.0,121.0,73.0,116.0,85.0,6.0,3.0,6.0,mal,medium
REC_003563,USR_0179,2026-05-06,24,140.0,41.1,20.98,8.0,9.0,7.0,0,10.8,1,36.2,120.0,62.0,91.0,86.0,4.0,5.0,7.0,regular,medium
REC_003671,USR_0185,2026-05-06,58,174.0,76.2,25.16,6.0,0.0,5.7,0,0.0,5,37.1,139.0,70.0,102.0,102.0,8.0,1.0,7.0,muy mal,high
REC_003818,USR_0192,2026-05-06,34,158.4,87.7,34.95,2.0,0.0,4.9,2,0.0,7,37.1,145.0,74.0,73.0,77.0,6.0,3.0,5.0,mal,high
REC_003936,USR_0198,2026-05-06,29,180.5,68.3,20.97,5.0,52.5,7.5,3,7.5,4,36.9,109.0,79.0,97.0,78.0,2.0,8.0,9.0,muy bien,low
REC_004041,USR_0203,2026-05-06,58,161.7,49.1,18.78,7.0,27.9,7.6,4,19.0,2,36.3,128.0,79.0,65.0,65.0,1.0,8.0,10.0,muy bien,low
REC_004120,USR_0207,2026-05-06,18,169.3,74.9,26.14,7.0,13.0,7.1,3,0.0,2,37.0,112.0,68.0,71.0,78.0,3.0,5.0,9.0,bien,medium
REC_004140,USR_0208,2026-05-06,40,158.7,92.5,36.73,8.0,16.5,6.0,3,20.2,3,37.0,96.0,77.0,111.0,88.0,5.0,3.0,6.0,regular,medium
REC_004162,USR_0209,2026-05-06,30,166.3,51.9,18.69,4.0,22.2,4.8,0,0.0,6,36.5,120.0,77.0,89.0,81.0,7.0,2.0,5.0,mal,high
REC_004186,USR_0210,2026-05-06,39,159.0,85.4,33.77,3.0,38.4,6.1,3,10.9,3,36.7,130.0,81.0,124.0,79.0,3.0,4.0,5.0,regular,medium
REC_004248,USR_0213,2026-05-06,31,142.0,42.9,21.28,6.0,37.0,6.3,2,0.9,3,36.4,110.0,78.0,86.0,79.0,3.0,5.0,8.0,regular,medium
REC_004273,USR_0214,2026-05-06,38,162.4,61.7,23.4,3.0,43.3,8.1,2,12.8,1,36.3,98.0,80.0,92.0,69.0,1.0,7.0,7.0,muy bien,low
REC_004744,USR_0238,2026-05-06,40,170.5,88.7,30.51,4.0,0.0,5.7,3,16.1,2,36.7,127.0,68.0,85.0,97.0,4.0,4.0,7.0,regular,medium
REC_004768,USR_0239,2026-05-06,47,180.3,95.1,29.27,9.0,61.2,6.9,2,0.0,0,36.3,115.0,64.0,93.0,72.0,2.0,7.0,8.0,muy bien,low
REC_004975,USR_0249,2026-05-06,23,173.3,51.5,17.14,8.0,53.4,9.2,3,7.3,0,36.1,125.0,66.0,84.0,65.0,1.0,7.0,7.0,muy bien,low
REC_000054,USR_0003,2026-05-07,18,157.0,89.2,36.2,9.0,73.7,8.4,2,12.5,0,37.0,120.0,72.0,81.0,74.0,4.0,6.0,7.0,muy bien,low
REC_000157,USR_0008,2026-05-07,32,161.4,103.8,39.86,5.0,67.8,7.3,2,4.2,1,36.2,123.0,68.0,89.0,79.0,3.0,4.0,5.0,regular,low
REC_000362,USR_0018,2026-05-07,27,169.5,74.1,25.79,6.0,18.2,4.8,1,0.0,4,36.2,132.0,80.0,104.0,88.0,7.0,1.0,4.0,muy mal,high
REC_000413,USR_0021,2026-05-07,18,158.0,80.7,32.32,9.0,0.0,5.3,3,9.9,6,36.7,126.0,67.0,116.0,82.0,5.0,2.0,6.0,mal,medium
REC_000439,USR_0022,2026-05-07,55,157.3,94.6,38.22,4.0,0.0,6.9,1,0.0,5,36.3,110.0,61.0,91.0,87.0,5.0,2.0,5.0,mal,high
REC_000481,USR_0024,2026-05-07,37,154.0,56.2,23.69,7.0,46.5,8.1,3,23.3,2,37.2,118.0,72.0,109.0,81.0,1.0,7.0,6.0,muy bien,low
REC_000520,USR_0026,2026-05-07,37,157.3,47.1,19.05,6.0,31.0,4.7,4,11.3,7,36.9,104.0,80.0,82.0,94.0,7.0,2.0,6.0,mal,medium
REC_000609,USR_0030,2026-05-07,25,161.0,71.9,27.87,12.0,74.0,7.6,3,6.4,1,36.4,101.0,65.0,92.0,60.0,1.0,9.0,9.0,muy bien,low
REC_000627,USR_0031,2026-05-07,42,175.5,95.5,30.99,4.0,27.6,6.5,4,3.3,3,36.7,118.0,62.0,81.0,82.0,4.0,3.0,6.0,regular,medium
REC_000807,USR_0042,2026-05-07,50,149.9,59.1,26.3,5.0,52.6,6.9,3,6.4,2,37.4,111.0,71.0,63.0,80.0,3.0,5.0,6.0,bien,low
REC_000994,USR_0051,2026-05-07,44,155.2,69.9,29.01,9.0,53.8,7.8,3,23.5,0,36.6,126.0,64.0,77.0,73.0,2.0,4.0,9.0,muy bien,low
REC_001016,USR_0052,2026-05-07,42,178.1,77.2,24.34,6.0,26.3,7.3,4,30.3,0,37.3,106.0,77.0,107.0,77.0,1.0,6.0,7.0,regular,low
REC_001178,USR_0060,2026-05-07,52,174.4,54.4,17.89,7.0,14.4,4.9,1,8.8,6,36.9,124.0,68.0,96.0,105.0,6.0,2.0,6.0,mal,low
REC_001199,USR_0061,2026-05-07,44,168.5,79.1,27.85,3.0,41.0,3.6,2,15.0,5,36.8,113.0,68.0,80.0,77.0,6.0,1.0,5.0,mal,medium
REC_001331,USR_0068,2026-05-07,27,173.0,81.6,27.26,7.0,0.0,6.1,2,0.0,3,36.4,116.0,81.0,88.0,86.0,6.0,2.0,6.0,regular,medium
REC_001645,USR_0083,2026-05-07,54,169.8,76.8,26.63,6.0,9.5,5.8,4,15.6,6,36.6,121.0,67.0,101.0,80.0,6.0,2.0,5.0,mal,medium
REC_001665,USR_0084,2026-05-07,44,158.0,54.4,21.8,8.0,7.4,7.6,3,21.9,2,36.4,108.0,76.0,90.0,78.0,1.0,7.0,8.0,mal,low
REC_001840,USR_0093,2026-05-07,53,173.3,70.8,23.56,7.0,22.6,6.2,4,11.3,0,36.4,115.0,65.0,92.0,81.0,2.0,6.0,7.0,bien,low
REC_001935,USR_0098,2026-05-07,18,159.2,70.8,27.93,13.0,51.3,6.3,3,27.2,0,36.7,132.0,74.0,79.0,82.0,3.0,6.0,8.0,bien,low
REC_001981,USR_0100,2026-05-07,69,161.2,90.4,34.77,8.0,55.6,7.0,4,6.5,0,36.1,117.0,85.0,95.0,67.0,2.0,6.0,6.0,bien,low
REC_002003,USR_0101,2026-05-07,20,147.8,45.7,20.91,3.0,29.0,4.6,1,3.4,6,36.9,115.0,72.0,58.0,88.0,7.0,1.0,3.0,muy mal,high
REC_002090,USR_0105,2026-05-07,29,170.0,65.8,22.77,5.0,29.4,4.8,1,0.0,8,36.8,122.0,83.0,66.0,96.0,7.0,4.0,5.0,mal,medium
REC_002108,USR_0106,2026-05-07,18,163.3,58.2,21.83,7.0,0.0,4.5,1,0.0,7,37.3,117.0,76.0,74.0,95.0,5.0,2.0,5.0,mal,high
REC_002207,USR_0111,2026-05-07,47,170.9,88.9,30.42,7.0,30.4,6.6,2,11.7,3,36.4,133.0,72.0,90.0,83.0,4.0,3.0,7.0,regular,medium
REC_002587,USR_0130,2026-05-07,43,144.9,40.0,19.05,0.0,0.0,4.5,1,7.7,5,37.2,119.0,76.0,105.0,96.0,8.0,2.0,6.0,muy mal,high
REC_002608,USR_0131,2026-05-07,53,165.2,71.9,26.33,4.0,11.8,4.3,0,0.0,6,37.1,135.0,81.0,102.0,90.0,7.0,1.0,3.0,muy mal,high
REC_002724,USR_0137,2026-05-07,36,173.1,66.9,22.31,5.0,11.4,7.3,3,4.1,3,36.8,136.0,74.0,130.0,79.0,3.0,5.0,8.0,muy bien,low
REC_002827,USR_0142,2026-05-07,19,173.6,76.2,25.29,8.0,20.4,6.1,2,16.8,1,36.3,122.0,73.0,91.0,83.0,4.0,3.0,8.0,regular,medium
REC_002911,USR_0146,2026-05-07,58,160.0,67.7,26.46,7.0,55.8,6.9,3,6.0,0,36.9,111.0,75.0,110.0,77.0,2.0,6.0,6.0,regular,low
REC_003010,USR_0151,2026-05-07,26,164.4,45.7,16.92,6.0,10.8,6.6,2,6.0,3,37.2,121.0,66.0,85.0,82.0,4.0,4.0,7.0,regular,medium
REC_003124,USR_0157,2026-05-07,33,169.6,62.0,21.55,3.0,28.6,4.1,0,0.0,5,36.6,116.0,88.0,74.0,84.0,4.0,1.0,3.0,muy mal,high
REC_003187,USR_0160,2026-05-07,74,166.8,72.3,26.0,6.0,43.7,5.0,2,3.9,2,36.5,121.0,80.0,91.0,84.0,6.0,5.0,6.0,regular,medium
REC_003244,USR_0163,2026-05-07,49,158.7,57.8,22.96,5.0,20.1,7.3,4,32.4,1,36.7,119.0,80.0,112.0,92.0,3.0,6.0,7.0,muy bien,medium
REC_003263,USR_0164,2026-05-07,53,179.3,78.5,24.43,6.0,7.9,6.2,1,15.6,2,37.4,119.0,73.0,93.0,82.0,4.0,2.0,6.0,mal,medium
REC_003320,USR_0167,2026-05-07,34,154.2,70.1,29.46,6.0,50.0,6.6,1,20.2,2,37.4,107.0,68.0,73.0,83.0,1.0,7.0,7.0,muy bien,low
REC_003453,USR_0174,2026-05-07,45,162.1,59.5,22.64,2.0,39.4,6.5,1,12.0,3,37.1,117.0,83.0,83.0,74.0,4.0,4.0,8.0,bien,medium
REC_003474,USR_0175,2026-05-07,54,191.2,88.0,24.07,8.0,36.5,7.0,3,3.0,2,36.1,111.0,76.0,101.0,82.0,3.0,6.0,5.0,bien,low
REC_003493,USR_0176,2026-05-07,21,188.0,107.9,30.54,5.0,4.0,5.8,1,0.0,7,36.6,110.0,74.0,81.0,89.0,7.0,1.0,5.0,muy mal,high
REC_003539,USR_0178,2026-05-07,41,163.8,100.3,37.38,6.0,24.6,6.8,4,0.0,3,36.6,137.0,68.0,96.0,77.0,4.0,2.0,5.0,regular,medium
REC_003636,USR_0183,2026-05-07,18,163.7,80.8,30.14,7.0,82.7,7.6,3,22.3,3,36.4,113.0,80.0,91.0,84.0,1.0,10.0,8.0,muy bien,low
REC_003672,USR_0185,2026-05-07,58,174.0,76.1,25.15,2.0,14.3,5.6,1,10.9,4,36.5,144.0,75.0,83.0,87.0,7.0,1.0,3.0,mal,high
REC_004056,USR_0204,2026-05-07,43,182.8,84.8,25.37,10.0,69.3,8.7,2,14.0,0,36.2,125.0,75.0,66.0,85.0,1.0,9.0,8.0,bien,low
REC_004141,USR_0208,2026-05-07,40,158.7,92.8,36.86,7.0,43.1,7.7,1,16.5,3,36.6,104.0,81.0,109.0,81.0,5.0,4.0,5.0,bien,low
REC_004494,USR_0225,2026-05-07,48,174.1,70.0,23.09,5.0,12.4,5.2,2,6.0,5,36.9,103.0,69.0,108.0,86.0,5.0,3.0,4.0,mal,medium
REC_004609,USR_0231,2026-05-07,25,153.6,45.0,19.09,11.0,80.8,8.9,1,10.8,1,36.8,130.0,73.0,96.0,75.0,1.0,7.0,8.0,bien,low
REC_004663,USR_0234,2026-05-07,18,166.9,90.7,32.57,4.0,34.5,6.1,3,1.6,8,36.7,117.0,75.0,87.0,89.0,4.0,3.0,3.0,mal,high
REC_004705,USR_0236,2026-05-07,38,167.9,51.7,18.35,6.0,0.0,7.5,1,0.0,6,37.2,120.0,78.0,71.0,89.0,4.0,2.0,7.0,regular,medium
REC_004834,USR_0242,2026-05-07,18,147.8,40.0,18.58,6.0,51.3,6.1,3,0.0,4,36.4,111.0,78.0,90.0,88.0,5.0,3.0,5.0,mal,medium
REC_004877,USR_0244,2026-05-07,31,167.7,71.1,25.3,5.0,27.5,5.3,2,18.6,3,36.1,125.0,77.0,92.0,83.0,6.0,4.0,6.0,regular,medium
REC_004895,USR_0245,2026-05-07,35,168.5,50.3,17.73,6.0,33.0,5.7,1,23.1,2,36.6,114.0,74.0,70.0,152.0,7.0,1.0,6.0,mal,medium
REC_000010,USR_0001,2026-05-08,40,164.4,69.1,25.58,6.0,46.7,7.1,4,1.1,1,36.8,124.0,71.0,87.0,83.0,3.0,6.0,6.0,regular,low
REC_000195,USR_0010,2026-05-08,26,176.8,94.1,30.11,8.0,68.0,7.3,3,21.6,2,37.4,129.0,73.0,90.0,77.0,2.0,6.0,7.0,bien,low
REC_000294,USR_0015,2026-05-08,27,168.2,77.9,27.53,9.0,58.8,7.9,4,26.5,0,36.9,105.0,71.0,102.0,73.0,1.0,8.0,8.0,muy bien,low
REC_000338,USR_0017,2026-05-08,32,169.5,65.8,22.89,2.0,6.1,6.2,1,3.6,7,37.0,112.0,83.0,105.0,88.0,5.0,4.0,6.0,regular,medium
REC_000394,USR_0020,2026-05-08,39,163.1,72.8,27.36,7.0,27.9,7.5,3,0.0,0,36.8,113.0,69.0,85.0,66.0,1.0,5.0,6.0,muy bien,low
REC_000414,USR_0021,2026-05-08,18,158.0,80.7,32.34,7.0,0.0,6.5,3,1.5,6,35.7,124.0,79.0,81.0,91.0,6.0,3.0,6.0,mal,medium
REC_000482,USR_0024,2026-05-08,37,154.0,56.1,23.66,10.0,24.1,8.8,5,11.0,1,36.5,122.0,69.0,100.0,69.0,4.0,8.0,10.0,muy bien,low
REC_000566,USR_0028,2026-05-08,55,153.2,70.9,30.23,5.0,38.1,6.6,0,7.8,2,36.6,112.0,73.0,103.0,71.0,3.0,7.0,5.0,bien,medium
REC_000628,USR_0031,2026-05-08,42,175.5,95.3,30.95,6.0,7.8,5.8,0,5.9,4,36.7,114.0,66.0,76.0,94.0,3.0,4.0,6.0,regular,medium
REC_000704,USR_0036,2026-05-08,24,168.8,83.4,29.26,5.0,4.5,6.8,4,9.6,7,37.9,124.0,72.0,110.0,77.0,6.0,2.0,5.0,muy mal,medium
REC_000731,USR_0038,2026-05-08,31,161.2,72.5,27.88,6.0,29.8,5.7,0,0.0,4,36.7,109.0,65.0,76.0,71.0,4.0,2.0,5.0,mal,medium
REC_000750,USR_0039,2026-05-08,25,164.7,61.0,22.51,6.0,55.9,8.7,1,15.2,0,36.3,124.0,76.0,81.0,75.0,2.0,7.0,8.0,bien,low
REC_000796,USR_0041,2026-05-08,43,159.4,69.1,27.2,6.0,37.5,8.5,5,8.9,0,35.4,117.0,63.0,93.0,61.0,1.0,7.0,10.0,muy bien,low
REC_000808,USR_0042,2026-05-08,50,149.9,59.3,26.38,8.0,44.9,6.1,2,18.5,3,36.4,129.0,73.0,72.0,91.0,4.0,5.0,7.0,bien,low
REC_000894,USR_0046,2026-05-08,21,182.3,120.7,36.33,2.0,0.0,5.0,0,0.0,7,36.4,136.0,80.0,103.0,92.0,8.0,2.0,4.0,muy mal,high
REC_000929,USR_0048,2026-05-08,36,185.3,90.0,26.22,6.0,11.2,7.9,3,14.7,4,36.5,106.0,69.0,90.0,72.0,3.0,5.0,5.0,regular,medium
REC_001017,USR_0052,2026-05-08,42,178.1,77.4,24.4,8.0,42.4,6.4,0,16.4,0,36.8,128.0,76.0,73.0,67.0,2.0,5.0,6.0,bien,medium
REC_001094,USR_0056,2026-05-08,60,165.5,53.4,19.51,9.0,21.1,5.3,2,12.5,3,36.4,133.0,75.0,56.0,98.0,5.0,3.0,5.0,mal,medium
REC_001119,USR_0057,2026-05-08,33,172.5,83.6,28.1,8.0,50.6,8.1,1,1.1,1,36.5,118.0,68.0,78.0,81.0,1.0,6.0,9.0,muy bien,low
REC_001200,USR_0061,2026-05-08,44,168.5,79.0,27.83,4.0,18.6,5.4,1,0.0,4,37.1,100.0,80.0,72.0,79.0,6.0,1.0,4.0,mal,high
REC_001220,USR_0062,2026-05-08,45,154.5,75.6,31.65,4.0,9.2,3.6,1,0.0,5,37.2,146.0,88.0,95.0,99.0,8.0,1.0,3.0,muy mal,high
REC_001251,USR_0064,2026-05-08,39,154.0,65.6,27.67,10.0,63.5,9.1,4,15.5,1,36.7,111.0,74.0,73.0,72.0,1.0,6.0,7.0,regular,low
REC_001273,USR_0065,2026-05-08,50,168.7,59.5,20.92,7.0,48.0,8.6,3,20.4,0,36.3,109.0,70.0,72.0,71.0,1.0,7.0,9.0,muy bien,low
REC_001290,USR_0066,2026-05-08,32,161.3,90.3,34.7,8.0,27.1,4.6,4,19.9,0,36.6,124.0,62.0,76.0,65.0,2.0,3.0,6.0,bien,medium
REC_001332,USR_0068,2026-05-08,27,173.0,81.9,27.38,6.0,0.0,5.5,1,0.0,5,36.7,94.0,82.0,79.0,90.0,4.0,1.0,4.0,regular,high
REC_001358,USR_0069,2026-05-08,53,175.2,80.9,26.36,6.0,43.8,7.6,0,11.4,3,36.9,127.0,75.0,85.0,86.0,4.0,4.0,7.0,regular,medium
REC_001456,USR_0074,2026-05-08,47,164.5,65.7,24.27,6.0,29.8,7.3,2,4.2,2,37.0,118.0,70.0,85.0,83.0,2.0,4.0,7.0,bien,medium
REC_001543,USR_0078,2026-05-08,40,148.8,53.9,24.36,5.0,8.0,6.3,0,0.0,3,37.0,123.0,78.0,116.0,83.0,6.0,1.0,6.0,mal,medium
REC_001841,USR_0093,2026-05-08,53,173.3,70.7,23.53,8.0,42.4,6.8,2,18.0,2,36.7,114.0,70.0,81.0,76.0,1.0,7.0,9.0,muy bien,low
REC_001936,USR_0098,2026-05-08,18,159.2,70.9,27.96,9.0,58.5,7.5,3,24.6,1,37.0,115.0,67.0,67.0,79.0,2.0,5.0,8.0,muy bien,low
REC_002059,USR_0104,2026-05-08,31,181.5,102.1,30.99,9.0,42.9,7.4,3,16.3,1,36.6,137.0,75.0,104.0,89.0,2.0,8.0,9.0,muy bien,low
REC_002151,USR_0108,2026-05-08,36,165.3,108.3,39.63,7.0,27.3,7.8,3,32.7,3,35.9,115.0,77.0,125.0,71.0,1.0,4.0,7.0,muy bien,low
REC_002170,USR_0109,2026-05-08,18,183.1,77.8,23.2,3.0,7.3,4.2,1,0.0,7,36.4,105.0,66.0,111.0,80.0,8.0,1.0,4.0,muy mal,high
REC_002224,USR_0112,2026-05-08,42,166.2,80.5,29.14,10.0,32.2,6.7,3,0.0,3,36.6,116.0,77.0,106.0,70.0,4.0,5.0,5.0,regular,medium
REC_002282,USR_0115,2026-05-08,38,149.5,53.4,24.32,1.0,8.3,5.3,0,0.0,7,36.8,124.0,63.0,90.0,96.0,5.0,2.0,3.0,mal,high
REC_002305,USR_0116,2026-05-08,37,173.7,83.6,27.69,7.0,0.4,5.7,4,16.4,4,36.8,99.0,71.0,98.0,101.0,7.0,1.0,6.0,mal,medium
REC_002481,USR_0125,2026-05-08,29,176.4,74.8,24.05,9.0,24.6,6.9,3,5.0,2,36.6,107.0,77.0,86.0,51.0,2.0,7.0,8.0,mal,medium
REC_002549,USR_0128,2026-05-08,31,166.3,64.3,23.24,6.0,27.4,6.7,2,12.8,1,36.7,97.0,74.0,122.0,85.0,3.0,6.0,8.0,bien,medium
REC_002571,USR_0129,2026-05-08,28,168.8,63.9,22.42,9.0,3.1,5.8,1,22.4,3,36.9,116.0,73.0,91.0,85.0,4.0,3.0,6.0,bien,medium
REC_002588,USR_0130,2026-05-08,43,144.9,40.0,19.05,6.0,24.0,5.2,1,6.0,2,36.2,129.0,74.0,97.0,90.0,6.0,2.0,5.0,mal,medium
REC_002626,USR_0132,2026-05-08,49,162.1,63.6,24.21,5.0,7.8,4.3,0,2.2,7,37.0,129.0,75.0,110.0,117.0,8.0,3.0,5.0,muy mal,high
REC_002671,USR_0134,2026-05-08,55,153.0,51.3,21.93,3.0,0.0,7.2,1,10.8,4,36.9,130.0,82.0,100.0,81.0,7.0,1.0,6.0,mal,high
REC_002872,USR_0144,2026-05-08,22,157.7,41.9,16.84,12.0,49.0,7.9,2,0.0,1,36.2,126.0,67.0,79.0,66.0,3.0,4.0,6.0,regular,low
REC_002889,USR_0145,2026-05-08,23,164.5,52.2,19.31,3.0,21.8,6.5,1,10.1,3,37.3,117.0,78.0,96.0,81.0,4.0,4.0,8.0,bien,medium
REC_002932,USR_0147,2026-05-08,33,163.0,59.0,22.19,10.0,40.7,6.8,4,15.6,3,37.0,127.0,69.0,66.0,81.0,1.0,8.0,6.0,bien,low
REC_003161,USR_0159,2026-05-08,39,164.1,76.9,28.57,9.0,54.2,6.8,4,19.9,0,36.9,121.0,59.0,55.0,61.0,1.0,7.0,8.0,muy bien,low
REC_003222,USR_0162,2026-05-08,23,183.5,74.7,22.17,6.0,17.4,8.3,4,4.7,1,37.2,115.0,74.0,91.0,75.0,1.0,6.0,9.0,muy bien,low
REC_003245,USR_0163,2026-05-08,49,158.7,57.8,22.95,10.0,39.6,8.0,4,9.6,0,36.3,132.0,77.0,78.0,87.0,4.0,6.0,8.0,muy bien,low
REC_003300,USR_0166,2026-05-08,30,161.2,62.3,23.98,9.0,35.6,7.7,3,18.1,0,37.5,94.0,74.0,112.0,73.0,1.0,9.0,9.0,muy bien,low
REC_003409,USR_0172,2026-05-08,40,173.9,91.6,30.31,5.0,6.6,5.9,2,4.6,5,36.8,119.0,78.0,101.0,93.0,6.0,2.0,6.0,mal,medium
REC_003428,USR_0173,2026-05-08,52,156.9,65.3,26.53,10.0,44.4,8.2,2,14.4,0,37.2,127.0,73.0,67.0,57.0,1.0,6.0,6.0,muy bien,low
REC_003540,USR_0178,2026-05-08,41,163.8,100.2,37.35,4.0,26.7,6.8,3,14.0,3,36.8,125.0,74.0,100.0,76.0,3.0,4.0,6.0,regular,medium
REC_003618,USR_0182,2026-05-08,53,170.7,73.9,25.37,4.0,22.6,5.2,0,17.1,5,36.9,125.0,91.0,96.0,80.0,6.0,3.0,5.0,mal,high
REC_003637,USR_0183,2026-05-08,18,163.7,80.9,30.18,7.0,53.2,6.6,2,5.3,0,37.4,93.0,79.0,93.0,73.0,2.0,8.0,7.0,bien,low
REC_003754,USR_0189,2026-05-08,53,185.5,134.1,38.98,2.0,5.7,5.1,0,0.0,5,36.3,146.0,81.0,129.0,81.0,6.0,1.0,5.0,mal,high
REC_003861,USR_0194,2026-05-08,40,174.0,85.8,28.34,12.0,50.0,5.9,3,24.1,2,36.5,113.0,77.0,108.0,69.0,3.0,6.0,5.0,regular,low
REC_003896,USR_0196,2026-05-08,30,164.1,48.5,18.0,1.0,18.3,7.1,1,0.0,6,37.0,124.0,87.0,93.0,105.0,7.0,1.0,5.0,mal,medium
REC_004163,USR_0209,2026-05-08,30,166.3,51.9,18.78,5.0,0.0,5.6,1,0.0,4,36.4,127.0,70.0,72.0,83.0,7.0,2.0,5.0,mal,medium
REC_004274,USR_0214,2026-05-08,38,162.4,61.7,23.38,8.0,33.8,8.0,4,0.0,2,36.6,125.0,67.0,108.0,89.0,3.0,7.0,10.0,muy bien,low
REC_004378,USR_0219,2026-05-08,18,176.3,52.4,16.85,8.0,37.4,6.7,1,24.5,1,36.6,120.0,85.0,113.0,75.0,4.0,3.0,6.0,regular,medium
REC_004478,USR_0224,2026-05-08,49,159.6,62.8,24.66,9.0,32.2,7.3,2,12.5,0,36.7,123.0,76.0,63.0,88.0,2.0,7.0,8.0,bien,low
REC_004680,USR_0235,2026-05-08,23,166.5,52.1,18.8,9.0,64.8,8.6,4,15.3,1,37.1,99.0,74.0,91.0,76.0,1.0,7.0,6.0,bien,low
REC_004745,USR_0238,2026-05-08,40,170.5,88.7,30.52,8.0,4.7,5.5,1,6.0,2,36.6,121.0,74.0,91.0,78.0,4.0,3.0,6.0,mal,medium
REC_004854,USR_0243,2026-05-08,18,158.0,42.1,16.86,7.0,28.1,9.1,3,13.4,0,36.7,88.0,73.0,89.0,68.0,1.0,7.0,8.0,muy bien,low
REC_004878,USR_0244,2026-05-08,31,167.7,71.1,25.27,4.0,4.7,6.3,3,0.0,2,36.2,129.0,75.0,107.0,77.0,5.0,1.0,6.0,mal,medium
REC_004921,USR_0246,2026-05-08,24,174.0,57.5,18.99,9.0,45.5,5.0,2,8.5,0,36.5,131.0,74.0,90.0,74.0,3.0,3.0,4.0,mal,medium
REC_000395,USR_0020,2026-05-09,39,163.1,72.8,27.35,9.0,49.0,7.9,3,19.9,1,36.7,111.0,66.0,84.0,83.0,2.0,4.0,9.0,bien,low
REC_000462,USR_0023,2026-05-09,26,182.6,89.8,26.94,7.0,4.9,4.7,2,14.9,4,36.4,136.0,63.0,70.0,74.0,5.0,4.0,6.0,mal,medium
REC_000567,USR_0028,2026-05-09,55,153.2,70.8,30.16,7.0,11.3,6.8,3,22.5,2,36.6,120.0,85.0,106.0,92.0,4.0,5.0,5.0,regular,medium
REC_000646,USR_0032,2026-05-09,42,174.4,90.4,29.73,7.0,72.9,9.5,3,0.0,0,37.2,109.0,70.0,62.0,78.0,1.0,8.0,8.0,muy bien,low
REC_000660,USR_0033,2026-05-09,46,165.5,67.4,24.6,5.0,18.3,3.0,3,0.0,4,36.0,127.0,80.0,70.0,92.0,7.0,1.0,4.0,mal,high
REC_000732,USR_0038,2026-05-09,31,161.2,72.8,28.03,1.0,26.4,3.9,1,3.7,3,36.1,131.0,85.0,89.0,94.0,5.0,1.0,3.0,muy mal,high
REC_000831,USR_0043,2026-05-09,18,151.0,48.6,21.3,12.0,26.1,8.2,2,12.9,0,36.8,120.0,72.0,91.0,53.0,1.0,6.0,9.0,bien,low
REC_000895,USR_0046,2026-05-09,21,182.3,120.6,36.28,4.0,7.7,6.0,0,7.5,5,36.4,136.0,74.0,95.0,99.0,7.0,2.0,3.0,muy mal,high
REC_000948,USR_0049,2026-05-09,45,158.8,88.2,34.96,8.0,38.0,6.2,2,4.7,4,36.7,108.0,64.0,99.0,91.0,5.0,5.0,5.0,regular,medium
REC_000973,USR_0050,2026-05-09,56,176.1,69.7,22.47,9.0,52.9,7.0,2,22.7,2,36.8,119.0,80.0,82.0,68.0,1.0,8.0,7.0,regular,low
REC_001058,USR_0054,2026-05-09,47,168.1,47.4,16.77,8.0,51.7,7.9,3,24.3,0,36.7,119.0,58.0,90.0,80.0,3.0,4.0,9.0,bien,low
REC_001201,USR_0061,2026-05-09,44,168.5,78.4,27.74,7.0,0.0,5.1,0,0.0,3,36.5,125.0,77.0,81.0,96.0,7.0,2.0,3.0,mal,high
REC_001221,USR_0062,2026-05-09,45,154.5,75.8,31.77,3.0,3.8,4.4,0,0.0,8,37.0,127.0,83.0,91.0,103.0,8.0,2.0,5.0,mal,high
REC_001233,USR_0063,2026-05-09,19,167.1,60.2,21.56,3.0,25.4,5.6,2,0.0,3,36.7,132.0,72.0,78.0,84.0,7.0,1.0,5.0,muy mal,medium
REC_001274,USR_0065,2026-05-09,50,168.7,59.5,20.9,8.0,62.6,7.5,3,31.5,0,37.0,121.0,75.0,97.0,55.0,1.0,7.0,8.0,muy bien,low
REC_001308,USR_0067,2026-05-09,54,176.0,106.9,34.52,3.0,0.0,6.5,0,7.0,6,36.7,130.0,81.0,107.0,89.0,7.0,1.0,5.0,muy mal,high
REC_001727,USR_0087,2026-05-09,34,162.7,84.9,32.06,8.0,33.4,8.3,2,12.8,1,36.9,105.0,61.0,84.0,87.0,2.0,8.0,7.0,bien,low
REC_001787,USR_0090,2026-05-09,34,183.3,96.3,28.67,5.0,21.6,5.6,2,0.0,3,36.6,119.0,64.0,90.0,86.0,3.0,4.0,6.0,regular,medium
REC_001910,USR_0097,2026-05-09,23,163.2,52.4,19.68,4.0,7.1,7.6,1,15.8,1,36.6,131.0,85.0,113.0,77.0,4.0,3.0,7.0,regular,medium
REC_001982,USR_0100,2026-05-09,69,161.2,90.6,34.87,13.0,35.5,7.3,3,17.4,0,36.9,135.0,69.0,105.0,81.0,3.0,7.0,7.0,regular,low
REC_002030,USR_0102,2026-05-09,54,171.0,91.2,31.18,4.0,47.8,6.4,2,5.3,4,36.1,120.0,75.0,123.0,81.0,4.0,5.0,6.0,regular,medium
REC_002247,USR_0113,2026-05-09,36,165.6,55.4,20.2,12.0,67.0,5.5,3,24.3,1,36.4,117.0,62.0,77.0,80.0,4.0,6.0,8.0,regular,low
REC_002416,USR_0121,2026-05-09,56,161.4,82.6,31.71,11.0,32.7,8.2,5,15.5,1,36.9,122.0,72.0,101.0,73.0,3.0,7.0,7.0,muy bien,low
REC_002482,USR_0125,2026-05-09,29,176.4,74.3,24.02,5.0,29.6,7.4,4,15.2,0,36.9,115.0,74.0,81.0,65.0,3.0,5.0,7.0,bien,medium
REC_002609,USR_0131,2026-05-09,53,165.2,71.8,26.33,2.0,5.1,5.9,0,17.0,4,36.7,133.0,93.0,96.0,87.0,7.0,1.0,4.0,muy mal,high
REC_002785,USR_0140,2026-05-09,29,157.3,66.7,26.68,5.0,8.5,6.1,2,25.8,7,36.8,98.0,74.0,81.0,89.0,5.0,2.0,6.0,regular,medium
REC_002846,USR_0143,2026-05-09,18,163.8,65.0,24.24,6.0,56.2,8.0,3,15.1,0,36.8,136.0,72.0,94.0,73.0,2.0,6.0,9.0,bien,low
REC_002995,USR_0150,2026-05-09,37,172.4,50.0,16.82,11.0,4.2,7.5,3,27.7,1,36.7,120.0,76.0,113.0,89.0,3.0,6.0,9.0,muy bien,low
REC_003011,USR_0151,2026-05-09,26,164.4,45.6,16.85,6.0,0.0,7.2,2,0.0,2,36.1,110.0,71.0,93.0,80.0,4.0,3.0,6.0,regular,medium
REC_003060,USR_0153,2026-05-09,18,169.3,59.6,20.78,2.0,0.0,4.8,2,21.8,3,36.6,116.0,73.0,67.0,76.0,5.0,3.0,6.0,regular,high
REC_003204,USR_0161,2026-05-09,36,157.9,66.4,26.61,4.0,35.2,5.5,1,0.0,3,36.5,119.0,75.0,91.0,93.0,7.0,1.0,5.0,muy mal,medium
REC_003223,USR_0162,2026-05-09,23,183.5,74.9,22.24,10.0,73.3,8.3,3,20.8,0,36.4,119.0,72.0,92.0,58.0,1.0,7.0,8.0,muy bien,low
REC_003341,USR_0168,2026-05-09,49,179.1,118.3,36.89,7.0,31.2,5.1,1,0.0,6,37.4,100.0,74.0,107.0,91.0,7.0,1.0,4.0,muy mal,medium
REC_003391,USR_0171,2026-05-09,70,149.8,59.2,26.38,6.0,11.4,5.4,2,7.3,4,36.3,124.0,76.0,112.0,92.0,6.0,2.0,6.0,mal,high
REC_003410,USR_0172,2026-05-09,40,173.9,91.8,30.35,7.0,0.0,4.4,0,14.4,6,37.6,121.0,86.0,88.0,80.0,6.0,2.0,5.0,mal,high
REC_003429,USR_0173,2026-05-09,52,156.9,65.5,26.61,7.0,77.8,8.3,3,9.7,0,36.9,106.0,62.0,74.0,73.0,1.0,6.0,8.0,muy bien,low
REC_003475,USR_0175,2026-05-09,54,191.2,88.2,24.14,11.0,69.2,7.6,3,15.1,0,37.5,119.0,72.0,88.0,63.0,3.0,4.0,8.0,bien,low
REC_003658,USR_0184,2026-05-09,39,165.9,60.4,21.94,13.0,59.1,8.5,2,13.4,1,36.7,111.0,71.0,89.0,65.0,1.0,8.0,6.0,muy bien,low
REC_003673,USR_0185,2026-05-09,58,174.0,76.3,25.2,2.0,5.1,5.4,3,14.5,6,36.7,120.0,73.0,93.0,97.0,7.0,1.0,4.0,muy mal,high
REC_003691,USR_0186,2026-05-09,25,169.9,75.4,26.14,8.0,17.8,8.8,4,17.4,0,37.4,115.0,61.0,61.0,81.0,3.0,7.0,9.0,bien,low
REC_003755,USR_0189,2026-05-09,53,185.5,134.0,38.95,0.0,0.0,5.6,2,4.9,5,36.8,134.0,74.0,112.0,101.0,8.0,1.0,6.0,muy mal,high
REC_003774,USR_0190,2026-05-09,71,152.1,48.9,21.15,4.0,23.6,6.9,1,0.0,5,37.3,118.0,78.0,103.0,80.0,5.0,4.0,5.0,mal,medium
REC_003837,USR_0193,2026-05-09,35,170.0,93.2,32.24,5.0,1.0,5.7,1,15.6,4,37.2,108.0,70.0,74.0,85.0,5.0,2.0,6.0,mal,low
REC_003937,USR_0198,2026-05-09,29,180.5,68.2,20.93,11.0,46.7,7.0,3,15.0,2,37.4,102.0,66.0,90.0,72.0,2.0,6.0,5.0,regular,low
REC_004008,USR_0201,2026-05-09,41,166.5,70.8,25.53,6.0,0.0,6.2,1,0.0,2,36.8,119.0,84.0,103.0,94.0,6.0,4.0,6.0,mal,medium
REC_004093,USR_0206,2026-05-09,48,161.0,50.3,19.41,5.0,6.9,4.6,2,18.2,7,36.4,125.0,75.0,89.0,93.0,5.0,4.0,7.0,mal,medium
REC_004187,USR_0210,2026-05-09,39,159.0,85.5,33.81,8.0,37.5,6.0,1,0.0,3,36.0,122.0,69.0,107.0,61.0,5.0,4.0,6.0,regular,medium
REC_004204,USR_0211,2026-05-09,64,160.6,74.0,28.71,5.0,60.8,7.6,1,3.3,1,36.4,126.0,81.0,110.0,62.0,1.0,7.0,7.0,mal,low
REC_004275,USR_0214,2026-05-09,38,162.4,61.6,23.36,10.0,32.1,8.2,5,2.3,1,36.9,121.0,63.0,99.0,87.0,3.0,5.0,9.0,muy bien,low
REC_004317,USR_0216,2026-05-09,40,159.2,81.4,32.11,3.0,4.4,4.0,0,15.1,5,36.6,135.0,64.0,88.0,83.0,8.0,2.0,5.0,muy mal,high
REC_004379,USR_0219,2026-05-09,18,176.3,52.3,16.81,3.0,24.7,7.5,1,3.7,2,36.4,127.0,67.0,101.0,78.0,4.0,2.0,7.0,mal,medium
REC_004664,USR_0234,2026-05-09,18,166.9,90.8,32.59,7.0,20.2,5.5,2,24.2,10,36.6,114.0,66.0,69.0,80.0,4.0,2.0,5.0,muy mal,high
REC_004835,USR_0242,2026-05-09,18,147.8,40.5,18.55,6.0,0.0,6.6,2,13.3,5,36.5,115.0,62.0,97.0,77.0,5.0,2.0,6.0,regular,medium
REC_000030,USR_0002,2026-05-10,23,179.5,88.4,27.43,7.0,25.1,6.3,1,0.0,4,37.0,121.0,78.0,80.0,93.0,5.0,3.0,6.0,mal,medium
REC_000074,USR_0004,2026-05-10,18,169.8,77.2,26.76,10.0,48.7,5.8,1,22.2,3,36.4,105.0,74.0,93.0,66.0,4.0,5.0,8.0,regular,medium
REC_000196,USR_0010,2026-05-10,26,176.8,93.9,30.03,7.0,24.0,6.8,4,0.8,1,36.9,111.0,74.0,103.0,73.0,2.0,5.0,6.0,bien,medium
REC_000257,USR_0013,2026-05-10,18,171.6,82.5,28.0,3.0,6.6,6.3,3,0.0,2,36.8,117.0,69.0,87.0,87.0,4.0,3.0,7.0,regular,medium
REC_000318,USR_0016,2026-05-10,30,172.2,68.6,23.12,5.0,35.1,5.8,1,0.0,4,36.5,113.0,77.0,51.0,88.0,6.0,3.0,7.0,bien,medium
REC_000339,USR_0017,2026-05-10,32,169.5,65.8,22.9,7.0,23.4,6.4,2,0.0,5,36.7,119.0,82.0,72.0,85.0,6.0,3.0,4.0,muy mal,medium
REC_000463,USR_0023,2026-05-10,26,182.6,90.1,27.01,3.0,4.5,4.6,1,5.1,7,36.9,140.0,72.0,95.0,95.0,7.0,2.0,5.0,muy mal,high
REC_000542,USR_0027,2026-05-10,57,164.1,73.8,27.4,6.0,0.0,7.2,3,0.0,2,37.3,130.0,84.0,94.0,92.0,4.0,3.0,6.0,regular,medium
REC_000610,USR_0030,2026-05-10,25,161.0,72.4,27.92,8.0,55.3,8.5,3,15.5,0,37.2,118.0,61.0,95.0,71.0,1.0,9.0,8.0,muy bien,low
REC_000809,USR_0042,2026-05-10,50,149.9,59.3,26.38,8.0,3.8,6.7,3,0.0,1,37.0,118.0,72.0,81.0,86.0,4.0,4.0,6.0,mal,medium
REC_000949,USR_0049,2026-05-10,45,158.8,88.3,35.03,4.0,7.3,6.1,2,0.0,3,36.4,118.0,68.0,125.0,94.0,7.0,5.0,6.0,regular,medium
REC_000974,USR_0050,2026-05-10,56,176.1,69.6,22.46,8.0,65.9,7.9,3,28.6,3,37.0,125.0,69.0,86.0,61.0,1.0,7.0,8.0,muy bien,low
REC_001059,USR_0054,2026-05-10,47,168.1,47.3,16.73,11.0,56.7,7.3,4,23.2,0,36.8,120.0,71.0,95.0,80.0,2.0,6.0,7.0,bien,low
REC_001222,USR_0062,2026-05-10,45,154.5,75.7,31.72,4.0,32.9,5.6,2,2.6,3,36.2,137.0,75.0,59.0,111.0,8.0,2.0,6.0,mal,medium
REC_001378,USR_0070,2026-05-10,44,156.1,56.5,23.17,8.0,56.3,7.5,3,0.0,0,37.1,122.0,63.0,78.0,79.0,3.0,5.0,7.0,regular,low
REC_001457,USR_0074,2026-05-10,47,164.5,65.9,24.34,7.0,29.9,6.8,1,0.0,3,36.5,124.0,82.0,111.0,77.0,2.0,6.0,7.0,bien,medium
REC_001478,USR_0075,2026-05-10,21,161.6,42.6,16.31,5.0,59.9,4.1,2,3.8,3,36.8,102.0,82.0,110.0,81.0,3.0,2.0,3.0,regular,medium
REC_001544,USR_0078,2026-05-10,40,148.8,54.0,24.4,2.0,37.4,5.8,2,0.0,4,37.1,123.0,74.0,82.0,75.0,6.0,1.0,4.0,muy mal,medium
REC_001565,USR_0079,2026-05-10,36,177.6,67.2,21.3,7.0,28.4,6.0,0,3.3,3,36.5,121.0,73.0,94.0,64.0,4.0,4.0,5.0,regular,medium
REC_001685,USR_0085,2026-05-10,41,169.2,70.6,24.66,11.0,30.3,7.9,2,21.6,0,36.6,102.0,59.0,74.0,74.0,1.0,6.0,8.0,regular,low
REC_001842,USR_0093,2026-05-10,53,173.3,70.8,23.57,7.0,71.2,6.7,3,25.4,0,36.5,122.0,65.0,102.0,72.0,2.0,8.0,7.0,muy bien,low
REC_001937,USR_0098,2026-05-10,18,159.2,71.0,28.02,8.0,69.4,8.3,4,14.7,0,36.6,105.0,72.0,92.0,73.0,2.0,6.0,7.0,bien,low
REC_001962,USR_0099,2026-05-10,36,171.7,62.5,21.22,4.0,19.2,6.3,0,0.1,4,36.9,117.0,68.0,95.0,79.0,5.0,4.0,6.0,regular,medium
REC_002043,USR_0103,2026-05-10,42,167.4,71.5,25.51,1.0,22.5,4.4,3,0.1,4,36.3,106.0,84.0,74.0,98.0,7.0,1.0,4.0,mal,high
REC_002109,USR_0106,2026-05-10,18,163.3,58.0,21.77,2.0,19.4,3.9,2,14.4,6,36.9,125.0,73.0,82.0,80.0,5.0,3.0,4.0,mal,high
REC_002248,USR_0113,2026-05-10,36,165.6,55.3,20.15,8.0,36.0,8.9,2,6.3,1,37.7,127.0,66.0,79.0,87.0,2.0,7.0,9.0,bien,low
REC_002283,USR_0115,2026-05-10,38,149.5,54.4,24.36,0.0,0.0,6.3,0,4.8,4,36.5,124.0,74.0,90.0,101.0,5.0,2.0,5.0,regular,high
REC_002353,USR_0118,2026-05-10,44,154.4,63.8,26.75,8.0,41.7,9.3,4,8.4,0,36.5,117.0,81.0,92.0,78.0,1.0,6.0,7.0,bien,low
REC_002400,USR_0120,2026-05-10,18,164.7,46.1,17.32,6.0,25.0,6.6,2,10.5,4,36.6,109.0,86.0,87.0,83.0,4.0,3.0,5.0,regular,medium
REC_002524,USR_0127,2026-05-10,23,162.0,62.7,23.9,9.0,24.4,7.4,3,9.7,5,36.8,108.0,72.0,90.0,92.0,3.0,7.0,8.0,bien,medium
REC_002672,USR_0134,2026-05-10,55,153.0,51.4,21.97,8.0,0.0,7.2,2,9.5,7,36.3,121.0,79.0,103.0,92.0,7.0,1.0,5.0,mal,medium
REC_002890,USR_0145,2026-05-10,23,164.5,52.1,19.24,7.0,37.2,8.7,2,18.3,1,36.8,111.0,76.0,100.0,76.0,2.0,6.0,8.0,bien,low
REC_002996,USR_0150,2026-05-10,37,172.4,50.1,16.86,9.0,22.0,6.7,2,8.5,2,36.5,114.0,81.0,90.0,77.0,3.0,7.0,8.0,bien,low
REC_003033,USR_0152,2026-05-10,49,178.9,91.9,28.72,4.0,4.2,1.0,0,0.0,6,36.5,124.0,85.0,83.0,79.0,6.0,1.0,2.0,muy mal,high
REC_003301,USR_0166,2026-05-10,30,161.2,62.4,24.01,9.0,43.6,6.2,2,12.3,0,36.9,96.0,77.0,96.0,83.0,2.0,7.0,6.0,bien,low
REC_003375,USR_0170,2026-05-10,53,167.8,95.9,34.07,8.0,38.4,8.4,4,27.1,2,36.9,120.0,67.0,91.0,81.0,2.0,5.0,8.0,bien,low
REC_003430,USR_0173,2026-05-10,52,156.9,65.2,26.47,10.0,37.0,7.9,1,20.2,1,36.5,116.0,65.0,102.0,80.0,2.0,7.0,8.0,muy bien,low
REC_003494,USR_0176,2026-05-10,21,188.0,108.0,30.56,6.0,0.0,5.8,2,0.0,5,36.2,134.0,72.0,88.0,81.0,7.0,1.0,4.0,mal,high
REC_003731,USR_0188,2026-05-10,29,163.2,54.0,20.29,1.0,10.6,6.8,1,0.0,5,36.4,124.0,83.0,80.0,90.0,6.0,1.0,6.0,muy mal,medium
REC_003775,USR_0190,2026-05-10,71,152.1,48.9,21.16,6.0,14.4,7.9,1,19.4,5,37.3,127.0,74.0,123.0,82.0,4.0,4.0,6.0,mal,medium
REC_003938,USR_0198,2026-05-10,29,180.5,68.2,20.94,10.0,37.1,6.8,4,8.0,0,36.4,107.0,90.0,80.0,68.0,3.0,6.0,8.0,muy bien,low
REC_003961,USR_0199,2026-05-10,22,166.5,76.8,27.72,8.0,56.7,5.7,3,1.8,0,37.1,116.0,63.0,91.0,68.0,2.0,7.0,6.0,bien,low
REC_004025,USR_0202,2026-05-10,32,152.2,45.5,19.66,4.0,5.2,5.7,1,12.5,4,36.8,120.0,67.0,108.0,93.0,7.0,1.0,5.0,mal,high
REC_004142,USR_0208,2026-05-10,40,158.7,92.7,36.81,5.0,13.9,7.3,4,0.2,1,36.7,124.0,73.0,94.0,78.0,6.0,3.0,7.0,regular,medium
REC_004205,USR_0211,2026-05-10,64,160.6,74.0,28.69,11.0,37.4,7.4,2,12.6,2,36.7,131.0,74.0,90.0,83.0,2.0,8.0,7.0,bien,low
REC_004223,USR_0212,2026-05-10,45,154.0,50.4,21.25,2.0,0.0,4.8,0,4.6,2,36.5,117.0,60.0,91.0,81.0,4.0,3.0,6.0,regular,high
REC_004342,USR_0217,2026-05-10,19,148.5,55.5,25.15,8.0,32.4,6.9,4,32.0,1,37.2,101.0,69.0,120.0,80.0,2.0,8.0,8.0,bien,low
REC_004359,USR_0218,2026-05-10,20,180.2,96.8,29.8,4.0,12.4,5.8,3,7.5,6,37.0,128.0,77.0,101.0,91.0,7.0,1.0,3.0,mal,high
REC_004516,USR_0226,2026-05-10,50,166.7,122.8,44.2,10.0,15.3,5.7,3,12.0,1,36.5,132.0,80.0,91.0,97.0,4.0,3.0,5.0,regular,medium
REC_004532,USR_0227,2026-05-10,42,165.3,57.3,20.97,5.0,27.4,6.6,2,11.7,7,36.7,122.0,71.0,79.0,75.0,4.0,3.0,4.0,mal,medium
REC_004590,USR_0230,2026-05-10,70,148.7,68.0,30.76,4.0,43.4,8.1,2,3.5,4,36.8,126.0,85.0,108.0,92.0,7.0,1.0,5.0,muy mal,medium
REC_004769,USR_0239,2026-05-10,47,180.3,95.3,29.31,7.0,40.9,7.7,3,25.7,0,36.3,112.0,60.0,96.0,78.0,1.0,7.0,8.0,muy bien,low
REC_004813,USR_0241,2026-05-10,30,172.4,102.6,34.51,1.0,31.5,6.3,3,4.3,5,37.2,114.0,80.0,79.0,74.0,5.0,3.0,6.0,mal,medium
REC_004836,USR_0242,2026-05-10,18,147.8,40.6,18.6,5.0,13.7,5.8,1,0.0,5,36.7,123.0,70.0,88.0,85.0,6.0,2.0,6.0,mal,medium
REC_004879,USR_0244,2026-05-10,31,167.7,71.1,25.3,9.0,61.6,5.7,2,11.9,6,36.5,113.0,76.0,84.0,89.0,4.0,4.0,5.0,regular,low
REC_004896,USR_0245,2026-05-10,35,168.5,50.5,17.77,8.0,28.3,6.9,2,16.5,6,37.0,126.0,74.0,97.0,85.0,8.0,1.0,4.0,mal,medium
REC_004938,USR_0247,2026-05-10,51,145.1,40.3,19.14,6.0,27.5,3.4,1,0.0,4,36.9,127.0,83.0,85.0,96.0,7.0,2.0,5.0,muy mal,high
REC_004991,USR_0250,2026-05-10,26,149.2,45.6,20.47,3.0,15.0,5.6,0,7.8,6,36.8,131.0,64.0,124.0,90.0,7.0,3.0,6.0,mal,high
REC_000011,USR_0001,2026-05-11,40,164.4,68.8,25.47,8.0,25.3,5.9,5,21.3,2,37.3,101.0,77.0,91.0,87.0,5.0,7.0,9.0,muy bien,low
REC_000031,USR_0002,2026-05-11,23,179.5,88.4,27.45,9.0,2.3,6.5,2,0.0,4,37.0,135.0,77.0,77.0,91.0,6.0,2.0,6.0,mal,medium
REC_000055,USR_0003,2026-05-11,18,157.0,89.1,36.13,11.0,45.6,8.5,4,33.0,0,36.6,119.0,75.0,84.0,60.0,2.0,4.0,7.0,bien,low
REC_000129,USR_0007,2026-05-11,39,184.9,57.8,16.9,6.0,15.5,4.9,0,0.0,3,36.4,119.0,67.0,89.0,81.0,8.0,1.0,4.0,mal,high
REC_000319,USR_0016,2026-05-11,30,172.2,68.4,23.08,2.0,0.0,4.6,0,0.0,9,36.7,122.0,71.0,94.0,83.0,7.0,3.0,6.0,mal,high
REC_000377,USR_0019,2026-05-11,37,158.9,75.1,29.75,1.0,19.4,8.6,3,0.0,3,36.7,121.0,78.0,87.0,72.0,4.0,5.0,6.0,regular,medium
REC_000396,USR_0020,2026-05-11,39,163.1,72.7,27.32,8.0,36.3,8.0,4,1.2,0,36.8,112.0,78.0,81.0,65.0,2.0,6.0,9.0,muy bien,low
REC_000440,USR_0022,2026-05-11,55,157.3,94.4,38.16,4.0,6.9,5.9,0,1.1,6,36.6,129.0,72.0,72.0,80.0,6.0,2.0,5.0,mal,high
REC_000568,USR_0028,2026-05-11,55,153.2,70.6,30.08,8.0,45.6,8.4,1,0.0,2,36.6,128.0,59.0,91.0,61.0,2.0,5.0,6.0,bien,low
REC_000629,USR_0031,2026-05-11,42,175.5,95.4,30.99,3.0,27.9,6.8,2,14.5,0,36.9,120.0,80.0,78.0,71.0,4.0,4.0,7.0,regular,medium
REC_000661,USR_0033,2026-05-11,46,165.5,67.3,24.57,10.0,7.2,4.2,1,0.0,6,36.0,121.0,75.0,71.0,91.0,5.0,1.0,6.0,mal,high
REC_000687,USR_0035,2026-05-11,18,170.8,67.1,23.01,3.0,16.9,5.5,1,8.1,6,36.7,117.0,78.0,79.0,98.0,7.0,1.0,5.0,muy mal,high
REC_000705,USR_0036,2026-05-11,24,168.8,83.6,29.34,8.0,3.1,6.2,2,9.8,4,37.4,126.0,76.0,78.0,87.0,6.0,2.0,6.0,mal,medium
REC_000751,USR_0039,2026-05-11,25,164.7,61.1,22.52,5.0,35.4,8.4,3,18.3,0,36.5,107.0,79.0,103.0,76.0,2.0,7.0,8.0,bien,low
REC_000810,USR_0042,2026-05-11,50,149.9,59.3,26.39,5.0,51.6,6.1,2,17.3,1,36.5,124.0,81.0,92.0,58.0,2.0,5.0,7.0,bien,low
REC_000859,USR_0044,2026-05-11,34,167.9,68.6,24.34,7.0,56.7,7.9,1,42.9,0,36.8,129.0,73.0,91.0,60.0,1.0,7.0,7.0,bien,low
REC_000914,USR_0047,2026-05-11,25,187.4,83.6,23.81,3.0,0.0,4.6,0,2.6,3,37.2,112.0,75.0,102.0,81.0,7.0,2.0,5.0,mal,high
REC_000975,USR_0050,2026-05-11,56,176.1,69.5,22.42,9.0,20.2,7.1,1,27.1,0,37.2,108.0,64.0,67.0,81.0,1.0,6.0,6.0,muy bien,high
REC_001136,USR_0058,2026-05-11,18,150.2,45.6,20.21,8.0,11.0,8.0,3,10.4,4,37.0,114.0,71.0,95.0,79.0,3.0,4.0,6.0,regular,medium
REC_002044,USR_0103,2026-05-11,42,167.4,71.7,25.57,4.0,46.4,4.4,1,6.2,5,36.6,106.0,69.0,98.0,85.0,6.0,3.0,4.0,mal,medium
REC_002060,USR_0104,2026-05-11,31,181.5,101.9,30.92,8.0,57.2,8.1,2,8.0,0,36.2,110.0,71.0,90.0,82.0,1.0,8.0,9.0,muy bien,low
REC_002171,USR_0109,2026-05-11,18,183.1,78.0,23.26,1.0,3.9,3.6,0,0.0,3,36.8,120.0,73.0,89.0,96.0,4.0,1.0,5.0,muy mal,high
REC_002225,USR_0112,2026-05-11,42,166.2,80.3,29.08,8.0,58.5,6.1,4,6.8,4,36.7,119.0,65.0,78.0,71.0,4.0,6.0,8.0,bien,low
REC_002306,USR_0116,2026-05-11,37,173.7,83.7,27.74,6.0,5.5,4.0,2,0.3,9,36.4,105.0,83.0,109.0,87.0,8.0,1.0,5.0,muy mal,high
REC_002506,USR_0126,2026-05-11,48,177.6,82.1,26.02,2.0,0.9,5.0,2,8.7,5,37.1,122.0,69.0,85.0,94.0,5.0,4.0,5.0,regular,high
REC_002550,USR_0128,2026-05-11,31,166.3,64.2,23.23,8.0,47.8,6.2,4,19.3,0,36.1,114.0,82.0,110.0,61.0,1.0,7.0,7.0,muy bien,low
REC_002610,USR_0131,2026-05-11,53,165.2,72.0,26.36,0.0,9.5,5.6,0,0.8,4,37.2,129.0,75.0,115.0,91.0,5.0,2.0,6.0,mal,high
REC_002627,USR_0132,2026-05-11,49,162.1,63.7,24.23,6.0,0.0,5.6,1,0.0,3,36.3,128.0,87.0,112.0,103.0,7.0,2.0,4.0,mal,high
REC_002691,USR_0135,2026-05-11,60,162.5,87.2,33.01,0.0,0.0,4.0,1,14.2,5,36.9,133.0,85.0,122.0,99.0,9.0,1.0,5.0,muy mal,high
REC_002745,USR_0138,2026-05-11,57,151.4,44.2,19.28,8.0,42.3,6.1,3,5.9,2,36.3,103.0,71.0,93.0,87.0,4.0,5.0,6.0,bien,low
REC_002764,USR_0139,2026-05-11,45,155.6,56.2,23.22,6.0,32.3,7.6,1,5.7,10,36.6,120.0,75.0,65.0,76.0,5.0,4.0,6.0,mal,medium
REC_002873,USR_0144,2026-05-11,22,157.7,41.7,16.77,6.0,4.3,8.0,1,16.9,2,36.9,113.0,71.0,91.0,93.0,2.0,4.0,7.0,bien,medium
REC_003012,USR_0151,2026-05-11,26,164.4,45.6,16.86,4.0,16.6,7.8,2,13.4,3,36.6,119.0,71.0,117.0,82.0,5.0,4.0,8.0,regular,medium
REC_003088,USR_0155,2026-05-11,38,188.3,125.5,35.4,3.0,0.0,3.0,2,0.9,5,36.5,137.0,76.0,84.0,88.0,8.0,1.0,4.0,muy mal,high
REC_003142,USR_0158,2026-05-11,34,167.3,70.5,25.2,4.0,0.0,6.0,4,16.1,5,37.6,119.0,63.0,85.0,78.0,5.0,4.0,5.0,mal,medium
REC_003280,USR_0165,2026-05-11,50,167.0,79.6,28.54,4.0,32.7,4.0,2,19.8,3,36.3,116.0,79.0,94.0,87.0,5.0,3.0,3.0,mal,high
REC_003302,USR_0166,2026-05-11,30,161.2,62.5,24.04,7.0,50.9,8.2,4,0.0,0,36.7,104.0,75.0,50.0,70.0,1.0,4.0,9.0,mal,low
REC_003411,USR_0172,2026-05-11,40,173.9,91.7,30.33,4.0,0.0,5.6,1,0.0,7,37.0,123.0,66.0,90.0,75.0,6.0,1.0,6.0,muy mal,high
REC_003638,USR_0183,2026-05-11,18,163.7,81.0,30.22,12.0,43.8,7.0,1,25.1,1,36.6,117.0,57.0,80.0,78.0,3.0,8.0,8.0,bien,low
REC_003713,USR_0187,2026-05-11,32,163.7,77.4,28.87,9.0,42.9,7.2,3,5.7,2,36.7,105.0,69.0,79.0,69.0,2.0,6.0,8.0,bien,low
REC_003776,USR_0190,2026-05-11,71,152.1,48.9,21.13,6.0,43.2,6.9,3,2.4,4,37.3,143.0,71.0,109.0,86.0,4.0,4.0,6.0,mal,medium
REC_003819,USR_0192,2026-05-11,34,158.4,88.0,35.06,7.0,14.6,5.2,1,0.0,5,36.1,114.0,80.0,102.0,76.0,7.0,2.0,3.0,muy mal,high
REC_003915,USR_0197,2026-05-11,53,162.9,81.4,30.66,5.0,34.5,4.1,0,0.8,4,36.7,132.0,75.0,103.0,78.0,8.0,1.0,4.0,muy mal,high
REC_003980,USR_0200,2026-05-11,28,154.0,59.7,25.15,7.0,0.0,5.7,3,7.5,5,36.2,115.0,74.0,119.0,106.0,8.0,3.0,5.0,mal,medium
REC_004164,USR_0209,2026-05-11,30,166.3,52.0,18.79,5.0,9.7,5.9,1,12.5,3,36.7,123.0,76.0,59.0,80.0,7.0,1.0,5.0,mal,medium
REC_004188,USR_0210,2026-05-11,39,159.0,85.5,33.81,9.0,19.9,5.1,3,18.5,3,36.6,117.0,84.0,91.0,83.0,4.0,4.0,6.0,mal,medium
REC_004224,USR_0212,2026-05-11,45,154.0,50.4,21.26,5.0,39.3,4.7,2,5.6,10,36.8,113.0,90.0,93.0,95.0,7.0,3.0,5.0,mal,medium
REC_004249,USR_0213,2026-05-11,31,142.0,42.9,21.25,5.0,47.3,6.5,0,9.4,3,36.8,99.0,81.0,73.0,81.0,4.0,5.0,4.0,mal,medium
REC_004296,USR_0215,2026-05-11,23,180.8,79.0,24.18,6.0,27.8,5.6,4,0.0,8,36.8,121.0,80.0,89.0,93.0,6.0,3.0,5.0,muy mal,medium
REC_004360,USR_0218,2026-05-11,20,180.2,97.0,29.87,6.0,0.0,8.0,1,0.0,7,36.6,112.0,74.0,94.0,94.0,5.0,2.0,7.0,regular,medium
REC_004517,USR_0226,2026-05-11,50,166.7,122.9,44.24,4.0,33.2,6.8,3,1.5,1,36.3,129.0,73.0,102.0,76.0,4.0,5.0,6.0,bien,medium
REC_004794,USR_0240,2026-05-11,19,151.8,82.3,35.7,10.0,44.5,6.2,1,18.2,1,36.1,131.0,63.0,94.0,60.0,4.0,4.0,7.0,bien,low
REC_004855,USR_0243,2026-05-11,18,158.0,42.0,16.82,12.0,54.0,10.0,2,20.1,0,36.7,118.0,67.0,83.0,72.0,1.0,6.0,6.0,muy bien,low
REC_004939,USR_0247,2026-05-11,51,145.1,40.2,19.09,7.0,11.5,5.2,0,5.6,4,36.6,110.0,87.0,91.0,96.0,7.0,1.0,2.0,mal,high
REC_004958,USR_0248,2026-05-11,35,183.9,58.6,17.33,9.0,39.4,5.2,1,15.8,3,36.6,112.0,75.0,98.0,75.0,4.0,4.0,5.0,regular,medium
REC_000032,USR_0002,2026-05-12,23,179.5,88.3,27.4,6.0,3.0,6.6,1,18.5,8,37.3,134.0,71.0,85.0,126.0,4.0,3.0,5.0,mal,high
REC_000109,USR_0006,2026-05-12,45,184.7,81.0,23.76,2.0,24.7,6.2,4,0.0,7,36.0,103.0,74.0,92.0,85.0,4.0,3.0,4.0,mal,medium
REC_000158,USR_0008,2026-05-12,32,161.4,104.0,39.94,9.0,7.5,6.7,2,10.3,1,36.8,115.0,81.0,79.0,98.0,4.0,4.0,6.0,mal,medium
REC_000176,USR_0009,2026-05-12,45,164.2,57.8,21.67,6.0,0.0,7.8,3,7.4,0,36.1,116.0,82.0,106.0,87.0,3.0,4.0,8.0,muy bien,medium
REC_000197,USR_0010,2026-05-12,26,176.8,94.0,30.06,8.0,59.4,7.0,4,19.9,0,36.5,109.0,61.0,112.0,76.0,1.0,6.0,8.0,muy bien,low
REC_000295,USR_0015,2026-05-12,27,168.2,77.8,27.51,13.0,63.2,7.6,5,12.1,1,37.3,119.0,72.0,110.0,72.0,1.0,7.0,8.0,bien,low
REC_000415,USR_0021,2026-05-12,18,158.0,80.8,32.37,6.0,42.1,5.2,3,12.9,6,36.5,124.0,78.0,100.0,96.0,6.0,3.0,6.0,regular,medium
REC_000521,USR_0026,2026-05-12,37,157.3,47.0,18.99,4.0,0.0,4.8,1,7.9,6,37.4,123.0,69.0,98.0,82.0,6.0,2.0,6.0,muy mal,high
REC_000543,USR_0027,2026-05-12,57,164.1,73.9,27.44,4.0,14.6,6.4,2,0.0,3,37.1,108.0,69.0,98.0,71.0,5.0,3.0,5.0,regular,medium
REC_000588,USR_0029,2026-05-12,49,153.3,47.7,20.29,8.0,44.9,9.2,2,20.4,3,37.4,129.0,74.0,97.0,82.0,2.0,6.0,8.0,bien,low
REC_000706,USR_0036,2026-05-12,24,168.8,83.6,29.36,6.0,19.4,7.2,0,5.2,6,36.8,114.0,82.0,79.0,93.0,5.0,2.0,6.0,mal,medium
REC_000714,USR_0037,2026-05-12,31,161.4,58.9,22.6,5.0,21.2,5.9,1,2.3,6,36.6,119.0,74.0,92.0,88.0,5.0,2.0,5.0,mal,medium
REC_000860,USR_0044,2026-05-12,34,167.9,68.4,24.27,9.0,67.9,8.2,3,20.6,0,36.9,138.0,68.0,74.0,71.0,2.0,9.0,10.0,muy bien,low
REC_000930,USR_0048,2026-05-12,36,185.3,89.9,26.17,6.0,6.4,8.2,2,8.3,4,37.1,102.0,73.0,79.0,86.0,2.0,4.0,6.0,regular,medium
REC_001060,USR_0054,2026-05-12,47,168.1,47.3,16.74,12.0,33.0,6.4,3,15.1,0,36.8,122.0,76.0,120.0,66.0,2.0,5.0,5.0,regular,medium
REC_001080,USR_0055,2026-05-12,57,162.7,51.4,19.44,8.0,25.6,7.5,2,15.9,2,36.7,124.0,66.0,99.0,73.0,3.0,5.0,5.0,regular,medium
REC_001137,USR_0058,2026-05-12,18,150.2,45.5,20.16,7.0,24.8,6.8,0,12.1,3,37.1,115.0,71.0,90.0,83.0,4.0,4.0,7.0,regular,medium
REC_001252,USR_0064,2026-05-12,39,154.0,65.6,27.67,8.0,41.0,8.7,1,10.7,1,36.5,113.0,68.0,52.0,77.0,2.0,6.0,9.0,bien,low
REC_001517,USR_0077,2026-05-12,27,166.1,67.8,24.59,8.0,5.1,6.3,3,0.0,3,37.1,124.0,67.0,89.0,86.0,4.0,4.0,7.0,bien,medium
REC_001788,USR_0090,2026-05-12,34,183.3,96.4,28.68,6.0,13.5,6.7,3,12.4,3,36.3,126.0,82.0,120.0,82.0,4.0,5.0,4.0,regular,medium
REC_001983,USR_0100,2026-05-12,69,161.2,90.3,34.73,8.0,81.7,5.4,4,21.3,1,36.8,138.0,78.0,91.0,80.0,3.0,7.0,6.0,bien,low
REC_002172,USR_0109,2026-05-12,18,183.1,78.1,23.29,4.0,0.0,5.2,1,2.9,8,36.5,127.0,73.0,82.0,77.0,4.0,1.0,4.0,mal,high
REC_002189,USR_0110,2026-05-12,32,143.6,49.2,23.88,8.0,17.3,6.4,1,5.6,2,36.7,130.0,73.0,83.0,87.0,4.0,4.0,6.0,mal,medium
REC_002284,USR_0115,2026-05-12,38,149.5,54.4,24.35,8.0,15.6,5.5,1,0.0,3,36.7,115.0,84.0,71.0,81.0,5.0,3.0,5.0,regular,medium
REC_002417,USR_0121,2026-05-12,56,161.4,82.4,31.63,9.0,51.8,8.2,2,32.0,0,36.8,133.0,68.0,91.0,79.0,1.0,6.0,6.0,muy bien,low
REC_002483,USR_0125,2026-05-12,29,176.4,74.6,23.96,7.0,39.2,7.4,3,22.3,1,36.9,101.0,74.0,102.0,68.0,2.0,4.0,10.0,bien,low
REC_002551,USR_0128,2026-05-12,31,166.3,64.3,23.26,10.0,73.4,7.1,4,16.5,0,35.9,115.0,75.0,91.0,61.0,1.0,9.0,8.0,muy bien,low
REC_002673,USR_0134,2026-05-12,55,153.0,51.4,21.97,1.0,0.0,7.4,0,0.0,6,36.6,133.0,84.0,98.0,134.0,6.0,2.0,7.0,regular,high
REC_002692,USR_0135,2026-05-12,60,162.5,87.2,33.03,3.0,7.9,3.0,1,11.6,6,36.9,136.0,84.0,104.0,103.0,10.0,1.0,4.0,muy mal,high
REC_002725,USR_0137,2026-05-12,36,173.1,67.1,22.38,4.0,16.2,6.0,2,6.6,2,36.8,116.0,84.0,88.0,88.0,5.0,4.0,6.0,regular,medium
REC_002804,USR_0141,2026-05-12,40,188.9,124.1,34.77,2.0,18.8,5.8,0,0.0,4,36.4,140.0,69.0,113.0,88.0,5.0,3.0,4.0,mal,high
REC_003013,USR_0151,2026-05-12,26,164.4,45.9,17.0,6.0,4.6,7.7,2,17.9,5,36.7,112.0,70.0,111.0,96.0,4.0,3.0,6.0,mal,medium
REC_003061,USR_0153,2026-05-12,18,169.3,59.4,20.74,7.0,33.2,5.4,4,0.0,6,36.6,126.0,64.0,108.0,86.0,5.0,4.0,6.0,bien,medium
REC_003089,USR_0155,2026-05-12,38,188.3,125.4,35.38,8.0,0.0,3.0,3,0.0,4,36.5,118.0,81.0,99.0,93.0,8.0,1.0,3.0,muy mal,high
REC_003246,USR_0163,2026-05-12,49,158.7,58.0,23.01,8.0,35.0,9.9,4,9.9,0,36.7,117.0,74.0,85.0,60.0,1.0,6.0,9.0,bien,low
REC_003281,USR_0165,2026-05-12,50,167.0,79.6,28.53,7.0,17.6,4.4,3,17.5,4,37.0,131.0,80.0,105.0,93.0,5.0,4.0,4.0,mal,medium
REC_003376,USR_0170,2026-05-12,53,167.8,96.1,34.14,5.0,26.7,6.8,1,3.4,3,36.7,110.0,74.0,86.0,85.0,4.0,4.0,5.0,bien,medium
REC_003412,USR_0172,2026-05-12,40,173.9,91.5,30.27,3.0,25.1,4.2,1,4.5,3,37.1,112.0,75.0,104.0,97.0,4.0,1.0,5.0,mal,high
REC_003495,USR_0176,2026-05-12,21,188.0,107.9,30.54,5.0,24.0,2.2,2,8.3,3,36.5,114.0,87.0,121.0,75.0,7.0,1.0,4.0,muy mal,high
REC_003517,USR_0177,2026-05-12,18,171.9,91.8,31.07,5.0,11.3,5.9,2,7.4,4,36.6,122.0,69.0,71.0,94.0,6.0,2.0,5.0,mal,medium
REC_003714,USR_0187,2026-05-12,32,163.7,77.0,28.75,6.0,42.8,8.6,3,18.7,1,36.5,110.0,56.0,105.0,73.0,1.0,6.0,8.0,bien,low
REC_003838,USR_0193,2026-05-12,35,170.0,93.1,32.23,3.0,22.3,7.2,2,0.0,4,36.9,117.0,73.0,106.0,89.0,6.0,3.0,4.0,mal,medium
REC_003862,USR_0194,2026-05-12,40,174.0,85.7,28.3,7.0,41.6,7.0,3,2.4,2,36.3,117.0,67.0,107.0,81.0,3.0,6.0,10.0,bien,low
REC_003939,USR_0198,2026-05-12,29,180.5,67.9,20.84,8.0,43.9,7.5,3,14.9,1,36.6,101.0,75.0,75.0,78.0,3.0,6.0,8.0,bien,low
REC_003981,USR_0200,2026-05-12,28,154.0,59.4,25.06,4.0,18.3,5.1,3,14.4,8,36.6,137.0,76.0,68.0,86.0,6.0,2.0,4.0,mal,medium
REC_004094,USR_0206,2026-05-12,48,161.0,49.9,19.27,7.0,41.4,4.9,2,0.0,6,36.6,105.0,74.0,89.0,89.0,5.0,2.0,2.0,mal,medium
REC_004206,USR_0211,2026-05-12,64,160.6,73.7,28.58,5.0,49.4,7.9,3,29.9,0,35.9,125.0,75.0,107.0,70.0,1.0,7.0,8.0,muy bien,low
REC_004297,USR_0215,2026-05-12,23,180.8,79.1,24.2,3.0,0.0,6.0,2,5.4,6,37.2,135.0,71.0,78.0,90.0,6.0,2.0,7.0,mal,medium
REC_004456,USR_0223,2026-05-12,36,158.4,75.6,30.15,4.0,0.0,6.1,2,0.0,5,36.6,118.0,78.0,76.0,74.0,8.0,2.0,7.0,mal,medium
REC_004533,USR_0227,2026-05-12,42,165.3,57.7,21.1,2.0,0.0,6.2,3,6.1,6,37.5,119.0,80.0,90.0,92.0,6.0,2.0,6.0,mal,high
REC_004647,USR_0233,2026-05-12,36,167.5,72.3,25.76,3.0,0.0,4.7,1,0.0,2,36.8,115.0,64.0,82.0,76.0,4.0,3.0,2.0,muy mal,high
REC_004681,USR_0235,2026-05-12,23,166.5,52.5,18.93,6.0,31.0,6.8,3,4.6,1,36.7,105.0,81.0,88.0,81.0,2.0,7.0,6.0,muy bien,low
REC_004897,USR_0245,2026-05-12,35,168.5,49.4,17.83,4.0,22.1,7.9,2,14.5,5,37.0,110.0,76.0,84.0,91.0,5.0,2.0,7.0,mal,medium
REC_004959,USR_0248,2026-05-12,35,183.9,58.7,17.37,3.0,29.0,4.2,2,0.0,3,37.3,106.0,84.0,91.0,98.0,5.0,3.0,5.0,regular,medium
REC_000198,USR_0010,2026-05-13,26,176.8,93.9,30.03,6.0,61.4,8.4,2,8.5,0,37.3,112.0,67.0,88.0,67.0,1.0,7.0,8.0,muy bien,low
REC_000232,USR_0012,2026-05-13,27,174.4,103.3,33.98,5.0,0.0,5.4,0,2.4,6,36.7,128.0,67.0,99.0,91.0,5.0,1.0,3.0,muy mal,high
REC_000320,USR_0016,2026-05-13,30,172.2,68.5,23.11,1.0,0.0,4.8,0,16.3,8,36.9,119.0,75.0,102.0,91.0,6.0,1.0,5.0,mal,high
REC_000416,USR_0021,2026-05-13,18,158.0,80.9,32.4,7.0,39.5,6.5,3,4.9,5,36.7,119.0,80.0,92.0,86.0,5.0,3.0,6.0,regular,medium
REC_000483,USR_0024,2026-05-13,37,154.0,55.9,23.57,10.0,42.8,8.2,3,5.0,0,36.8,115.0,73.0,92.0,76.0,2.0,7.0,7.0,bien,low
REC_000589,USR_0029,2026-05-13,49,153.3,47.6,20.26,8.0,50.2,8.3,3,30.3,0,36.7,117.0,78.0,97.0,78.0,2.0,7.0,8.0,bien,low
REC_000611,USR_0030,2026-05-13,25,161.0,72.4,27.91,8.0,38.5,7.7,2,12.2,0,36.9,128.0,68.0,83.0,58.0,1.0,7.0,7.0,muy bien,low
REC_000675,USR_0034,2026-05-13,22,155.9,76.5,31.47,5.0,6.0,6.4,2,25.3,5,36.3,120.0,65.0,91.0,98.0,5.0,1.0,7.0,mal,medium
REC_000733,USR_0038,2026-05-13,31,161.2,72.9,28.04,0.0,25.6,4.8,3,0.0,5,37.2,129.0,75.0,71.0,96.0,6.0,1.0,4.0,mal,high
REC_000832,USR_0043,2026-05-13,18,151.0,48.9,21.44,9.0,42.4,6.1,4,9.0,0,36.3,104.0,78.0,81.0,76.0,2.0,7.0,7.0,bien,low
REC_000896,USR_0046,2026-05-13,21,182.3,120.3,36.2,5.0,7.2,3.3,1,0.0,5,36.6,131.0,81.0,92.0,99.0,8.0,1.0,5.0,muy mal,high
REC_000995,USR_0051,2026-05-13,44,155.2,70.0,29.04,7.0,68.6,8.1,3,1.0,0,36.5,113.0,66.0,62.0,82.0,4.0,7.0,8.0,bien,low
REC_001061,USR_0054,2026-05-13,47,168.1,47.4,16.77,12.0,37.1,6.3,2,11.6,1,36.7,118.0,68.0,65.0,76.0,2.0,5.0,7.0,bien,low
REC_001095,USR_0056,2026-05-13,60,165.5,53.2,19.42,6.0,34.3,7.3,2,0.0,2,36.8,130.0,75.0,89.0,83.0,5.0,5.0,6.0,mal,medium
REC_001202,USR_0061,2026-05-13,44,168.5,79.1,27.87,1.0,7.0,4.9,0,0.0,7,37.1,109.0,73.0,96.0,93.0,6.0,2.0,6.0,mal,high
REC_001234,USR_0063,2026-05-13,19,167.1,60.2,21.55,5.0,0.0,6.5,2,0.0,4,37.5,113.0,74.0,103.0,76.0,6.0,2.0,7.0,mal,medium
REC_001253,USR_0064,2026-05-13,39,154.0,65.6,27.67,4.0,13.6,7.2,3,14.3,1,37.0,112.0,83.0,97.0,92.0,3.0,6.0,10.0,muy bien,low
REC_001275,USR_0065,2026-05-13,50,168.7,59.8,21.01,7.0,36.0,8.0,1,17.3,1,36.4,112.0,81.0,81.0,97.0,2.0,8.0,7.0,bien,low
REC_001291,USR_0066,2026-05-13,32,161.3,90.0,34.58,7.0,61.6,6.3,1,30.9,2,37.1,97.0,68.0,69.0,77.0,4.0,5.0,8.0,bien,low
REC_001400,USR_0071,2026-05-13,29,163.4,65.3,24.44,7.0,6.0,4.9,1,8.8,6,37.1,116.0,83.0,89.0,81.0,6.0,1.0,4.0,mal,high
REC_001416,USR_0072,2026-05-13,18,189.5,116.8,32.51,2.0,8.6,6.7,2,12.1,4,36.2,117.0,80.0,102.0,90.0,4.0,5.0,7.0,bien,medium
REC_001518,USR_0077,2026-05-13,27,166.1,67.7,24.54,8.0,52.3,6.9,1,4.3,1,37.0,140.0,70.0,82.0,83.0,4.0,4.0,7.0,regular,medium
REC_001545,USR_0078,2026-05-13,40,148.8,53.9,24.34,7.0,0.0,6.2,2,3.3,6,36.0,107.0,79.0,99.0,92.0,7.0,2.0,5.0,mal,medium
REC_001686,USR_0085,2026-05-13,41,169.2,70.7,24.7,8.0,43.5,7.2,3,0.4,1,36.5,123.0,67.0,99.0,86.0,2.0,6.0,7.0,muy bien,low
REC_001877,USR_0095,2026-05-13,34,180.7,91.0,27.71,8.0,24.7,5.4,4,8.8,6,36.6,117.0,76.0,125.0,96.0,5.0,2.0,6.0,mal,medium
REC_002004,USR_0101,2026-05-13,20,147.8,45.7,20.93,6.0,0.0,4.1,1,18.2,7,36.8,117.0,77.0,77.0,87.0,6.0,2.0,3.0,muy mal,high
REC_002061,USR_0104,2026-05-13,31,181.5,102.1,30.98,7.0,37.9,8.8,2,12.4,2,36.5,110.0,75.0,74.0,71.0,4.0,8.0,6.0,muy bien,low
REC_002152,USR_0108,2026-05-13,36,165.3,108.3,39.62,9.0,55.5,7.7,1,4.9,3,36.7,93.0,60.0,85.0,84.0,1.0,8.0,8.0,bien,low
REC_002285,USR_0115,2026-05-13,38,149.5,54.4,24.36,4.0,0.0,4.4,0,8.1,2,36.8,130.0,76.0,89.0,81.0,5.0,2.0,4.0,mal,high
REC_002331,USR_0117,2026-05-13,46,184.7,89.0,26.08,12.0,76.9,8.2,3,21.9,0,36.8,126.0,80.0,92.0,80.0,2.0,7.0,7.0,bien,low
REC_002418,USR_0121,2026-05-13,56,161.4,82.7,31.74,9.0,30.1,8.1,3,18.5,1,36.0,127.0,66.0,90.0,78.0,1.0,7.0,9.0,muy bien,low
REC_002484,USR_0125,2026-05-13,29,176.4,74.7,24.01,6.0,55.3,6.7,3,16.5,0,36.8,131.0,70.0,87.0,75.0,3.0,6.0,6.0,bien,low
REC_002611,USR_0131,2026-05-13,53,165.2,71.8,26.31,5.0,0.0,5.4,0,3.9,5,37.0,122.0,75.0,110.0,84.0,6.0,2.0,5.0,mal,high
REC_002707,USR_0136,2026-05-13,27,162.1,97.2,37.01,8.0,5.5,6.3,3,3.5,2,36.3,119.0,80.0,91.0,89.0,5.0,5.0,6.0,regular,medium
REC_002765,USR_0139,2026-05-13,45,155.6,56.0,23.14,12.0,33.3,8.3,0,4.2,3,36.5,104.0,70.0,84.0,72.0,5.0,3.0,7.0,regular,medium
REC_002786,USR_0140,2026-05-13,29,157.3,65.9,26.65,4.0,41.4,6.8,1,14.5,6,36.8,149.0,78.0,94.0,102.0,5.0,4.0,5.0,regular,medium
REC_002805,USR_0141,2026-05-13,40,188.9,124.0,34.75,3.0,6.7,5.8,1,1.4,4,37.2,107.0,73.0,117.0,94.0,6.0,3.0,6.0,mal,medium
REC_002828,USR_0142,2026-05-13,19,173.6,76.2,25.27,3.0,37.1,6.9,2,9.5,4,36.4,123.0,73.0,67.0,77.0,6.0,2.0,7.0,muy mal,medium
REC_002891,USR_0145,2026-05-13,23,164.5,52.3,19.34,11.0,51.0,8.3,4,23.3,1,36.7,110.0,70.0,71.0,69.0,2.0,7.0,8.0,bien,low
REC_002956,USR_0148,2026-05-13,30,142.0,47.3,23.45,2.0,33.7,5.1,1,0.0,6,37.0,117.0,62.0,97.0,79.0,6.0,1.0,4.0,mal,medium
REC_003076,USR_0154,2026-05-13,45,180.2,90.5,27.86,13.0,29.3,7.4,3,4.8,3,36.5,114.0,81.0,94.0,73.0,3.0,7.0,7.0,bien,low
REC_003143,USR_0158,2026-05-13,34,167.3,70.4,25.14,7.0,34.6,5.6,4,0.0,7,36.5,103.0,79.0,85.0,80.0,4.0,4.0,4.0,regular,medium
REC_003162,USR_0159,2026-05-13,39,164.1,76.7,28.48,9.0,43.3,7.5,3,2.1,0,36.3,115.0,75.0,77.0,74.0,1.0,7.0,8.0,bien,low
REC_003188,USR_0160,2026-05-13,74,166.8,72.4,26.01,9.0,13.4,6.3,4,3.3,2,36.4,125.0,76.0,122.0,87.0,5.0,3.0,6.0,regular,medium
REC_003303,USR_0166,2026-05-13,30,161.2,63.0,24.23,9.0,43.5,3.9,4,30.0,2,36.9,114.0,64.0,92.0,74.0,1.0,5.0,6.0,bien,medium
REC_003342,USR_0168,2026-05-13,49,179.1,118.4,36.91,8.0,18.6,5.1,2,10.8,4,37.1,122.0,91.0,114.0,87.0,6.0,1.0,4.0,muy mal,medium
REC_003476,USR_0175,2026-05-13,54,191.2,88.3,24.15,7.0,46.5,8.0,1,0.0,0,36.0,134.0,69.0,93.0,72.0,4.0,5.0,8.0,regular,low
REC_003518,USR_0177,2026-05-13,18,171.9,91.9,31.1,5.0,33.4,7.0,0,0.3,5,36.8,120.0,70.0,66.0,73.0,4.0,3.0,6.0,regular,medium
REC_003581,USR_0180,2026-05-13,31,158.5,63.6,25.31,7.0,46.9,7.1,3,7.4,0,36.9,99.0,66.0,80.0,81.0,3.0,7.0,8.0,bien,low
REC_003600,USR_0181,2026-05-13,36,164.6,52.9,19.51,5.0,0.0,5.7,0,4.5,6,35.9,129.0,75.0,84.0,80.0,4.0,1.0,5.0,mal,high
REC_003639,USR_0183,2026-05-13,18,163.7,81.0,30.23,10.0,67.3,7.2,3,15.2,0,36.5,111.0,67.0,78.0,101.0,2.0,7.0,7.0,muy bien,low
REC_003715,USR_0187,2026-05-13,32,163.7,76.9,28.71,6.0,30.0,8.9,3,9.8,0,36.4,132.0,79.0,108.0,74.0,2.0,7.0,10.0,muy bien,low
REC_003732,USR_0188,2026-05-13,29,163.2,53.8,20.2,4.0,0.6,6.7,1,0.0,7,36.8,121.0,73.0,93.0,88.0,7.0,1.0,6.0,mal,high
REC_003881,USR_0195,2026-05-13,52,171.9,81.6,27.6,10.0,48.9,7.5,1,35.0,0,36.2,112.0,78.0,97.0,55.0,1.0,8.0,9.0,muy bien,low
REC_003897,USR_0196,2026-05-13,30,164.1,48.5,18.03,3.0,25.3,6.9,1,12.2,4,37.3,131.0,69.0,122.0,95.0,6.0,2.0,7.0,mal,medium
REC_003940,USR_0198,2026-05-13,29,180.5,67.7,20.79,9.0,65.6,7.8,2,19.0,0,37.1,109.0,71.0,75.0,87.0,2.0,8.0,7.0,bien,low
REC_003982,USR_0200,2026-05-13,28,154.0,59.2,24.96,3.0,15.0,6.3,3,16.4,6,36.8,125.0,90.0,84.0,89.0,5.0,3.0,6.0,regular,medium
REC_004042,USR_0203,2026-05-13,58,161.7,48.9,18.72,8.0,91.7,6.4,2,8.7,1,36.9,132.0,78.0,92.0,87.0,2.0,7.0,6.0,bien,low
REC_004121,USR_0207,2026-05-13,18,169.3,74.7,26.05,10.0,69.0,7.1,5,21.4,1,36.9,108.0,70.0,85.0,95.0,2.0,7.0,9.0,muy bien,low
REC_004318,USR_0216,2026-05-13,40,159.2,81.4,32.13,3.0,4.0,4.1,0,16.9,5,36.7,111.0,74.0,84.0,88.0,9.0,2.0,7.0,mal,high
REC_004412,USR_0221,2026-05-13,41,186.2,85.8,24.74,9.0,40.4,7.7,3,17.8,1,37.2,123.0,65.0,97.0,71.0,2.0,7.0,6.0,bien,low
REC_004665,USR_0234,2026-05-13,18,166.9,91.0,32.68,7.0,5.0,5.7,1,30.1,3,36.2,138.0,59.0,110.0,83.0,5.0,2.0,5.0,mal,medium
REC_004898,USR_0245,2026-05-13,35,168.5,50.5,17.79,2.0,26.6,7.5,2,17.2,6,36.9,117.0,76.0,79.0,93.0,4.0,2.0,6.0,mal,medium
REC_004960,USR_0248,2026-05-13,35,183.9,58.5,17.29,8.0,0.7,6.3,2,18.2,3,36.5,110.0,81.0,81.0,86.0,4.0,4.0,6.0,regular,medium
REC_000056,USR_0003,2026-05-14,18,157.0,89.3,36.21,8.0,60.9,7.8,3,36.5,1,36.2,106.0,80.0,103.0,73.0,1.0,6.0,7.0,bien,low
REC_000130,USR_0007,2026-05-14,39,184.9,58.0,16.98,5.0,3.0,5.2,1,13.8,3,37.4,112.0,84.0,114.0,91.0,8.0,1.0,3.0,mal,high
REC_000258,USR_0013,2026-05-14,18,171.6,82.5,28.02,7.0,0.9,6.9,3,0.0,3,36.4,115.0,73.0,102.0,76.0,2.0,4.0,8.0,regular,medium
REC_000276,USR_0014,2026-05-14,18,140.0,55.3,28.19,8.0,21.4,3.4,1,0.0,4,36.1,123.0,71.0,104.0,73.0,6.0,2.0,4.0,mal,high
REC_000296,USR_0015,2026-05-14,27,168.2,78.0,27.56,5.0,33.8,8.1,2,6.5,2,36.7,122.0,66.0,108.0,80.0,4.0,5.0,8.0,regular,medium
REC_000441,USR_0022,2026-05-14,55,157.3,94.7,38.29,0.0,0.0,6.3,1,0.0,6,36.2,106.0,88.0,101.0,105.0,6.0,3.0,6.0,mal,high
REC_000715,USR_0037,2026-05-14,31,161.4,59.1,22.7,5.0,8.9,6.1,2,5.8,6,36.7,114.0,70.0,81.0,97.0,7.0,1.0,5.0,mal,high
REC_000811,USR_0042,2026-05-14,50,149.9,59.6,26.54,6.0,38.4,7.2,3,43.7,3,36.9,135.0,81.0,84.0,81.0,4.0,4.0,6.0,regular,medium
REC_000833,USR_0043,2026-05-14,18,151.0,49.0,21.51,8.0,35.5,6.7,4,19.0,0,36.6,127.0,78.0,84.0,86.0,2.0,8.0,8.0,bien,low
REC_000861,USR_0044,2026-05-14,34,167.9,68.5,24.31,9.0,41.9,8.6,3,7.2,0,36.9,127.0,72.0,108.0,67.0,2.0,7.0,8.0,muy bien,low
REC_001062,USR_0054,2026-05-14,47,168.1,47.2,16.71,9.0,43.2,8.1,2,26.8,1,36.6,119.0,67.0,85.0,72.0,1.0,7.0,9.0,muy bien,low
REC_001096,USR_0056,2026-05-14,60,165.5,53.3,19.47,7.0,46.1,8.5,2,20.8,4,36.7,125.0,74.0,91.0,82.0,3.0,6.0,8.0,bien,low
REC_001138,USR_0058,2026-05-14,18,150.2,45.7,20.25,5.0,40.9,7.4,2,0.0,2,37.0,105.0,77.0,118.0,71.0,4.0,5.0,7.0,regular,low
REC_001309,USR_0067,2026-05-14,54,176.0,107.0,34.54,3.0,30.9,6.7,1,13.5,5,37.1,119.0,63.0,99.0,95.0,6.0,3.0,7.0,regular,medium
REC_001379,USR_0070,2026-05-14,44,156.1,56.5,23.17,5.0,27.1,6.9,2,12.3,5,36.5,114.0,59.0,75.0,90.0,3.0,5.0,7.0,bien,low
REC_001417,USR_0072,2026-05-14,18,189.5,117.0,32.59,5.0,34.5,7.2,0,0.0,2,36.3,97.0,80.0,114.0,83.0,4.0,4.0,6.0,regular,medium
REC_001479,USR_0075,2026-05-14,21,161.6,42.5,16.27,4.0,23.3,5.5,2,8.7,2,36.9,108.0,71.0,108.0,72.0,3.0,3.0,6.0,mal,medium
REC_001704,USR_0086,2026-05-14,36,181.9,111.3,33.63,8.0,0.0,5.7,0,7.7,5,37.1,119.0,68.0,110.0,90.0,4.0,2.0,6.0,mal,medium
REC_001984,USR_0100,2026-05-14,69,161.2,90.5,34.82,6.0,29.3,5.4,4,21.1,2,37.1,127.0,80.0,94.0,73.0,3.0,5.0,6.0,regular,medium
REC_002005,USR_0101,2026-05-14,20,147.8,45.8,20.97,7.0,23.5,4.3,0,0.0,7,36.3,112.0,76.0,77.0,93.0,4.0,3.0,4.0,mal,high
REC_002062,USR_0104,2026-05-14,31,181.5,102.0,30.98,8.0,38.4,7.5,2,9.4,0,36.5,108.0,82.0,109.0,75.0,1.0,6.0,6.0,regular,low
REC_002173,USR_0109,2026-05-14,18,183.1,78.1,23.29,4.0,55.6,5.1,0,0.0,4,36.8,126.0,69.0,119.0,91.0,5.0,2.0,5.0,mal,medium
REC_002226,USR_0112,2026-05-14,42,166.2,80.2,29.02,8.0,31.2,6.4,4,0.0,4,36.2,110.0,81.0,90.0,98.0,5.0,5.0,6.0,regular,medium
REC_002286,USR_0115,2026-05-14,38,149.5,54.4,24.36,1.0,20.2,5.6,2,6.3,5,37.2,122.0,78.0,77.0,81.0,6.0,2.0,5.0,muy mal,high
REC_002485,USR_0125,2026-05-14,29,176.4,74.8,24.04,9.0,30.1,7.0,3,20.1,0,36.0,116.0,74.0,74.0,84.0,2.0,5.0,8.0,bien,low
REC_002612,USR_0131,2026-05-14,53,165.2,72.0,26.37,8.0,32.7,5.6,0,5.1,4,36.5,117.0,92.0,67.0,91.0,6.0,2.0,6.0,muy mal,medium
REC_002628,USR_0132,2026-05-14,49,162.1,63.6,24.2,2.0,0.0,5.1,1,0.0,4,36.5,115.0,74.0,104.0,100.0,6.0,2.0,6.0,regular,high
REC_002806,USR_0141,2026-05-14,40,188.9,123.9,34.71,3.0,0.0,6.0,1,12.1,5,36.8,138.0,83.0,142.0,94.0,7.0,3.0,6.0,mal,high
REC_003102,USR_0156,2026-05-14,49,177.1,72.8,23.22,11.0,77.3,9.3,4,13.0,0,36.9,108.0,69.0,97.0,59.0,2.0,7.0,9.0,muy bien,low
REC_003144,USR_0158,2026-05-14,34,167.3,70.4,25.13,4.0,0.0,4.9,2,0.0,6,36.7,119.0,67.0,83.0,97.0,7.0,2.0,5.0,muy mal,high
REC_003247,USR_0163,2026-05-14,49,158.7,57.9,22.98,9.0,51.9,10.0,3,6.3,0,36.8,123.0,59.0,118.0,73.0,1.0,7.0,9.0,muy bien,low
REC_003264,USR_0164,2026-05-14,53,179.3,78.4,24.4,5.0,1.5,6.4,2,15.5,3,36.8,126.0,77.0,91.0,77.0,5.0,3.0,6.0,bien,medium
REC_003304,USR_0166,2026-05-14,30,161.2,62.4,24.19,8.0,47.3,6.5,3,19.6,0,36.9,124.0,72.0,93.0,57.0,2.0,6.0,7.0,bien,low
REC_003413,USR_0172,2026-05-14,40,173.9,91.5,30.26,2.0,42.0,4.6,1,10.7,5,36.7,112.0,73.0,97.0,72.0,6.0,3.0,5.0,mal,medium
REC_003659,USR_0184,2026-05-14,39,165.9,59.9,21.93,11.0,58.1,7.8,3,27.2,0,37.1,115.0,60.0,98.0,70.0,1.0,7.0,7.0,muy bien,low
REC_003692,USR_0186,2026-05-14,25,169.9,75.5,26.14,5.0,44.4,8.2,4,18.4,2,36.6,124.0,74.0,70.0,74.0,2.0,8.0,8.0,muy bien,low
REC_003839,USR_0193,2026-05-14,35,170.0,93.6,32.4,3.0,58.3,6.7,2,0.0,6,36.4,121.0,74.0,78.0,89.0,6.0,3.0,5.0,mal,medium
REC_003863,USR_0194,2026-05-14,40,174.0,86.0,28.41,7.0,66.3,7.5,2,29.0,0,37.0,125.0,73.0,85.0,78.0,2.0,6.0,8.0,muy bien,low
REC_003882,USR_0195,2026-05-14,52,171.9,81.6,27.6,10.0,53.3,6.2,3,31.2,0,36.5,110.0,84.0,78.0,57.0,1.0,7.0,7.0,bien,low
REC_003898,USR_0196,2026-05-14,30,164.1,48.5,18.01,1.0,2.3,5.0,1,0.0,5,36.6,124.0,69.0,91.0,84.0,7.0,2.0,5.0,muy mal,high
REC_003941,USR_0198,2026-05-14,29,180.5,67.8,20.82,10.0,17.8,9.1,5,15.4,1,36.8,98.0,76.0,95.0,93.0,3.0,6.0,8.0,bien,low
REC_004026,USR_0202,2026-05-14,32,152.2,45.7,19.71,4.0,22.4,6.0,1,0.0,3,36.8,137.0,71.0,94.0,82.0,7.0,2.0,6.0,mal,medium
REC_004319,USR_0216,2026-05-14,40,159.2,81.4,32.13,2.0,13.9,4.4,1,17.1,7,36.7,117.0,84.0,86.0,93.0,7.0,1.0,5.0,muy mal,high
REC_004361,USR_0218,2026-05-14,20,180.2,96.9,29.85,8.0,0.0,6.9,1,0.0,7,37.5,117.0,74.0,100.0,95.0,5.0,3.0,6.0,regular,medium
REC_004436,USR_0222,2026-05-14,62,157.0,77.8,31.57,3.0,0.0,6.5,1,10.5,0,36.8,124.0,78.0,92.0,72.0,4.0,3.0,6.0,regular,high
REC_004553,USR_0228,2026-05-14,38,181.6,83.6,25.36,11.0,37.9,7.7,2,0.0,1,36.1,121.0,53.0,106.0,66.0,3.0,7.0,6.0,bien,low
REC_004628,USR_0232,2026-05-14,66,172.7,60.8,20.38,6.0,0.0,3.8,1,0.0,4,36.6,144.0,76.0,126.0,90.0,8.0,1.0,4.0,muy mal,high
REC_004682,USR_0235,2026-05-14,23,166.5,52.5,18.95,5.0,38.9,7.5,2,30.9,1,37.1,118.0,79.0,106.0,71.0,2.0,7.0,7.0,bien,low
REC_004724,USR_0237,2026-05-14,55,174.9,86.1,28.13,4.0,0.0,5.2,2,0.0,4,36.9,126.0,65.0,95.0,91.0,7.0,2.0,4.0,mal,high
REC_004814,USR_0241,2026-05-14,30,172.4,102.4,34.45,2.0,0.0,7.3,2,19.4,6,36.6,117.0,73.0,91.0,93.0,5.0,2.0,4.0,mal,medium
REC_004856,USR_0243,2026-05-14,18,158.0,42.2,16.89,11.0,68.6,9.6,3,6.0,1,36.1,113.0,78.0,76.0,63.0,1.0,8.0,8.0,muy bien,low
REC_004880,USR_0244,2026-05-14,31,167.7,71.1,25.28,7.0,10.8,5.6,1,0.0,2,37.3,124.0,82.0,84.0,71.0,5.0,3.0,5.0,regular,medium
REC_004922,USR_0246,2026-05-14,24,174.0,57.5,18.98,8.0,0.0,6.0,2,12.6,1,36.9,130.0,69.0,80.0,76.0,3.0,4.0,8.0,regular,medium
REC_004992,USR_0250,2026-05-14,26,149.2,45.8,20.57,0.0,10.0,5.0,0,12.9,4,36.7,112.0,85.0,99.0,94.0,6.0,2.0,4.0,regular,high
REC_000033,USR_0002,2026-05-15,23,179.5,88.1,27.33,1.0,23.4,5.4,1,18.4,6,36.1,136.0,76.0,99.0,90.0,5.0,4.0,7.0,regular,medium
REC_000088,USR_0005,2026-05-15,31,160.5,48.4,18.8,8.0,45.2,7.0,3,20.4,0,36.8,112.0,58.0,71.0,74.0,1.0,8.0,9.0,muy bien,low
REC_000110,USR_0006,2026-05-15,45,184.7,81.3,23.82,2.0,0.0,7.0,3,3.1,6,37.0,119.0,85.0,89.0,110.0,4.0,4.0,5.0,bien,medium
REC_000378,USR_0019,2026-05-15,37,158.9,75.9,29.81,5.0,14.4,7.6,0,0.0,5,36.8,119.0,71.0,74.0,76.0,3.0,4.0,6.0,regular,medium
REC_000484,USR_0024,2026-05-15,37,154.0,55.7,23.48,7.0,55.1,8.3,2,2.3,0,37.3,103.0,63.0,93.0,58.0,1.0,4.0,8.0,bien,low
REC_000544,USR_0027,2026-05-15,57,164.1,74.0,27.47,9.0,32.7,6.3,2,12.1,1,36.3,131.0,78.0,88.0,79.0,5.0,6.0,7.0,regular,low
REC_000647,USR_0032,2026-05-15,42,174.4,90.6,29.79,11.0,50.9,8.2,4,5.1,3,36.6,109.0,73.0,97.0,78.0,2.0,7.0,9.0,muy bien,low
REC_000688,USR_0035,2026-05-15,18,170.8,66.9,22.96,2.0,0.0,3.9,2,9.4,5,36.7,112.0,67.0,103.0,92.0,4.0,2.0,4.0,muy mal,high
REC_000707,USR_0036,2026-05-15,24,168.8,83.3,29.23,4.0,12.9,6.4,2,0.0,6,37.1,111.0,70.0,92.0,78.0,5.0,4.0,6.0,mal,medium
REC_000752,USR_0039,2026-05-15,25,164.7,61.3,22.6,10.0,64.2,7.0,3,24.6,1,36.9,121.0,87.0,105.0,62.0,1.0,8.0,8.0,muy bien,low
REC_000834,USR_0043,2026-05-15,18,151.0,48.8,21.39,6.0,69.1,8.3,3,25.8,0,36.3,119.0,84.0,81.0,65.0,1.0,7.0,8.0,bien,low
REC_000897,USR_0046,2026-05-15,21,182.3,120.2,36.16,2.0,13.3,3.2,0,0.0,7,36.1,109.0,77.0,81.0,94.0,7.0,1.0,3.0,muy mal,high
REC_000915,USR_0047,2026-05-15,25,187.4,83.4,23.76,4.0,0.0,5.0,0,16.8,5,36.5,127.0,62.0,70.0,80.0,7.0,3.0,5.0,muy mal,high
REC_000950,USR_0049,2026-05-15,45,158.8,88.0,34.88,3.0,0.0,6.3,2,3.5,2,36.5,125.0,85.0,77.0,93.0,6.0,6.0,7.0,mal,medium
REC_001063,USR_0054,2026-05-15,47,168.1,47.2,16.69,5.0,30.7,8.2,2,14.9,1,36.6,135.0,65.0,93.0,71.0,1.0,6.0,7.0,bien,low
REC_001139,USR_0058,2026-05-15,18,150.2,45.6,20.2,4.0,21.6,6.0,2,24.4,4,36.2,124.0,71.0,74.0,91.0,6.0,3.0,6.0,regular,medium
REC_001254,USR_0064,2026-05-15,39,154.0,65.5,27.61,8.0,43.2,8.0,2,18.9,1,36.6,116.0,66.0,65.0,84.0,3.0,7.0,9.0,muy bien,low
REC_001310,USR_0067,2026-05-15,54,176.0,106.8,34.47,0.0,1.6,5.7,1,13.8,6,37.1,124.0,82.0,92.0,78.0,6.0,1.0,4.0,mal,high
REC_001333,USR_0068,2026-05-15,27,173.0,81.9,27.37,1.0,7.7,3.6,1,0.0,7,36.7,142.0,78.0,85.0,91.0,5.0,1.0,4.0,muy mal,high
REC_001458,USR_0074,2026-05-15,47,164.5,65.9,24.36,6.0,56.9,7.4,2,15.6,2,36.6,99.0,79.0,57.0,85.0,2.0,5.0,7.0,bien,low
REC_001803,USR_0091,2026-05-15,44,178.1,104.6,32.96,10.0,74.4,7.9,1,8.2,0,36.2,108.0,77.0,91.0,63.0,1.0,8.0,9.0,muy bien,low
REC_001878,USR_0095,2026-05-15,34,180.7,90.4,27.69,0.0,0.0,6.6,2,0.0,4,36.5,114.0,67.0,115.0,85.0,4.0,3.0,5.0,regular,medium
REC_001896,USR_0096,2026-05-15,50,153.1,50.8,21.67,11.0,41.5,8.2,4,7.5,1,36.8,121.0,80.0,105.0,82.0,1.0,8.0,10.0,muy bien,low
REC_001911,USR_0097,2026-05-15,23,163.2,52.3,19.65,8.0,17.7,7.2,2,10.9,4,36.9,110.0,65.0,76.0,95.0,4.0,3.0,8.0,regular,medium
REC_002110,USR_0106,2026-05-15,18,163.3,57.9,21.71,5.0,0.0,5.0,2,0.0,5,35.9,127.0,70.0,101.0,81.0,6.0,3.0,4.0,muy mal,high
REC_002208,USR_0111,2026-05-15,47,170.9,88.7,30.36,5.0,18.5,7.3,2,0.0,2,37.2,109.0,73.0,76.0,64.0,3.0,5.0,7.0,regular,medium
REC_002307,USR_0116,2026-05-15,37,173.7,83.8,27.78,3.0,10.5,4.2,3,5.5,4,36.3,112.0,60.0,73.0,80.0,4.0,2.0,4.0,mal,high
REC_002332,USR_0117,2026-05-15,46,184.7,88.7,26.0,12.0,28.5,8.6,5,12.1,2,36.8,111.0,71.0,76.0,68.0,1.0,8.0,8.0,muy bien,low
REC_002354,USR_0118,2026-05-15,44,154.4,63.8,26.77,8.0,39.2,9.3,4,20.3,2,36.2,135.0,75.0,122.0,77.0,1.0,5.0,9.0,bien,low
REC_002373,USR_0119,2026-05-15,26,177.6,75.3,23.89,7.0,25.1,4.8,0,7.4,5,36.3,136.0,65.0,93.0,81.0,6.0,2.0,5.0,mal,high
REC_002468,USR_0124,2026-05-15,18,168.1,88.3,31.25,10.0,33.4,7.7,3,5.8,0,36.8,109.0,81.0,107.0,74.0,2.0,7.0,7.0,bien,low
REC_002708,USR_0136,2026-05-15,27,162.1,97.4,37.05,5.0,12.7,6.0,3,4.4,4,37.2,124.0,71.0,93.0,73.0,4.0,3.0,5.0,mal,medium
REC_002787,USR_0140,2026-05-15,29,157.3,65.7,26.54,4.0,27.0,8.1,2,0.0,6,36.5,107.0,75.0,75.0,91.0,3.0,3.0,7.0,mal,medium
REC_002807,USR_0141,2026-05-15,40,188.9,124.1,34.76,3.0,33.2,6.7,2,0.0,5,36.2,112.0,72.0,102.0,79.0,6.0,2.0,5.0,mal,medium
REC_002847,USR_0143,2026-05-15,18,163.8,65.0,24.23,10.0,65.8,8.9,4,13.4,0,36.7,109.0,54.0,109.0,71.0,1.0,8.0,8.0,muy bien,low
REC_002892,USR_0145,2026-05-15,23,164.5,52.5,19.4,5.0,24.6,8.0,2,30.7,2,36.8,119.0,77.0,78.0,75.0,2.0,7.0,8.0,bien,low
REC_002997,USR_0150,2026-05-15,37,172.4,50.4,16.95,9.0,46.8,5.9,2,0.0,1,37.1,89.0,70.0,74.0,77.0,2.0,8.0,7.0,muy bien,low
REC_003145,USR_0158,2026-05-15,34,167.3,70.5,25.2,5.0,11.0,5.1,1,10.6,5,37.0,111.0,80.0,89.0,80.0,6.0,2.0,4.0,mal,high
REC_003163,USR_0159,2026-05-15,39,164.1,77.0,28.58,4.0,22.9,6.5,2,18.7,2,37.4,110.0,61.0,96.0,61.0,2.0,5.0,8.0,bien,medium
REC_003282,USR_0165,2026-05-15,50,167.0,79.3,28.45,5.0,18.4,5.5,1,1.3,5,36.1,121.0,73.0,103.0,93.0,4.0,2.0,6.0,regular,medium
REC_003377,USR_0170,2026-05-15,53,167.8,96.0,34.09,1.0,34.0,6.8,1,18.0,2,36.9,119.0,82.0,100.0,72.0,3.0,4.0,8.0,bien,medium
REC_003431,USR_0173,2026-05-15,52,156.9,65.2,26.48,6.0,46.8,7.8,3,11.8,1,36.9,119.0,70.0,67.0,78.0,2.0,8.0,10.0,muy bien,low
REC_003541,USR_0178,2026-05-15,41,163.8,100.1,37.3,7.0,19.7,6.4,2,0.0,5,37.2,140.0,74.0,109.0,90.0,4.0,6.0,7.0,bien,medium
REC_003564,USR_0179,2026-05-15,24,140.0,41.2,21.0,7.0,17.5,8.3,1,0.0,4,36.7,104.0,76.0,112.0,85.0,4.0,4.0,6.0,regular,medium
REC_003619,USR_0182,2026-05-15,53,170.7,73.9,25.38,3.0,7.5,5.7,1,18.0,4,37.4,135.0,73.0,75.0,70.0,5.0,1.0,3.0,muy mal,high
REC_003674,USR_0185,2026-05-15,58,174.0,76.3,25.21,6.0,18.8,4.7,1,18.1,3,36.6,114.0,69.0,87.0,84.0,6.0,1.0,5.0,mal,high
REC_003797,USR_0191,2026-05-15,49,159.4,71.1,27.99,7.0,42.1,6.7,3,17.9,2,36.8,111.0,63.0,89.0,67.0,1.0,4.0,8.0,muy bien,low
REC_003840,USR_0193,2026-05-15,35,170.0,93.6,32.38,6.0,23.2,6.0,1,0.0,4,37.2,110.0,87.0,85.0,87.0,7.0,2.0,4.0,mal,high
REC_003942,USR_0198,2026-05-15,29,180.5,67.8,20.81,9.0,47.5,7.4,1,8.7,1,37.1,110.0,72.0,113.0,83.0,2.0,5.0,9.0,muy bien,low
REC_003962,USR_0199,2026-05-15,22,166.5,76.6,27.63,8.0,53.9,6.3,4,25.1,0,36.5,117.0,84.0,85.0,77.0,2.0,6.0,6.0,bien,low
REC_004027,USR_0202,2026-05-15,32,152.2,45.8,19.76,4.0,22.3,4.4,0,22.6,7,36.6,132.0,69.0,73.0,83.0,7.0,3.0,6.0,muy mal,high
REC_004165,USR_0209,2026-05-15,30,166.3,51.8,18.73,2.0,0.0,5.6,2,0.0,4,36.2,122.0,78.0,60.0,75.0,6.0,1.0,3.0,mal,high
REC_004207,USR_0211,2026-05-15,64,160.6,73.7,28.58,10.0,72.3,7.6,4,30.9,0,36.6,115.0,78.0,95.0,73.0,1.0,7.0,8.0,muy bien,low
REC_004225,USR_0212,2026-05-15,45,154.0,50.7,21.39,6.0,58.8,5.8,1,12.9,6,36.6,110.0,83.0,89.0,78.0,5.0,3.0,6.0,mal,medium
REC_004250,USR_0213,2026-05-15,31,142.0,42.9,21.29,7.0,35.0,6.1,3,16.8,2,36.6,124.0,74.0,81.0,93.0,5.0,4.0,6.0,regular,medium
REC_004320,USR_0216,2026-05-15,40,159.2,81.5,32.17,5.0,17.5,4.1,0,6.0,4,37.0,101.0,67.0,91.0,86.0,5.0,1.0,4.0,mal,high
REC_004343,USR_0217,2026-05-15,19,148.5,55.7,25.25,7.0,69.5,6.5,5,7.8,0,36.6,119.0,68.0,69.0,71.0,2.0,8.0,7.0,bien,low
REC_004395,USR_0220,2026-05-15,18,184.4,111.8,32.88,2.0,0.0,7.5,0,10.2,4,36.1,134.0,71.0,86.0,79.0,4.0,3.0,6.0,regular,medium
REC_004437,USR_0222,2026-05-15,62,157.0,77.8,31.55,9.0,6.0,7.0,4,4.9,3,36.7,126.0,80.0,76.0,75.0,5.0,2.0,5.0,mal,medium
REC_004569,USR_0229,2026-05-15,41,170.1,94.6,32.69,5.0,63.1,6.6,2,15.3,3,36.6,124.0,70.0,87.0,86.0,5.0,2.0,5.0,regular,medium
REC_004591,USR_0230,2026-05-15,70,148.7,68.3,30.88,3.0,17.2,7.5,0,0.0,5,36.9,119.0,72.0,114.0,73.0,5.0,3.0,6.0,muy mal,medium
REC_004725,USR_0237,2026-05-15,55,174.9,86.2,28.16,5.0,0.0,5.3,1,0.0,9,37.0,124.0,75.0,83.0,107.0,6.0,1.0,5.0,muy mal,high
REC_004746,USR_0238,2026-05-15,40,170.5,88.6,30.49,7.0,13.2,6.7,1,10.5,2,36.5,112.0,61.0,81.0,82.0,4.0,2.0,6.0,regular,medium
REC_004795,USR_0240,2026-05-15,19,151.8,82.3,35.7,10.0,26.6,5.0,2,0.1,0,36.7,122.0,80.0,80.0,62.0,5.0,2.0,5.0,regular,medium
REC_004837,USR_0242,2026-05-15,18,147.8,40.6,18.61,8.0,5.6,5.5,2,12.9,6,36.8,148.0,82.0,113.0,94.0,5.0,2.0,4.0,mal,medium
REC_004857,USR_0243,2026-05-15,18,158.0,42.3,16.95,9.0,21.1,7.5,2,16.9,1,36.8,115.0,77.0,68.0,72.0,1.0,8.0,8.0,muy bien,low
REC_000057,USR_0003,2026-05-16,18,157.0,89.5,36.31,6.0,74.4,8.0,4,14.9,1,36.8,111.0,72.0,62.0,81.0,1.0,7.0,10.0,bien,low
REC_000089,USR_0005,2026-05-16,31,160.5,48.0,18.64,7.0,51.9,7.7,4,14.7,2,37.1,116.0,74.0,82.0,83.0,4.0,7.0,8.0,bien,low
REC_000159,USR_0008,2026-05-16,32,161.4,104.0,39.91,5.0,0.0,6.4,2,0.0,3,36.4,119.0,74.0,94.0,95.0,6.0,3.0,7.0,mal,medium
REC_000297,USR_0015,2026-05-16,27,168.2,77.7,27.47,8.0,50.6,7.7,4,19.1,0,36.1,98.0,73.0,56.0,78.0,2.0,4.0,6.0,bien,low
REC_000464,USR_0023,2026-05-16,26,182.6,90.2,27.05,3.0,20.4,6.8,0,25.6,7,36.0,120.0,76.0,65.0,88.0,5.0,3.0,6.0,mal,high
REC_000545,USR_0027,2026-05-16,57,164.1,74.0,27.48,8.0,50.3,5.3,5,25.4,4,36.4,131.0,76.0,91.0,93.0,5.0,5.0,6.0,regular,medium
REC_000569,USR_0028,2026-05-16,55,153.2,70.6,30.1,5.0,4.9,6.2,2,28.4,1,36.4,119.0,87.0,83.0,83.0,3.0,4.0,5.0,regular,medium
REC_000590,USR_0029,2026-05-16,49,153.3,47.7,20.3,11.0,57.9,8.9,2,8.1,0,36.8,119.0,66.0,100.0,77.0,3.0,7.0,9.0,muy bien,low
REC_000734,USR_0038,2026-05-16,31,161.2,72.8,28.0,2.0,16.6,5.1,0,10.0,5,36.6,121.0,68.0,96.0,85.0,7.0,1.0,5.0,mal,high
REC_000862,USR_0044,2026-05-16,34,167.9,68.7,24.38,7.0,54.4,8.1,4,7.0,1,36.6,114.0,69.0,97.0,68.0,2.0,6.0,9.0,muy bien,low
REC_000879,USR_0045,2026-05-16,19,172.5,69.1,23.21,2.0,0.0,3.6,1,13.4,3,36.6,115.0,75.0,87.0,114.0,5.0,3.0,4.0,mal,high
REC_000976,USR_0050,2026-05-16,56,176.1,69.4,22.38,10.0,59.7,7.9,2,2.3,2,37.0,137.0,64.0,85.0,80.0,2.0,8.0,10.0,muy bien,low
REC_001159,USR_0059,2026-05-16,51,165.2,62.7,22.96,8.0,56.6,6.9,1,14.2,2,36.5,124.0,72.0,75.0,64.0,3.0,5.0,6.0,regular,low
REC_001179,USR_0060,2026-05-16,52,174.4,54.3,17.85,6.0,4.4,3.4,3,5.4,5,37.3,112.0,74.0,102.0,74.0,7.0,1.0,5.0,muy mal,high
REC_001359,USR_0069,2026-05-16,53,175.2,81.1,26.41,5.0,27.2,5.9,3,0.0,1,37.3,119.0,79.0,75.0,76.0,3.0,5.0,7.0,bien,low
REC_001380,USR_0070,2026-05-16,44,156.1,56.3,23.11,8.0,2.0,5.6,0,2.4,1,36.0,118.0,79.0,103.0,74.0,4.0,4.0,6.0,regular,medium
REC_001418,USR_0072,2026-05-16,18,189.5,117.0,32.57,9.0,28.5,6.1,2,2.5,4,37.2,100.0,75.0,104.0,93.0,5.0,4.0,7.0,mal,medium
REC_001519,USR_0077,2026-05-16,27,166.1,67.7,24.54,8.0,63.2,7.3,3,25.5,1,36.1,125.0,84.0,85.0,93.0,3.0,5.0,8.0,regular,low
REC_001728,USR_0087,2026-05-16,34,162.7,84.9,32.09,9.0,46.0,7.7,4,7.0,0,36.8,103.0,73.0,136.0,70.0,1.0,6.0,8.0,muy bien,low
REC_001843,USR_0093,2026-05-16,53,173.3,70.4,23.44,9.0,37.5,7.6,3,21.7,1,36.7,117.0,73.0,102.0,79.0,2.0,7.0,9.0,regular,low
REC_002031,USR_0102,2026-05-16,54,171.0,91.2,31.19,4.0,0.4,7.0,1,25.4,1,36.9,120.0,89.0,97.0,73.0,4.0,5.0,6.0,bien,medium
REC_002091,USR_0105,2026-05-16,29,170.0,65.9,22.79,4.0,17.6,5.5,2,12.4,7,36.4,131.0,78.0,83.0,81.0,6.0,2.0,5.0,muy mal,medium
REC_002190,USR_0110,2026-05-16,32,143.6,49.5,23.99,8.0,25.5,5.9,4,17.9,4,36.8,129.0,74.0,74.0,90.0,4.0,4.0,5.0,mal,medium
REC_002693,USR_0135,2026-05-16,60,162.5,87.1,32.99,5.0,26.6,3.9,1,0.0,4,37.5,147.0,79.0,117.0,78.0,7.0,1.0,4.0,muy mal,high
REC_002746,USR_0138,2026-05-16,57,151.4,44.1,19.24,12.0,69.9,6.6,3,16.9,0,36.9,119.0,71.0,105.0,127.0,3.0,6.0,6.0,bien,medium
REC_002808,USR_0141,2026-05-16,40,188.9,124.4,34.85,1.0,21.2,6.7,2,9.7,5,36.8,97.0,78.0,144.0,90.0,6.0,2.0,4.0,mal,high
REC_002874,USR_0144,2026-05-16,22,157.7,41.8,16.79,9.0,11.0,7.7,2,14.5,0,36.3,111.0,66.0,78.0,89.0,3.0,5.0,10.0,bien,low
REC_002912,USR_0146,2026-05-16,58,160.0,67.8,26.47,8.0,81.0,4.7,3,8.5,1,36.5,119.0,82.0,56.0,88.0,3.0,7.0,7.0,muy bien,low
REC_002933,USR_0147,2026-05-16,33,163.0,59.6,22.08,8.0,24.5,8.2,4,42.6,0,36.9,100.0,73.0,97.0,65.0,2.0,7.0,9.0,bien,low
REC_002957,USR_0148,2026-05-16,30,142.0,47.1,23.38,2.0,0.0,4.6,2,0.0,6,36.6,121.0,78.0,100.0,82.0,7.0,3.0,5.0,mal,high
REC_002978,USR_0149,2026-05-16,44,145.3,69.1,32.73,3.0,0.0,3.6,1,14.0,5,36.8,112.0,80.0,99.0,78.0,5.0,1.0,1.0,mal,high
REC_003034,USR_0152,2026-05-16,49,178.9,92.0,28.75,3.0,22.1,3.0,1,0.0,7,36.7,115.0,70.0,85.0,101.0,6.0,2.0,3.0,muy mal,high
REC_003090,USR_0155,2026-05-16,38,188.3,125.5,35.4,2.0,0.0,1.0,1,0.0,7,37.6,115.0,75.0,110.0,99.0,6.0,1.0,1.0,muy mal,high
REC_003125,USR_0157,2026-05-16,33,169.6,62.1,21.58,7.0,3.5,6.4,0,9.5,5,36.3,118.0,78.0,105.0,100.0,7.0,3.0,6.0,regular,medium
REC_003164,USR_0159,2026-05-16,39,164.1,76.9,28.54,5.0,57.3,6.3,4,10.2,2,36.7,121.0,72.0,85.0,66.0,4.0,6.0,7.0,bien,low
REC_003205,USR_0161,2026-05-16,36,157.9,66.4,26.63,2.0,11.7,6.2,1,15.9,4,36.8,137.0,80.0,93.0,80.0,6.0,2.0,4.0,mal,high
REC_003248,USR_0163,2026-05-16,49,158.7,58.1,23.07,10.0,12.5,8.2,4,0.0,1,36.1,134.0,74.0,80.0,70.0,1.0,7.0,9.0,muy bien,low
REC_003265,USR_0164,2026-05-16,53,179.3,78.3,24.35,7.0,1.8,6.9,2,15.1,2,37.0,123.0,65.0,101.0,93.0,2.0,3.0,6.0,regular,medium
REC_003454,USR_0174,2026-05-16,45,162.1,59.5,22.65,12.0,30.2,5.3,3,0.0,3,37.1,131.0,75.0,93.0,90.0,6.0,4.0,6.0,mal,medium
REC_003519,USR_0177,2026-05-16,18,171.9,91.7,31.05,3.0,10.4,6.0,1,0.0,6,37.1,154.0,70.0,57.0,95.0,5.0,3.0,5.0,mal,high
REC_003640,USR_0183,2026-05-16,18,163.7,80.8,30.16,7.0,13.9,6.8,3,4.9,2,36.6,112.0,83.0,83.0,75.0,3.0,7.0,6.0,bien,medium
REC_003693,USR_0186,2026-05-16,25,169.9,75.6,26.2,9.0,66.6,6.4,2,10.0,0,36.9,119.0,78.0,81.0,75.0,2.0,6.0,7.0,bien,low
REC_003883,USR_0195,2026-05-16,52,171.9,81.9,27.72,9.0,68.3,6.7,3,22.0,1,36.6,107.0,71.0,69.0,75.0,1.0,8.0,9.0,muy bien,low
REC_004009,USR_0201,2026-05-16,41,166.5,70.9,25.57,6.0,33.0,5.9,3,7.0,1,37.0,112.0,69.0,76.0,76.0,3.0,4.0,7.0,regular,low
REC_004095,USR_0206,2026-05-16,48,161.0,49.8,19.21,2.0,32.4,5.2,2,16.5,5,37.5,130.0,72.0,117.0,84.0,5.0,2.0,3.0,regular,medium
REC_004143,USR_0208,2026-05-16,40,158.7,92.4,36.69,9.0,27.2,7.4,1,6.6,2,36.8,100.0,68.0,99.0,71.0,6.0,5.0,8.0,regular,medium
REC_004166,USR_0209,2026-05-16,30,166.3,51.9,18.78,5.0,0.0,4.6,1,2.9,5,36.1,118.0,84.0,82.0,83.0,8.0,1.0,4.0,mal,high
REC_004276,USR_0214,2026-05-16,38,162.4,61.6,23.36,11.0,42.6,9.6,2,15.9,1,36.6,114.0,75.0,65.0,78.0,3.0,8.0,9.0,bien,low
REC_004380,USR_0219,2026-05-16,18,176.3,52.8,16.86,8.0,0.0,8.7,3,10.0,1,36.6,135.0,78.0,63.0,82.0,4.0,3.0,7.0,regular,medium
REC_004479,USR_0224,2026-05-16,49,159.6,62.1,24.64,11.0,30.9,7.5,3,26.4,1,36.7,114.0,67.0,80.0,71.0,2.0,7.0,8.0,muy bien,low
REC_004495,USR_0225,2026-05-16,48,174.1,70.0,23.1,5.0,39.7,4.8,1,2.0,5,36.9,127.0,85.0,78.0,83.0,5.0,2.0,4.0,mal,medium
REC_004518,USR_0226,2026-05-16,50,166.7,123.0,44.27,5.0,50.2,6.2,0,17.7,2,37.3,121.0,81.0,95.0,91.0,4.0,4.0,7.0,bien,medium
REC_004629,USR_0232,2026-05-16,66,172.7,60.9,20.43,0.0,34.7,5.7,0,6.8,6,36.2,148.0,74.0,89.0,83.0,6.0,1.0,6.0,mal,high
REC_004770,USR_0239,2026-05-16,47,180.3,95.5,29.38,8.0,52.8,3.5,5,11.0,0,36.7,121.0,70.0,93.0,57.0,1.0,5.0,3.0,regular,medium
REC_004881,USR_0244,2026-05-16,31,167.7,70.8,25.17,7.0,40.1,6.0,2,20.1,3,36.0,99.0,65.0,95.0,78.0,4.0,4.0,7.0,regular,low
REC_004923,USR_0246,2026-05-16,24,174.0,57.3,18.92,4.0,8.2,6.3,4,26.1,5,36.9,112.0,71.0,102.0,92.0,3.0,3.0,6.0,regular,medium
REC_000111,USR_0006,2026-05-17,45,184.7,81.0,23.75,5.0,29.5,6.1,3,16.6,5,37.2,104.0,78.0,65.0,88.0,6.0,2.0,6.0,mal,medium
REC_000218,USR_0011,2026-05-17,27,164.4,46.1,17.06,4.0,5.5,4.5,3,5.6,6,36.6,131.0,86.0,65.0,89.0,8.0,1.0,4.0,muy mal,high
REC_000233,USR_0012,2026-05-17,27,174.4,103.6,34.05,1.0,3.5,4.9,1,0.0,3,36.8,126.0,88.0,82.0,106.0,5.0,1.0,4.0,regular,high
REC_000259,USR_0013,2026-05-17,18,171.6,82.2,27.92,4.0,0.0,8.8,3,3.9,3,37.0,114.0,74.0,90.0,76.0,3.0,5.0,8.0,bien,medium
REC_000277,USR_0014,2026-05-17,18,140.0,55.4,28.26,8.0,17.9,4.2,1,6.2,4,36.7,115.0,73.0,94.0,81.0,4.0,4.0,4.0,regular,medium
REC_000298,USR_0015,2026-05-17,27,168.2,77.8,27.49,7.0,36.6,8.1,5,25.9,0,36.6,113.0,72.0,83.0,84.0,2.0,6.0,8.0,muy bien,low
REC_000340,USR_0017,2026-05-17,32,169.5,66.1,23.01,3.0,0.8,6.8,0,0.0,5,37.1,119.0,77.0,66.0,81.0,5.0,2.0,5.0,mal,high
REC_000546,USR_0027,2026-05-17,57,164.1,74.4,27.61,7.0,26.1,6.5,2,17.7,1,36.6,131.0,86.0,89.0,78.0,6.0,3.0,3.0,mal,medium
REC_000689,USR_0035,2026-05-17,18,170.8,67.2,23.04,1.0,21.9,4.2,0,4.2,7,36.7,119.0,76.0,111.0,96.0,8.0,3.0,6.0,mal,high
REC_000812,USR_0042,2026-05-17,50,149.9,59.4,26.45,10.0,32.9,7.9,2,21.7,1,36.9,132.0,75.0,77.0,82.0,3.0,4.0,7.0,bien,low
REC_000880,USR_0045,2026-05-17,19,172.5,69.2,23.26,1.0,0.0,4.5,1,5.8,6,36.9,122.0,80.0,89.0,77.0,5.0,1.0,4.0,muy mal,high
REC_001081,USR_0055,2026-05-17,57,162.7,51.5,19.47,6.0,30.0,7.1,1,7.9,4,36.1,120.0,79.0,88.0,84.0,9.0,5.0,5.0,regular,medium
REC_001140,USR_0058,2026-05-17,18,150.2,45.2,20.05,6.0,7.2,6.3,0,0.3,4,37.1,113.0,73.0,82.0,90.0,5.0,3.0,6.0,mal,medium
REC_001180,USR_0060,2026-05-17,52,174.4,54.2,17.81,7.0,6.1,5.4,1,18.1,6,37.4,124.0,78.0,71.0,101.0,6.0,2.0,6.0,muy mal,high
REC_001502,USR_0076,2026-05-17,21,168.4,91.0,32.1,6.0,28.1,6.6,2,9.4,6,36.7,128.0,74.0,72.0,93.0,4.0,3.0,7.0,regular,medium
REC_001520,USR_0077,2026-05-17,27,166.1,67.5,24.46,8.0,43.6,5.5,3,29.8,3,36.0,123.0,74.0,82.0,81.0,4.0,6.0,7.0,bien,medium
REC_001546,USR_0078,2026-05-17,40,148.8,54.1,24.43,7.0,36.8,6.3,1,2.1,3,36.6,123.0,72.0,111.0,81.0,6.0,2.0,6.0,regular,medium
REC_001582,USR_0080,2026-05-17,20,165.5,71.6,26.15,3.0,3.4,7.0,0,1.5,6,36.5,124.0,71.0,85.0,98.0,7.0,2.0,5.0,muy mal,high
REC_001729,USR_0087,2026-05-17,34,162.7,85.1,32.14,7.0,56.1,8.9,2,19.9,0,36.2,112.0,77.0,75.0,61.0,1.0,7.0,10.0,bien,low
REC_001766,USR_0089,2026-05-17,18,158.6,90.0,35.79,10.0,66.3,7.9,2,17.2,0,36.7,115.0,69.0,100.0,81.0,1.0,8.0,10.0,muy bien,low
REC_001789,USR_0090,2026-05-17,34,183.3,96.6,28.75,7.0,40.7,6.1,2,14.9,1,37.0,103.0,76.0,85.0,61.0,5.0,5.0,5.0,mal,medium
REC_001844,USR_0093,2026-05-17,53,173.3,70.0,23.29,9.0,37.7,8.4,4,13.4,1,36.6,113.0,74.0,85.0,69.0,1.0,7.0,9.0,bien,low
REC_001863,USR_0094,2026-05-17,55,187.2,89.0,25.4,10.0,41.5,7.7,5,18.0,1,36.5,119.0,82.0,94.0,80.0,3.0,5.0,6.0,bien,low
REC_001897,USR_0096,2026-05-17,50,153.1,50.9,21.7,8.0,35.3,7.6,3,19.6,0,36.6,106.0,80.0,80.0,72.0,1.0,7.0,6.0,muy bien,low
REC_002045,USR_0103,2026-05-17,42,167.4,70.9,25.65,4.0,18.4,5.1,0,13.1,5,37.0,112.0,74.0,88.0,77.0,5.0,4.0,5.0,muy mal,high
REC_002153,USR_0108,2026-05-17,36,165.3,108.4,39.68,7.0,19.4,7.7,1,10.6,0,37.0,98.0,65.0,107.0,80.0,1.0,7.0,8.0,bien,medium
REC_002209,USR_0111,2026-05-17,47,170.9,88.8,30.4,6.0,21.4,6.4,0,14.4,3,36.0,121.0,75.0,91.0,81.0,4.0,5.0,8.0,bien,medium
REC_002308,USR_0116,2026-05-17,37,173.7,83.7,27.74,4.0,0.0,3.8,1,3.2,6,37.3,108.0,82.0,99.0,96.0,6.0,2.0,4.0,mal,high
REC_002355,USR_0118,2026-05-17,44,154.4,63.8,26.78,8.0,66.2,7.4,4,0.0,1,36.5,118.0,75.0,96.0,67.0,1.0,7.0,8.0,muy bien,low
REC_002374,USR_0119,2026-05-17,26,177.6,75.4,23.89,4.0,0.0,7.1,0,0.0,5,36.7,115.0,76.0,119.0,88.0,5.0,2.0,6.0,mal,high
REC_002401,USR_0120,2026-05-17,18,164.7,47.0,17.33,2.0,0.0,5.7,3,0.0,2,37.5,116.0,80.0,91.0,77.0,5.0,3.0,6.0,mal,medium
REC_002453,USR_0123,2026-05-17,29,183.7,72.3,21.42,10.0,5.0,7.5,2,11.5,4,36.5,116.0,72.0,94.0,75.0,9.0,4.0,7.0,mal,medium
REC_002552,USR_0128,2026-05-17,31,166.3,64.4,23.3,6.0,54.3,8.7,1,10.8,0,37.0,113.0,62.0,109.0,81.0,1.0,8.0,10.0,muy bien,low
REC_002613,USR_0131,2026-05-17,53,165.2,71.9,26.34,6.0,4.9,6.2,2,0.0,3,36.7,128.0,87.0,83.0,74.0,7.0,1.0,6.0,mal,medium
REC_002647,USR_0133,2026-05-17,18,151.0,40.1,17.61,13.0,55.0,7.4,2,4.2,0,36.7,116.0,80.0,99.0,79.0,3.0,6.0,7.0,bien,low
REC_002674,USR_0134,2026-05-17,55,153.0,51.7,22.09,7.0,0.0,7.9,0,0.0,5,36.9,115.0,64.0,99.0,91.0,7.0,4.0,5.0,mal,medium
REC_002766,USR_0139,2026-05-17,45,155.6,56.2,23.2,6.0,11.8,7.1,2,3.6,2,36.7,114.0,62.0,79.0,84.0,4.0,4.0,6.0,bien,medium
REC_002788,USR_0140,2026-05-17,29,157.3,65.9,26.64,4.0,16.7,7.1,1,0.2,4,36.7,123.0,79.0,99.0,76.0,5.0,4.0,7.0,regular,medium
REC_002809,USR_0141,2026-05-17,40,188.9,124.5,34.89,2.0,0.0,6.2,1,0.0,5,37.2,132.0,81.0,105.0,94.0,7.0,2.0,6.0,mal,high
REC_002979,USR_0149,2026-05-17,44,145.3,68.9,32.62,1.0,10.7,4.7,2,10.9,3,36.4,120.0,82.0,107.0,99.0,7.0,4.0,4.0,mal,high
REC_003035,USR_0152,2026-05-17,49,178.9,92.0,28.76,3.0,13.9,4.1,1,2.0,6,36.5,123.0,75.0,95.0,97.0,4.0,3.0,3.0,mal,high
REC_003146,USR_0158,2026-05-17,34,167.3,70.7,25.26,4.0,37.9,4.6,4,3.0,6,36.7,112.0,72.0,50.0,105.0,5.0,3.0,4.0,muy mal,medium
REC_003249,USR_0163,2026-05-17,49,158.7,58.0,23.02,10.0,34.5,7.8,3,25.6,1,36.3,110.0,68.0,80.0,74.0,2.0,7.0,8.0,bien,low
REC_003283,USR_0165,2026-05-17,50,167.0,79.2,28.39,3.0,41.4,6.2,4,12.7,1,36.7,129.0,80.0,80.0,62.0,3.0,3.0,6.0,regular,medium
REC_003716,USR_0187,2026-05-17,32,163.7,76.9,28.7,10.0,59.7,9.1,1,10.1,0,37.1,107.0,81.0,105.0,122.0,3.0,8.0,8.0,muy bien,medium
REC_003756,USR_0189,2026-05-17,53,185.5,133.8,38.9,3.0,0.0,5.4,2,0.8,4,36.5,140.0,80.0,98.0,78.0,6.0,1.0,4.0,mal,high
REC_003820,USR_0192,2026-05-17,34,158.4,88.1,35.1,6.0,20.7,1.2,0,0.0,4,36.5,127.0,77.0,92.0,103.0,8.0,1.0,1.0,muy mal,high
REC_003864,USR_0194,2026-05-17,40,174.0,85.7,28.3,10.0,65.3,5.9,3,26.2,0,36.8,113.0,87.0,96.0,76.0,2.0,6.0,8.0,mal,low
REC_003963,USR_0199,2026-05-17,22,166.5,76.8,27.7,7.0,44.3,8.0,2,7.2,1,36.5,116.0,73.0,104.0,66.0,2.0,8.0,7.0,muy bien,low
REC_004028,USR_0202,2026-05-17,32,152.2,45.5,19.65,7.0,0.0,4.4,0,0.0,4,36.9,130.0,78.0,68.0,87.0,8.0,1.0,3.0,muy mal,high
REC_004344,USR_0217,2026-05-17,19,148.5,55.5,25.18,8.0,40.9,8.3,3,20.0,0,37.6,110.0,65.0,64.0,81.0,1.0,8.0,9.0,muy bien,low
REC_004396,USR_0220,2026-05-17,18,184.4,111.7,32.85,8.0,3.0,4.8,0,14.7,4,36.7,110.0,65.0,107.0,88.0,4.0,3.0,5.0,mal,high
REC_004413,USR_0221,2026-05-17,41,186.2,86.2,24.86,12.0,26.4,7.6,2,21.9,2,36.6,125.0,52.0,57.0,77.0,1.0,7.0,7.0,muy bien,medium
REC_004438,USR_0222,2026-05-17,62,157.0,77.7,31.51,6.0,0.0,5.9,2,0.5,3,37.1,127.0,67.0,107.0,102.0,5.0,2.0,6.0,mal,medium
REC_004457,USR_0223,2026-05-17,36,158.4,76.2,30.09,2.0,0.0,5.6,1,0.7,5,36.3,117.0,89.0,86.0,99.0,7.0,2.0,2.0,muy mal,high
REC_004592,USR_0230,2026-05-17,70,148.7,68.2,30.83,5.0,49.2,7.6,1,0.0,5,36.7,124.0,75.0,114.0,71.0,5.0,3.0,6.0,regular,low
REC_004747,USR_0238,2026-05-17,40,170.5,88.7,30.52,5.0,24.9,6.6,1,0.0,1,36.5,111.0,73.0,87.0,80.0,5.0,3.0,7.0,mal,medium
REC_004815,USR_0241,2026-05-17,30,172.4,103.5,34.39,6.0,11.8,5.5,3,20.7,4,37.3,103.0,77.0,113.0,94.0,4.0,2.0,5.0,mal,medium
REC_004961,USR_0248,2026-05-17,35,183.9,58.4,17.28,5.0,36.8,6.4,2,7.0,2,36.4,114.0,75.0,99.0,85.0,4.0,4.0,7.0,bien,medium
REC_000177,USR_0009,2026-05-18,45,164.2,58.6,21.73,5.0,50.7,7.8,5,11.7,0,36.7,112.0,65.0,83.0,74.0,1.0,6.0,8.0,muy bien,low
REC_000278,USR_0014,2026-05-18,18,140.0,55.4,28.25,8.0,21.8,5.8,3,10.9,2,37.2,126.0,77.0,75.0,78.0,4.0,4.0,6.0,mal,medium
REC_000299,USR_0015,2026-05-18,27,168.2,78.0,27.57,10.0,38.5,7.7,3,16.9,2,36.2,119.0,66.0,99.0,69.0,1.0,6.0,8.0,muy bien,low
REC_000363,USR_0018,2026-05-18,27,169.5,73.7,25.66,4.0,5.8,4.5,1,0.0,4,36.1,114.0,68.0,77.0,91.0,6.0,1.0,3.0,muy mal,high
REC_000417,USR_0021,2026-05-18,18,158.0,81.1,32.48,4.0,0.0,5.2,1,9.4,6,36.6,126.0,76.0,99.0,79.0,5.0,4.0,6.0,mal,high
REC_000485,USR_0024,2026-05-18,37,154.0,55.8,23.55,8.0,7.0,8.3,3,0.0,0,36.6,116.0,56.0,87.0,77.0,5.0,8.0,8.0,regular,medium
REC_000547,USR_0027,2026-05-18,57,164.1,74.2,27.54,9.0,45.4,7.2,1,7.8,4,36.4,129.0,70.0,102.0,80.0,6.0,4.0,8.0,regular,medium
REC_000690,USR_0035,2026-05-18,18,170.8,67.1,23.02,7.0,35.0,5.0,0,11.3,4,36.1,118.0,73.0,111.0,78.0,6.0,1.0,5.0,mal,medium
REC_000797,USR_0041,2026-05-18,43,159.4,69.1,27.19,9.0,50.3,8.5,2,36.9,0,36.6,107.0,71.0,83.0,82.0,1.0,8.0,8.0,muy bien,low
REC_000835,USR_0043,2026-05-18,18,151.0,48.9,21.45,11.0,69.6,7.1,1,12.1,2,36.5,96.0,70.0,75.0,68.0,2.0,7.0,8.0,muy bien,low
REC_001097,USR_0056,2026-05-18,60,165.5,53.6,19.58,2.0,51.8,7.1,1,13.4,3,36.3,121.0,66.0,92.0,77.0,2.0,7.0,6.0,bien,low
REC_001120,USR_0057,2026-05-18,33,172.5,83.4,28.01,12.0,49.1,7.3,3,3.2,0,36.4,114.0,74.0,99.0,58.0,1.0,6.0,10.0,muy bien,low
REC_001181,USR_0060,2026-05-18,52,174.4,54.0,17.74,8.0,20.5,6.7,0,0.5,5,36.3,123.0,70.0,87.0,86.0,7.0,2.0,5.0,mal,medium
REC_001419,USR_0072,2026-05-18,18,189.5,117.2,32.64,3.0,21.4,6.2,5,0.0,3,37.0,115.0,70.0,113.0,88.0,4.0,3.0,6.0,regular,medium
REC_001566,USR_0079,2026-05-18,36,177.6,67.6,21.42,5.0,36.5,6.6,2,0.0,3,36.5,126.0,64.0,91.0,80.0,5.0,4.0,6.0,regular,medium
REC_001705,USR_0086,2026-05-18,36,181.9,111.1,33.58,6.0,0.0,6.1,0,0.0,5,36.5,115.0,60.0,90.0,90.0,5.0,1.0,4.0,mal,high
REC_001748,USR_0088,2026-05-18,30,162.3,60.6,23.0,11.0,0.0,7.3,3,11.8,4,36.2,124.0,62.0,65.0,86.0,4.0,3.0,6.0,bien,medium
REC_001804,USR_0091,2026-05-18,44,178.1,104.4,32.92,8.0,71.2,8.7,2,11.4,2,37.0,134.0,67.0,114.0,64.0,1.0,8.0,10.0,muy bien,low
REC_001912,USR_0097,2026-05-18,23,163.2,52.3,19.65,9.0,66.3,5.5,4,0.0,3,37.0,119.0,70.0,72.0,75.0,3.0,4.0,7.0,regular,low
REC_002063,USR_0104,2026-05-18,31,181.5,102.2,31.02,8.0,45.8,6.9,2,18.8,2,36.5,121.0,72.0,89.0,81.0,3.0,6.0,8.0,bien,low
REC_002130,USR_0107,2026-05-18,43,166.8,82.7,29.73,5.0,17.0,6.4,4,4.9,4,36.4,129.0,72.0,70.0,90.0,5.0,2.0,5.0,mal,medium
REC_002249,USR_0113,2026-05-18,36,165.6,55.3,20.18,7.0,47.4,7.7,3,6.0,0,36.7,110.0,61.0,94.0,72.0,3.0,7.0,9.0,muy bien,low
REC_002375,USR_0119,2026-05-18,26,177.6,75.4,23.9,6.0,16.7,7.6,1,0.4,3,37.3,123.0,76.0,97.0,80.0,4.0,1.0,5.0,mal,medium
REC_002454,USR_0123,2026-05-18,29,183.7,72.2,21.4,5.0,34.0,5.5,3,14.4,6,36.3,119.0,68.0,79.0,93.0,6.0,2.0,4.0,mal,medium
REC_002614,USR_0131,2026-05-18,53,165.2,71.6,26.23,12.0,15.2,6.9,0,0.0,3,36.7,136.0,82.0,118.0,89.0,4.0,3.0,6.0,bien,medium
REC_002629,USR_0132,2026-05-18,49,162.1,63.3,24.1,1.0,25.2,4.0,1,24.2,5,36.7,121.0,62.0,114.0,88.0,8.0,4.0,3.0,mal,high
REC_002648,USR_0133,2026-05-18,18,151.0,40.2,17.63,13.0,76.8,5.8,3,13.3,0,36.7,110.0,81.0,81.0,71.0,3.0,7.0,7.0,bien,low
REC_002789,USR_0140,2026-05-18,29,157.3,65.8,26.59,4.0,26.1,7.0,1,18.5,7,36.7,119.0,87.0,100.0,87.0,5.0,3.0,6.0,mal,medium
REC_002893,USR_0145,2026-05-18,23,164.5,52.6,19.44,6.0,45.8,7.4,3,8.4,2,36.7,102.0,75.0,87.0,62.0,3.0,5.0,8.0,bien,low
REC_003077,USR_0154,2026-05-18,45,180.2,90.5,27.88,7.0,78.0,7.7,1,28.4,0,36.5,117.0,78.0,86.0,79.0,1.0,8.0,7.0,muy bien,low
REC_003147,USR_0158,2026-05-18,34,167.3,70.7,25.27,7.0,23.5,5.9,2,9.7,5,36.6,115.0,68.0,91.0,88.0,6.0,1.0,4.0,mal,medium
REC_003250,USR_0163,2026-05-18,49,158.7,57.9,22.97,6.0,49.1,8.5,3,34.9,4,36.7,119.0,77.0,82.0,69.0,1.0,4.0,8.0,muy bien,medium
REC_003343,USR_0168,2026-05-18,49,179.1,118.7,37.0,4.0,1.1,5.1,0,6.2,4,36.4,116.0,79.0,94.0,102.0,5.0,1.0,4.0,mal,high
REC_003359,USR_0169,2026-05-18,44,183.3,104.6,31.13,7.0,7.7,6.4,1,7.6,4,36.7,99.0,86.0,141.0,81.0,5.0,2.0,7.0,mal,medium
REC_003432,USR_0173,2026-05-18,52,156.9,65.0,26.41,7.0,58.5,8.0,2,37.7,0,36.4,92.0,71.0,80.0,72.0,1.0,7.0,8.0,bien,low
REC_003542,USR_0178,2026-05-18,41,163.8,100.0,37.26,4.0,30.9,7.2,3,20.3,2,37.1,114.0,63.0,108.0,75.0,4.0,4.0,8.0,regular,medium
REC_003660,USR_0184,2026-05-18,39,165.9,60.3,21.92,6.0,21.3,9.3,2,6.2,1,36.9,123.0,64.0,82.0,71.0,1.0,8.0,10.0,muy bien,low
REC_003675,USR_0185,2026-05-18,58,174.0,76.4,25.23,1.0,11.8,4.4,0,18.8,5,37.1,125.0,92.0,83.0,86.0,6.0,1.0,3.0,muy mal,high
REC_003717,USR_0187,2026-05-18,32,163.7,76.9,28.71,8.0,33.8,9.2,5,1.1,2,36.4,119.0,74.0,64.0,76.0,2.0,6.0,8.0,muy bien,low
REC_003899,USR_0196,2026-05-18,30,164.1,48.3,17.94,7.0,4.7,6.0,1,0.0,4,36.5,116.0,78.0,71.0,84.0,5.0,1.0,5.0,mal,high
REC_003943,USR_0198,2026-05-18,29,180.5,67.7,20.79,7.0,36.6,7.5,2,22.9,0,36.6,118.0,71.0,91.0,81.0,1.0,7.0,7.0,muy bien,low
REC_004251,USR_0213,2026-05-18,31,142.0,42.7,21.18,4.0,12.6,6.2,3,18.2,5,36.2,121.0,68.0,92.0,85.0,3.0,4.0,6.0,mal,medium
REC_004858,USR_0243,2026-05-18,18,158.0,42.4,16.98,9.0,59.5,6.5,3,2.5,1,37.0,126.0,71.0,99.0,93.0,1.0,7.0,7.0,muy bien,low
REC_000034,USR_0002,2026-05-19,23,179.5,88.0,27.32,3.0,0.0,6.5,2,8.0,5,36.7,112.0,70.0,100.0,90.0,4.0,4.0,5.0,regular,medium
REC_000178,USR_0009,2026-05-19,45,164.2,58.5,21.71,8.0,48.0,7.7,3,31.4,1,36.7,113.0,75.0,96.0,72.0,1.0,6.0,8.0,bien,low
REC_000234,USR_0012,2026-05-19,27,174.4,103.6,34.06,3.0,42.2,4.8,2,4.7,6,37.0,131.0,78.0,95.0,92.0,6.0,2.0,4.0,mal,medium
REC_000591,USR_0029,2026-05-19,49,153.3,47.7,20.32,8.0,37.3,8.9,3,29.5,0,36.1,104.0,70.0,73.0,73.0,2.0,7.0,9.0,mal,low
REC_000735,USR_0038,2026-05-19,31,161.2,72.9,28.07,6.0,9.2,4.9,1,0.0,5,36.4,118.0,74.0,103.0,92.0,7.0,3.0,6.0,mal,medium
REC_000753,USR_0039,2026-05-19,25,164.7,61.3,22.59,13.0,50.9,8.1,1,19.4,5,36.9,129.0,57.0,82.0,69.0,1.0,8.0,8.0,muy bien,medium
REC_000798,USR_0041,2026-05-19,43,159.4,69.2,27.22,8.0,68.3,9.4,4,27.5,0,36.6,142.0,70.0,72.0,66.0,1.0,8.0,8.0,bien,low
REC_000813,USR_0042,2026-05-19,50,149.9,59.3,26.4,7.0,53.5,6.9,2,12.9,3,36.6,118.0,76.0,77.0,94.0,2.0,6.0,6.0,bien,low
REC_000836,USR_0043,2026-05-19,18,151.0,48.9,21.43,10.0,50.4,8.0,2,7.7,0,37.3,129.0,76.0,83.0,69.0,4.0,7.0,6.0,bien,low
REC_000881,USR_0045,2026-05-19,19,172.5,69.0,23.18,8.0,0.0,4.0,0,14.4,3,36.8,132.0,73.0,76.0,77.0,5.0,2.0,5.0,regular,high
REC_000931,USR_0048,2026-05-19,36,185.3,89.7,26.14,5.0,21.1,6.9,2,10.5,3,36.6,124.0,85.0,106.0,83.0,4.0,2.0,7.0,regular,medium
REC_001141,USR_0058,2026-05-19,18,150.2,45.4,20.12,7.0,24.8,6.3,4,0.0,2,36.9,132.0,73.0,73.0,78.0,6.0,3.0,5.0,regular,medium
REC_001603,USR_0081,2026-05-19,18,167.4,103.8,37.03,7.0,40.2,6.3,0,4.1,6,36.4,117.0,71.0,91.0,72.0,6.0,1.0,5.0,mal,medium
REC_001620,USR_0082,2026-05-19,51,145.3,53.9,25.54,9.0,48.2,7.8,1,11.3,0,35.9,119.0,77.0,94.0,74.0,2.0,7.0,9.0,muy bien,low
REC_001646,USR_0083,2026-05-19,54,169.8,76.6,26.56,6.0,38.2,5.9,2,12.2,7,37.2,140.0,77.0,100.0,78.0,4.0,2.0,6.0,mal,medium
REC_001706,USR_0086,2026-05-19,36,181.9,111.1,33.58,3.0,6.2,5.6,2,9.1,4,36.7,135.0,77.0,119.0,83.0,5.0,1.0,2.0,muy mal,high
REC_001767,USR_0089,2026-05-19,18,158.6,90.2,35.86,8.0,70.0,7.7,3,24.0,1,36.7,107.0,83.0,70.0,75.0,1.0,8.0,9.0,muy bien,low
REC_001963,USR_0099,2026-05-19,36,171.7,62.3,21.14,4.0,31.6,5.6,1,20.0,1,36.7,118.0,74.0,86.0,74.0,4.0,3.0,6.0,regular,medium
REC_002006,USR_0101,2026-05-19,20,147.8,45.4,20.77,5.0,0.0,4.7,1,8.5,4,36.5,118.0,85.0,92.0,83.0,7.0,1.0,6.0,muy mal,high
REC_002064,USR_0104,2026-05-19,31,181.5,102.3,31.06,9.0,28.6,7.2,5,15.2,2,36.9,98.0,75.0,91.0,86.0,4.0,6.0,8.0,mal,low
REC_002092,USR_0105,2026-05-19,29,170.0,66.0,22.83,5.0,28.4,6.4,1,7.2,7,36.3,119.0,76.0,83.0,92.0,5.0,2.0,8.0,regular,medium
REC_002210,USR_0111,2026-05-19,47,170.9,88.8,30.4,6.0,38.3,7.7,1,8.8,2,37.1,103.0,71.0,89.0,85.0,3.0,5.0,8.0,bien,low
REC_002309,USR_0116,2026-05-19,37,173.7,83.7,27.73,3.0,0.0,5.8,2,13.2,6,36.8,110.0,73.0,68.0,99.0,7.0,2.0,4.0,muy mal,high
REC_002356,USR_0118,2026-05-19,44,154.4,63.6,26.67,10.0,42.5,8.1,2,20.6,0,36.3,127.0,67.0,81.0,63.0,1.0,8.0,7.0,bien,low
REC_002402,USR_0120,2026-05-19,18,164.7,47.3,17.43,4.0,44.1,5.3,2,0.0,2,37.3,133.0,70.0,108.0,76.0,5.0,2.0,8.0,regular,medium
REC_002419,USR_0121,2026-05-19,56,161.4,82.7,31.74,7.0,43.0,9.0,3,13.5,1,36.7,141.0,81.0,95.0,67.0,2.0,6.0,10.0,muy bien,low
REC_002525,USR_0127,2026-05-19,23,162.0,62.8,23.94,8.0,59.6,7.3,3,8.8,0,36.5,116.0,77.0,66.0,75.0,2.0,5.0,8.0,bien,low
REC_002726,USR_0137,2026-05-19,36,173.1,67.4,22.49,6.0,17.5,5.1,1,0.0,3,37.2,113.0,69.0,73.0,80.0,6.0,4.0,5.0,regular,medium
REC_002747,USR_0138,2026-05-19,57,151.4,44.2,19.28,9.0,40.4,8.0,3,12.1,2,36.5,117.0,76.0,74.0,72.0,2.0,6.0,8.0,bien,low
REC_002810,USR_0141,2026-05-19,40,188.9,124.8,34.96,6.0,0.0,4.7,2,9.1,5,36.8,146.0,82.0,113.0,82.0,9.0,1.0,4.0,muy mal,high
REC_002848,USR_0143,2026-05-19,18,163.8,65.0,24.22,10.0,50.9,6.8,3,11.7,2,36.4,124.0,68.0,107.0,74.0,1.0,7.0,7.0,bien,low
REC_003036,USR_0152,2026-05-19,49,178.9,92.0,28.73,0.0,0.0,4.0,1,6.3,5,36.4,142.0,70.0,90.0,99.0,7.0,2.0,4.0,muy mal,high
REC_003062,USR_0153,2026-05-19,18,169.3,59.5,20.78,2.0,11.1,6.3,2,1.3,3,37.0,111.0,68.0,99.0,86.0,4.0,5.0,6.0,regular,medium
REC_003091,USR_0155,2026-05-19,38,188.3,125.5,35.38,6.0,0.0,3.0,3,10.2,6,36.5,126.0,79.0,119.0,89.0,6.0,2.0,5.0,mal,high
REC_003126,USR_0157,2026-05-19,33,169.6,62.2,21.62,4.0,19.8,4.8,1,0.5,3,36.7,103.0,82.0,91.0,81.0,10.0,1.0,2.0,muy mal,high
REC_003251,USR_0163,2026-05-19,49,158.7,58.0,23.04,11.0,36.9,9.0,4,25.4,2,36.6,119.0,71.0,86.0,88.0,2.0,6.0,8.0,bien,low
REC_003344,USR_0168,2026-05-19,49,179.1,118.8,37.02,2.0,11.2,3.9,1,0.0,6,37.2,111.0,70.0,126.0,91.0,7.0,1.0,4.0,muy mal,high
REC_003496,USR_0176,2026-05-19,21,188.0,108.0,30.55,2.0,19.8,5.2,0,4.1,6,36.6,126.0,82.0,121.0,90.0,6.0,1.0,6.0,mal,high
REC_003565,USR_0179,2026-05-19,24,140.0,41.2,21.03,2.0,36.3,7.5,1,0.0,3,36.6,122.0,75.0,97.0,66.0,5.0,2.0,7.0,mal,medium
REC_003821,USR_0192,2026-05-19,34,158.4,87.3,35.2,7.0,13.5,3.0,0,3.8,4,36.6,126.0,74.0,80.0,93.0,6.0,4.0,3.0,muy mal,high
REC_003964,USR_0199,2026-05-19,22,166.5,76.5,27.61,6.0,48.1,8.1,2,8.1,1,36.8,111.0,81.0,72.0,67.0,1.0,8.0,8.0,muy bien,low
REC_003983,USR_0200,2026-05-19,28,154.0,58.7,24.77,2.0,40.8,8.3,2,0.0,6,37.3,115.0,74.0,115.0,79.0,3.0,3.0,5.0,regular,medium
REC_004057,USR_0204,2026-05-19,43,182.8,84.9,25.42,9.0,61.0,8.1,2,4.1,0,36.8,104.0,71.0,96.0,76.0,1.0,8.0,7.0,bien,low
REC_004144,USR_0208,2026-05-19,40,158.7,92.4,36.7,10.0,31.8,6.7,0,5.7,3,36.4,121.0,67.0,110.0,63.0,5.0,4.0,7.0,regular,medium
REC_004252,USR_0213,2026-05-19,31,142.0,42.6,21.14,8.0,39.0,4.9,3,4.3,3,36.9,123.0,63.0,77.0,93.0,6.0,2.0,3.0,mal,medium
REC_004362,USR_0218,2026-05-19,20,180.2,97.0,29.87,4.0,0.0,6.5,1,0.0,5,37.3,141.0,80.0,105.0,80.0,5.0,3.0,3.0,mal,high
REC_004648,USR_0233,2026-05-19,36,167.5,72.2,25.73,2.0,21.9,4.3,0,15.3,4,37.0,103.0,82.0,87.0,90.0,7.0,3.0,5.0,mal,medium
REC_004683,USR_0235,2026-05-19,23,166.5,52.8,19.03,7.0,33.9,6.4,2,2.8,3,36.6,121.0,82.0,83.0,69.0,1.0,7.0,8.0,regular,low
REC_004771,USR_0239,2026-05-19,47,180.3,95.4,29.35,5.0,34.0,4.9,3,8.1,1,36.9,133.0,77.0,107.0,75.0,3.0,6.0,8.0,bien,low
REC_004859,USR_0243,2026-05-19,18,158.0,42.2,16.91,5.0,64.9,9.0,2,20.6,0,37.0,118.0,73.0,90.0,73.0,1.0,7.0,10.0,muy bien,low
REC_004899,USR_0245,2026-05-19,35,168.5,50.7,17.87,8.0,0.0,6.7,1,0.0,5,37.7,123.0,80.0,91.0,102.0,4.0,2.0,7.0,regular,medium
REC_004940,USR_0247,2026-05-19,51,145.1,40.4,19.18,4.0,22.1,5.0,0,0.0,3,37.0,128.0,78.0,81.0,82.0,7.0,2.0,5.0,mal,high
REC_004993,USR_0250,2026-05-19,26,149.2,45.7,20.53,3.0,0.0,5.4,1,3.3,5,36.7,119.0,92.0,78.0,85.0,6.0,1.0,5.0,muy mal,high
REC_000112,USR_0006,2026-05-20,45,184.7,81.0,23.74,4.0,53.2,6.3,1,8.2,4,37.0,111.0,79.0,89.0,91.0,5.0,2.0,7.0,bien,low
REC_000179,USR_0009,2026-05-20,45,164.2,58.2,21.57,7.0,26.2,7.8,4,5.2,0,36.4,123.0,75.0,71.0,78.0,1.0,5.0,7.0,muy bien,low
REC_000418,USR_0021,2026-05-20,18,158.0,81.2,32.53,3.0,0.0,5.2,1,15.0,7,36.8,123.0,79.0,83.0,79.0,4.0,3.0,2.0,regular,high
REC_000465,USR_0023,2026-05-20,26,182.6,90.4,27.1,8.0,63.8,6.7,3,0.7,2,37.2,117.0,74.0,84.0,83.0,5.0,3.0,5.0,mal,low
REC_000837,USR_0043,2026-05-20,18,151.0,49.3,21.62,6.0,59.2,8.7,3,16.0,3,36.9,109.0,64.0,115.0,81.0,3.0,7.0,6.0,bien,low
REC_000932,USR_0048,2026-05-20,36,185.3,89.8,26.15,8.0,14.0,7.5,2,21.3,3,36.8,110.0,72.0,112.0,84.0,5.0,3.0,6.0,regular,medium
REC_001381,USR_0070,2026-05-20,44,156.1,56.3,23.09,8.0,31.4,5.2,1,20.4,2,37.3,115.0,79.0,67.0,81.0,4.0,5.0,7.0,bien,medium
REC_001401,USR_0071,2026-05-20,29,163.4,65.3,24.45,2.0,17.1,6.6,2,13.2,5,36.9,147.0,75.0,86.0,99.0,6.0,1.0,5.0,mal,medium
REC_001420,USR_0072,2026-05-20,18,189.5,117.2,32.63,5.0,14.0,5.6,2,2.6,3,36.1,125.0,70.0,104.0,81.0,4.0,3.0,7.0,regular,medium
REC_001604,USR_0081,2026-05-20,18,167.4,103.8,37.03,4.0,21.4,5.4,1,0.0,3,36.8,119.0,74.0,73.0,82.0,5.0,2.0,6.0,mal,medium
REC_001666,USR_0084,2026-05-20,44,158.0,54.4,21.78,9.0,31.7,7.3,2,18.1,0,36.6,107.0,74.0,86.0,89.0,3.0,7.0,7.0,muy bien,low
REC_001707,USR_0086,2026-05-20,36,181.9,111.2,33.59,2.0,13.5,5.9,0,0.0,5,36.6,99.0,78.0,79.0,96.0,5.0,1.0,5.0,mal,high
REC_001749,USR_0088,2026-05-20,30,162.3,60.9,23.11,8.0,6.7,7.1,1,0.0,5,37.0,114.0,69.0,83.0,108.0,6.0,4.0,6.0,regular,medium
REC_002093,USR_0105,2026-05-20,29,170.0,66.1,22.89,9.0,8.7,7.2,3,0.0,6,37.4,124.0,54.0,89.0,78.0,4.0,2.0,5.0,mal,medium
REC_002111,USR_0106,2026-05-20,18,163.3,57.8,21.69,4.0,21.2,5.0,4,14.7,6,36.1,143.0,79.0,61.0,85.0,6.0,3.0,6.0,regular,medium
REC_002131,USR_0107,2026-05-20,43,166.8,83.0,29.82,8.0,51.8,6.2,4,0.0,8,36.6,133.0,61.0,116.0,76.0,6.0,2.0,6.0,mal,medium
REC_002211,USR_0111,2026-05-20,47,170.9,88.8,30.41,6.0,41.6,6.7,2,7.5,0,37.1,120.0,59.0,68.0,70.0,4.0,4.0,6.0,regular,low
REC_002310,USR_0116,2026-05-20,37,173.7,83.8,27.78,5.0,30.8,5.5,4,8.2,7,37.1,123.0,72.0,72.0,95.0,7.0,2.0,6.0,mal,medium
REC_002420,USR_0121,2026-05-20,56,161.4,82.6,31.69,12.0,60.7,8.5,4,33.1,0,37.2,116.0,63.0,105.0,70.0,1.0,7.0,10.0,muy bien,low
REC_002437,USR_0122,2026-05-20,25,171.8,68.5,23.22,8.0,41.6,6.3,2,2.6,2,36.7,114.0,72.0,95.0,87.0,5.0,4.0,6.0,regular,medium
REC_002507,USR_0126,2026-05-20,48,177.6,81.6,25.87,3.0,23.2,5.2,2,8.3,7,36.6,128.0,72.0,88.0,79.0,4.0,3.0,6.0,regular,medium
REC_002649,USR_0133,2026-05-20,18,151.0,40.3,17.65,12.0,66.8,7.6,3,5.7,0,35.9,120.0,71.0,93.0,80.0,1.0,8.0,7.0,muy bien,low
REC_002748,USR_0138,2026-05-20,57,151.4,44.2,19.28,7.0,44.7,8.4,4,9.2,0,36.6,119.0,70.0,96.0,75.0,3.0,7.0,10.0,bien,low
REC_002811,USR_0141,2026-05-20,40,188.9,124.5,34.89,5.0,22.1,6.1,1,0.0,4,36.4,131.0,80.0,95.0,81.0,8.0,2.0,6.0,mal,medium
REC_002849,USR_0143,2026-05-20,18,163.8,65.1,24.24,7.0,47.1,6.8,3,5.3,0,36.6,117.0,74.0,71.0,77.0,1.0,7.0,8.0,bien,low
REC_002998,USR_0150,2026-05-20,37,172.4,50.5,16.98,7.0,51.5,5.6,4,15.3,0,36.5,116.0,74.0,83.0,67.0,3.0,7.0,8.0,muy bien,low
REC_003037,USR_0152,2026-05-20,49,178.9,91.9,28.71,4.0,0.0,5.7,0,0.0,3,36.2,131.0,78.0,93.0,87.0,8.0,2.0,5.0,mal,high
REC_003252,USR_0163,2026-05-20,49,158.7,58.0,23.04,9.0,34.7,8.7,3,18.6,3,36.6,113.0,69.0,89.0,75.0,4.0,7.0,9.0,bien,low
REC_003321,USR_0167,2026-05-20,34,154.2,70.4,29.61,8.0,17.2,6.9,1,19.0,0,36.2,112.0,71.0,63.0,72.0,2.0,8.0,8.0,muy bien,low
REC_003392,USR_0171,2026-05-20,70,149.8,59.2,26.36,7.0,16.3,6.0,2,12.2,2,36.6,127.0,76.0,112.0,81.0,4.0,3.0,8.0,bien,medium
REC_003414,USR_0172,2026-05-20,40,173.9,91.6,30.29,2.0,13.1,3.5,1,11.2,5,37.4,117.0,73.0,75.0,108.0,4.0,1.0,4.0,muy mal,high
REC_003433,USR_0173,2026-05-20,52,156.9,64.8,26.32,8.0,21.3,8.5,4,15.4,1,36.6,125.0,67.0,70.0,87.0,3.0,7.0,9.0,bien,low
REC_003620,USR_0182,2026-05-20,53,170.7,73.8,25.33,5.0,5.7,6.0,2,2.6,4,37.0,119.0,71.0,78.0,98.0,6.0,1.0,4.0,mal,high
REC_003694,USR_0186,2026-05-20,25,169.9,75.3,26.1,9.0,45.1,7.5,2,0.4,0,36.9,125.0,72.0,97.0,78.0,2.0,5.0,7.0,bien,low
REC_003733,USR_0188,2026-05-20,29,163.2,53.7,20.15,2.0,0.0,6.2,3,13.6,3,37.2,125.0,80.0,87.0,97.0,7.0,1.0,4.0,muy mal,high
REC_003798,USR_0191,2026-05-20,49,159.4,70.9,27.89,6.0,71.1,8.0,1,6.6,2,36.9,116.0,78.0,99.0,64.0,1.0,7.0,9.0,bien,low
REC_003841,USR_0193,2026-05-20,35,170.0,93.5,32.34,4.0,0.0,6.2,2,11.4,6,36.4,104.0,63.0,93.0,97.0,7.0,2.0,7.0,mal,low
REC_003865,USR_0194,2026-05-20,40,174.0,85.6,28.28,12.0,62.0,6.0,4,9.3,1,35.8,109.0,71.0,87.0,72.0,2.0,4.0,6.0,regular,low
REC_003916,USR_0197,2026-05-20,53,162.9,81.4,30.68,4.0,7.4,4.6,1,0.0,4,36.8,121.0,72.0,86.0,82.0,8.0,1.0,6.0,muy mal,high
REC_004043,USR_0203,2026-05-20,58,161.7,48.9,18.69,11.0,49.3,7.2,4,7.6,0,36.6,132.0,81.0,107.0,80.0,3.0,7.0,7.0,bien,low
REC_004253,USR_0213,2026-05-20,31,142.0,42.8,21.23,5.0,35.6,5.8,1,0.0,3,36.4,110.0,68.0,76.0,74.0,5.0,4.0,6.0,regular,medium
REC_004277,USR_0214,2026-05-20,38,162.4,61.7,23.38,7.0,45.5,10.0,3,25.9,0,37.2,115.0,79.0,110.0,80.0,1.0,6.0,9.0,muy bien,low
REC_004345,USR_0217,2026-05-20,19,148.5,55.8,25.31,12.0,15.6,8.2,2,14.1,0,36.7,106.0,76.0,101.0,78.0,1.0,6.0,9.0,muy bien,low
REC_004397,USR_0220,2026-05-20,18,184.4,111.5,32.8,6.0,14.6,7.4,2,9.5,5,36.7,119.0,75.0,115.0,89.0,6.0,4.0,6.0,mal,medium
REC_004458,USR_0223,2026-05-20,36,158.4,75.5,30.1,2.0,12.3,7.1,0,3.1,5,36.5,142.0,68.0,91.0,87.0,7.0,4.0,7.0,mal,medium
REC_004496,USR_0225,2026-05-20,48,174.1,69.9,23.05,3.0,24.7,5.5,1,20.7,5,36.3,111.0,84.0,72.0,95.0,5.0,2.0,4.0,muy mal,high
REC_004610,USR_0231,2026-05-20,25,153.6,46.2,19.05,7.0,66.4,7.1,2,17.1,2,37.3,119.0,75.0,72.0,80.0,2.0,7.0,7.0,muy bien,low
REC_004816,USR_0241,2026-05-20,30,172.4,102.1,34.34,5.0,5.1,5.4,1,6.9,4,37.6,100.0,84.0,108.0,82.0,6.0,2.0,5.0,mal,medium
REC_004838,USR_0242,2026-05-20,18,147.8,40.5,18.53,4.0,0.0,5.7,3,0.0,7,36.7,106.0,70.0,77.0,84.0,6.0,2.0,5.0,muy mal,high
REC_004860,USR_0243,2026-05-20,18,158.0,42.3,16.93,8.0,37.8,8.9,3,29.6,1,36.9,104.0,63.0,91.0,62.0,1.0,7.0,6.0,bien,low
REC_004900,USR_0245,2026-05-20,35,168.5,50.6,17.84,7.0,0.0,7.2,0,7.2,6,36.8,115.0,75.0,70.0,83.0,4.0,3.0,7.0,bien,medium
REC_004976,USR_0249,2026-05-20,23,173.3,50.8,16.92,6.0,41.7,8.5,0,25.0,1,36.5,111.0,66.0,89.0,80.0,1.0,7.0,10.0,muy bien,low
REC_004994,USR_0250,2026-05-20,26,149.2,45.8,20.57,4.0,15.7,6.1,0,0.3,4,36.8,116.0,92.0,82.0,87.0,8.0,1.0,4.0,muy mal,high
REC_000131,USR_0007,2026-05-21,39,184.9,58.2,17.03,6.0,2.6,5.6,2,1.4,3,36.8,118.0,87.0,108.0,89.0,8.0,2.0,2.0,muy mal,high
REC_000199,USR_0010,2026-05-21,26,176.8,94.0,30.09,8.0,91.2,8.4,2,22.9,0,36.9,108.0,70.0,66.0,75.0,1.0,8.0,8.0,muy bien,low
REC_000219,USR_0011,2026-05-21,27,164.4,45.7,16.92,7.0,38.2,4.3,1,2.1,6,37.3,134.0,66.0,87.0,94.0,7.0,1.0,3.0,muy mal,high
REC_000279,USR_0014,2026-05-21,18,140.0,55.3,28.22,13.0,36.1,7.3,4,29.4,3,36.9,120.0,70.0,83.0,85.0,4.0,4.0,6.0,regular,medium
REC_000321,USR_0016,2026-05-21,30,172.2,68.5,23.11,8.0,24.1,5.6,0,0.0,4,36.9,122.0,74.0,91.0,86.0,7.0,2.0,6.0,mal,medium
REC_000548,USR_0027,2026-05-21,57,164.1,74.0,27.49,5.0,41.0,6.5,2,0.0,2,37.1,128.0,81.0,107.0,70.0,3.0,4.0,8.0,bien,medium
REC_000691,USR_0035,2026-05-21,18,170.8,67.1,22.99,3.0,0.0,5.3,0,3.5,6,36.5,122.0,84.0,101.0,93.0,7.0,1.0,5.0,mal,high
REC_000754,USR_0039,2026-05-21,25,164.7,61.2,22.55,11.0,55.6,8.0,4,20.1,0,36.4,119.0,66.0,111.0,69.0,1.0,8.0,8.0,muy bien,low
REC_000773,USR_0040,2026-05-21,27,172.7,67.8,22.74,8.0,25.0,7.2,1,7.5,1,36.9,126.0,73.0,110.0,59.0,3.0,6.0,8.0,bien,low
REC_000838,USR_0043,2026-05-21,18,151.0,49.1,21.56,8.0,65.7,5.3,3,14.1,1,37.3,119.0,66.0,74.0,60.0,3.0,4.0,6.0,mal,medium
REC_000996,USR_0051,2026-05-21,44,155.2,69.5,28.87,11.0,3.7,8.2,3,7.2,2,36.7,112.0,79.0,99.0,85.0,4.0,5.0,8.0,bien,medium
REC_001018,USR_0052,2026-05-21,42,178.1,77.7,24.48,8.0,40.2,7.2,3,29.9,2,36.2,100.0,69.0,69.0,60.0,2.0,6.0,6.0,bien,low
REC_001064,USR_0054,2026-05-21,47,168.1,47.1,16.66,8.0,56.8,7.8,4,17.7,1,36.3,115.0,78.0,87.0,62.0,2.0,7.0,7.0,regular,low
REC_001082,USR_0055,2026-05-21,57,162.7,51.5,19.46,6.0,25.6,7.1,2,0.7,1,36.7,117.0,81.0,107.0,85.0,7.0,3.0,6.0,regular,medium
REC_001098,USR_0056,2026-05-21,60,165.5,53.3,19.48,6.0,22.1,8.3,3,13.0,3,36.5,123.0,78.0,114.0,84.0,4.0,4.0,6.0,bien,medium
REC_001292,USR_0066,2026-05-21,32,161.3,89.9,34.56,9.0,50.9,8.1,3,25.8,2,36.4,105.0,68.0,84.0,66.0,2.0,6.0,8.0,bien,low
REC_001334,USR_0068,2026-05-21,27,173.0,82.0,27.41,3.0,19.2,4.7,0,8.4,4,37.0,112.0,74.0,88.0,94.0,6.0,1.0,3.0,mal,high
REC_001382,USR_0070,2026-05-21,44,156.1,56.3,23.11,4.0,28.0,5.6,4,8.2,4,36.6,131.0,87.0,64.0,75.0,5.0,3.0,6.0,regular,medium
REC_001421,USR_0072,2026-05-21,18,189.5,117.4,32.69,4.0,10.8,5.6,1,12.6,5,36.1,122.0,85.0,111.0,95.0,4.0,4.0,5.0,regular,medium
REC_001459,USR_0074,2026-05-21,47,164.5,65.5,24.22,10.0,25.9,6.5,3,4.2,2,37.2,114.0,81.0,97.0,71.0,3.0,4.0,8.0,regular,medium
REC_001768,USR_0089,2026-05-21,18,158.6,90.2,35.86,13.0,44.8,7.5,3,39.5,0,37.4,125.0,69.0,73.0,81.0,1.0,8.0,8.0,muy bien,low
REC_001913,USR_0097,2026-05-21,23,163.2,51.8,19.49,9.0,41.5,5.2,1,2.8,1,36.7,106.0,73.0,76.0,65.0,4.0,2.0,6.0,mal,medium
REC_001938,USR_0098,2026-05-21,18,159.2,70.9,27.98,11.0,85.9,8.1,3,0.0,0,36.9,121.0,68.0,103.0,70.0,3.0,6.0,7.0,bien,low
REC_001985,USR_0100,2026-05-21,69,161.2,90.2,34.71,10.0,31.6,6.6,3,11.1,0,36.6,118.0,79.0,124.0,83.0,2.0,6.0,8.0,muy bien,low
REC_002094,USR_0105,2026-05-21,29,170.0,66.1,22.86,4.0,47.2,5.0,2,4.6,6,36.7,122.0,87.0,75.0,94.0,6.0,2.0,5.0,mal,medium
REC_002287,USR_0115,2026-05-21,38,149.5,54.2,24.27,6.0,0.0,5.5,1,8.5,4,35.9,117.0,73.0,76.0,82.0,6.0,2.0,4.0,muy mal,high
REC_002357,USR_0118,2026-05-21,44,154.4,63.9,26.79,3.0,22.4,8.5,4,24.0,1,36.6,124.0,68.0,112.0,69.0,1.0,4.0,8.0,muy bien,low
REC_002376,USR_0119,2026-05-21,26,177.6,75.4,23.88,2.0,33.5,5.8,2,0.0,3,36.4,126.0,71.0,63.0,88.0,6.0,2.0,5.0,mal,medium
REC_002572,USR_0129,2026-05-21,28,168.8,63.9,22.43,3.0,18.8,5.3,3,9.8,1,37.1,112.0,75.0,99.0,85.0,5.0,2.0,4.0,regular,medium
REC_002589,USR_0130,2026-05-21,43,144.9,40.0,19.07,3.0,0.0,5.7,0,4.2,6,36.5,131.0,68.0,120.0,93.0,4.0,1.0,6.0,muy mal,high
REC_002727,USR_0137,2026-05-21,36,173.1,67.1,22.41,6.0,43.5,4.3,2,0.0,2,36.5,102.0,65.0,70.0,97.0,6.0,4.0,4.0,regular,medium
REC_002875,USR_0144,2026-05-21,22,157.7,41.8,16.82,8.0,17.7,8.3,1,9.2,2,36.9,119.0,70.0,83.0,67.0,4.0,6.0,7.0,regular,medium
REC_002894,USR_0145,2026-05-21,23,164.5,52.7,19.49,6.0,86.5,8.7,3,20.9,0,36.7,119.0,56.0,83.0,76.0,1.0,8.0,10.0,muy bien,low
REC_003063,USR_0153,2026-05-21,18,169.3,59.8,20.85,7.0,28.1,6.8,2,25.8,0,36.8,115.0,72.0,100.0,78.0,4.0,4.0,6.0,regular,medium
REC_003103,USR_0156,2026-05-21,49,177.1,73.0,23.28,13.0,41.3,8.4,3,18.9,0,37.0,119.0,82.0,85.0,81.0,1.0,8.0,9.0,muy bien,low
REC_003224,USR_0162,2026-05-21,23,183.5,74.4,22.09,4.0,52.3,7.7,4,15.1,3,36.6,130.0,67.0,83.0,81.0,1.0,7.0,7.0,mal,low
REC_003305,USR_0166,2026-05-21,30,161.2,62.9,24.21,5.0,49.6,7.0,1,18.3,0,36.5,108.0,68.0,59.0,82.0,2.0,6.0,7.0,regular,medium
REC_003345,USR_0168,2026-05-21,49,179.1,119.1,37.14,2.0,5.0,4.3,2,0.0,5,36.8,127.0,77.0,123.0,76.0,6.0,1.0,1.0,muy mal,high
REC_003477,USR_0175,2026-05-21,54,191.2,88.5,24.2,12.0,40.9,7.9,2,22.9,2,35.7,133.0,84.0,93.0,71.0,1.0,6.0,8.0,muy bien,low
REC_003497,USR_0176,2026-05-21,21,188.0,108.0,30.55,3.0,16.5,5.3,1,0.0,5,36.6,112.0,84.0,100.0,91.0,6.0,1.0,4.0,regular,high
REC_003601,USR_0181,2026-05-21,36,164.6,53.0,19.57,2.0,0.0,6.1,1,1.7,3,36.8,102.0,73.0,98.0,89.0,5.0,2.0,5.0,mal,high
REC_003621,USR_0182,2026-05-21,53,170.7,73.6,25.25,4.0,26.4,5.7,2,0.0,4,37.0,123.0,70.0,97.0,91.0,6.0,1.0,5.0,mal,medium
REC_003676,USR_0185,2026-05-21,58,174.0,76.3,25.2,3.0,0.0,3.9,1,0.0,5,37.0,131.0,84.0,123.0,89.0,6.0,1.0,4.0,mal,high
REC_003944,USR_0198,2026-05-21,29,180.5,67.7,20.79,10.0,42.6,8.2,3,10.8,1,37.3,113.0,67.0,97.0,85.0,1.0,6.0,6.0,bien,low
REC_004044,USR_0203,2026-05-21,58,161.7,48.9,18.7,9.0,35.5,7.8,3,17.7,0,36.4,121.0,70.0,116.0,62.0,2.0,8.0,8.0,bien,low
REC_004096,USR_0206,2026-05-21,48,161.0,50.0,19.28,4.0,21.8,6.1,2,0.0,4,36.4,138.0,74.0,77.0,88.0,3.0,4.0,5.0,regular,medium
REC_004145,USR_0208,2026-05-21,40,158.7,92.6,36.78,6.0,12.2,4.6,2,15.1,2,36.7,122.0,74.0,128.0,71.0,7.0,3.0,7.0,mal,medium
REC_004278,USR_0214,2026-05-21,38,162.4,61.6,23.37,10.0,70.0,7.9,2,3.8,1,36.7,130.0,71.0,73.0,77.0,2.0,6.0,6.0,bien,low
REC_004480,USR_0224,2026-05-21,49,159.6,62.7,24.62,9.0,62.4,9.5,2,13.0,0,36.5,101.0,78.0,77.0,76.0,4.0,7.0,8.0,bien,medium
REC_004611,USR_0231,2026-05-21,25,153.6,45.0,19.09,11.0,64.3,7.8,3,5.0,0,36.7,110.0,78.0,86.0,52.0,1.0,6.0,8.0,bien,low
REC_004684,USR_0235,2026-05-21,23,166.5,53.0,19.11,7.0,49.0,7.1,4,27.7,2,36.7,119.0,83.0,108.0,70.0,1.0,6.0,7.0,regular,low
REC_004772,USR_0239,2026-05-21,47,180.3,95.3,29.32,10.0,15.8,6.5,2,14.0,1,36.7,138.0,79.0,93.0,82.0,3.0,6.0,5.0,regular,medium
REC_004796,USR_0240,2026-05-21,19,151.8,82.0,35.6,7.0,11.3,6.2,1,7.1,3,36.5,134.0,50.0,104.0,76.0,5.0,2.0,8.0,mal,medium
REC_004861,USR_0243,2026-05-21,18,158.0,42.5,17.02,9.0,72.5,9.1,5,13.1,1,36.2,116.0,77.0,57.0,83.0,1.0,9.0,9.0,muy bien,low
REC_004924,USR_0246,2026-05-21,24,174.0,57.4,18.97,8.0,30.5,7.0,3,11.1,4,36.5,118.0,66.0,105.0,64.0,3.0,4.0,7.0,mal,low
REC_000322,USR_0016,2026-05-22,30,172.2,68.5,23.1,3.0,0.0,5.0,2,1.5,4,36.9,125.0,85.0,89.0,81.0,7.0,2.0,5.0,mal,high
REC_000379,USR_0019,2026-05-22,37,158.9,75.0,29.69,4.0,6.4,6.2,1,15.7,5,35.8,119.0,69.0,77.0,95.0,5.0,2.0,4.0,regular,high
REC_000419,USR_0021,2026-05-22,18,158.0,81.0,32.43,7.0,0.0,5.2,2,0.0,6,37.0,116.0,76.0,84.0,90.0,6.0,2.0,6.0,muy mal,high
REC_000570,USR_0028,2026-05-22,55,153.2,70.7,30.12,11.0,23.5,6.0,3,5.3,5,36.7,128.0,92.0,109.0,96.0,5.0,4.0,5.0,mal,medium
REC_000612,USR_0030,2026-05-22,25,161.0,72.5,27.97,8.0,28.0,7.6,2,27.9,1,36.5,104.0,69.0,68.0,73.0,1.0,7.0,7.0,bien,low
REC_000648,USR_0032,2026-05-22,42,174.4,90.7,29.83,6.0,34.6,9.2,3,19.6,1,36.6,105.0,84.0,77.0,72.0,2.0,8.0,8.0,bien,low
REC_000736,USR_0038,2026-05-22,31,161.2,72.7,27.98,7.0,0.0,5.5,1,5.4,5,36.8,89.0,73.0,64.0,81.0,8.0,1.0,5.0,mal,high
REC_000839,USR_0043,2026-05-22,18,151.0,49.1,21.52,8.0,38.8,6.5,4,4.5,0,36.7,110.0,78.0,79.0,87.0,2.0,6.0,7.0,bien,low
REC_000951,USR_0049,2026-05-22,45,158.8,87.9,34.85,3.0,46.2,6.5,3,0.0,3,36.2,125.0,76.0,69.0,92.0,6.0,6.0,7.0,bien,medium
REC_001037,USR_0053,2026-05-22,41,177.1,74.4,23.72,8.0,28.1,5.3,2,17.5,2,36.4,120.0,74.0,104.0,74.0,4.0,3.0,5.0,regular,medium
REC_001065,USR_0054,2026-05-22,47,168.1,48.0,16.7,8.0,44.2,8.3,3,28.6,0,36.6,125.0,68.0,87.0,67.0,2.0,4.0,8.0,muy bien,low
REC_001099,USR_0056,2026-05-22,60,165.5,53.0,19.34,8.0,22.0,6.6,2,1.8,4,37.2,120.0,74.0,108.0,91.0,3.0,3.0,7.0,regular,medium
REC_001235,USR_0063,2026-05-22,19,167.1,60.1,21.51,4.0,0.0,5.0,2,1.1,5,36.8,118.0,80.0,98.0,89.0,5.0,3.0,5.0,mal,high
REC_001335,USR_0068,2026-05-22,27,173.0,82.4,27.52,4.0,6.5,5.9,1,0.0,5,36.9,113.0,66.0,105.0,91.0,7.0,1.0,7.0,muy mal,high
REC_001383,USR_0070,2026-05-22,44,156.1,56.8,23.29,7.0,37.8,6.5,3,1.4,1,36.2,140.0,68.0,91.0,82.0,4.0,4.0,5.0,mal,medium
REC_001440,USR_0073,2026-05-22,31,182.5,76.0,22.81,6.0,13.9,6.0,2,8.5,3,36.4,89.0,82.0,88.0,85.0,4.0,5.0,5.0,regular,medium
REC_001503,USR_0076,2026-05-22,21,168.4,91.1,32.13,3.0,0.3,7.7,0,0.0,6,38.4,135.0,74.0,91.0,80.0,4.0,3.0,6.0,regular,high
REC_001547,USR_0078,2026-05-22,40,148.8,54.1,24.42,2.0,0.0,4.8,1,0.0,2,37.1,121.0,72.0,84.0,91.0,5.0,3.0,5.0,regular,high
REC_001708,USR_0086,2026-05-22,36,181.9,111.0,33.55,0.0,45.7,6.2,0,0.0,4,36.5,104.0,65.0,84.0,89.0,4.0,3.0,6.0,regular,medium
REC_001730,USR_0087,2026-05-22,34,162.7,84.8,32.05,13.0,29.8,6.9,5,26.8,0,36.6,107.0,73.0,116.0,72.0,2.0,6.0,7.0,regular,low
REC_001769,USR_0089,2026-05-22,18,158.6,90.4,35.93,5.0,83.0,9.1,3,13.3,0,36.5,125.0,68.0,97.0,70.0,3.0,7.0,9.0,muy bien,low
REC_001805,USR_0091,2026-05-22,44,178.1,104.2,32.86,7.0,47.7,8.0,2,22.0,0,37.0,107.0,60.0,104.0,64.0,1.0,8.0,8.0,muy bien,low
REC_001914,USR_0097,2026-05-22,23,163.2,52.0,19.52,9.0,33.5,5.5,1,1.3,2,37.0,119.0,74.0,79.0,69.0,3.0,3.0,5.0,mal,medium
REC_002046,USR_0103,2026-05-22,42,167.4,71.8,25.63,3.0,0.0,5.4,1,13.1,4,36.1,100.0,76.0,112.0,94.0,4.0,1.0,5.0,regular,high
REC_002095,USR_0105,2026-05-22,29,170.0,66.4,22.98,7.0,0.0,5.1,1,0.0,5,36.3,129.0,72.0,91.0,93.0,7.0,2.0,6.0,mal,high
REC_002112,USR_0106,2026-05-22,18,163.3,57.6,21.61,5.0,42.0,6.7,2,5.7,5,37.4,119.0,66.0,96.0,72.0,5.0,3.0,6.0,mal,medium
REC_002154,USR_0108,2026-05-22,36,165.3,108.3,39.63,7.0,34.4,7.7,3,21.6,0,37.0,115.0,59.0,128.0,71.0,4.0,5.0,9.0,muy bien,low
REC_002212,USR_0111,2026-05-22,47,170.9,89.2,30.54,3.0,39.7,6.0,1,25.5,2,36.1,121.0,61.0,87.0,105.0,3.0,5.0,8.0,regular,medium
REC_002288,USR_0115,2026-05-22,38,149.5,54.4,24.34,6.0,39.1,5.4,1,13.4,4,36.8,122.0,76.0,58.0,84.0,6.0,2.0,6.0,muy mal,medium
REC_002311,USR_0116,2026-05-22,37,173.7,83.7,27.74,8.0,36.0,6.3,2,0.0,4,37.2,110.0,77.0,94.0,89.0,5.0,1.0,8.0,regular,medium
REC_002377,USR_0119,2026-05-22,26,177.6,75.4,23.91,0.0,10.0,4.7,1,16.5,6,37.4,122.0,65.0,91.0,85.0,7.0,1.0,4.0,muy mal,high
REC_002403,USR_0120,2026-05-22,18,164.7,47.4,17.46,9.0,80.5,7.6,3,3.8,2,37.0,132.0,57.0,79.0,78.0,6.0,4.0,8.0,regular,low
REC_002438,USR_0122,2026-05-22,25,171.8,68.2,23.12,5.0,20.4,4.6,2,15.2,3,36.7,95.0,76.0,77.0,72.0,5.0,4.0,7.0,regular,medium
REC_002590,USR_0130,2026-05-22,43,144.9,40.0,19.05,3.0,0.0,5.6,0,10.2,3,36.7,102.0,79.0,97.0,87.0,7.0,3.0,7.0,mal,high
REC_002630,USR_0132,2026-05-22,49,162.1,63.2,24.05,2.0,0.0,5.0,2,8.7,3,35.6,93.0,69.0,87.0,78.0,7.0,1.0,5.0,mal,high
REC_002790,USR_0140,2026-05-22,29,157.3,65.9,26.65,5.0,14.3,6.3,2,0.0,6,37.6,128.0,69.0,78.0,74.0,6.0,4.0,6.0,regular,medium
REC_002812,USR_0141,2026-05-22,40,188.9,124.6,34.93,4.0,20.3,6.1,2,0.0,5,37.2,124.0,74.0,129.0,78.0,4.0,1.0,4.0,muy mal,high
REC_002850,USR_0143,2026-05-22,18,163.8,65.3,24.34,9.0,62.6,8.7,4,3.6,0,37.0,113.0,76.0,106.0,75.0,1.0,7.0,9.0,bien,low
REC_003038,USR_0152,2026-05-22,49,178.9,92.2,28.82,5.0,0.0,5.8,2,5.0,5,36.9,123.0,74.0,98.0,99.0,9.0,1.0,6.0,muy mal,high
REC_003148,USR_0158,2026-05-22,34,167.3,70.8,25.3,7.0,24.8,7.2,0,8.2,6,37.4,112.0,69.0,87.0,88.0,5.0,2.0,5.0,muy mal,medium
REC_003165,USR_0159,2026-05-22,39,164.1,76.7,28.49,12.0,43.7,6.1,3,1.1,3,37.4,111.0,67.0,70.0,86.0,3.0,6.0,7.0,bien,medium
REC_003206,USR_0161,2026-05-22,36,157.9,66.0,26.49,6.0,55.4,5.2,1,16.2,6,36.8,109.0,74.0,113.0,81.0,7.0,2.0,5.0,mal,medium
REC_003225,USR_0162,2026-05-22,23,183.5,74.4,22.09,11.0,54.2,7.4,5,6.1,0,36.4,107.0,78.0,93.0,85.0,1.0,7.0,8.0,bien,low
REC_003306,USR_0166,2026-05-22,30,161.2,62.8,24.16,6.0,43.6,7.4,3,15.3,1,36.9,119.0,68.0,89.0,65.0,1.0,7.0,7.0,bien,low
REC_003360,USR_0169,2026-05-22,44,183.3,104.4,31.09,5.0,0.0,5.7,1,6.4,4,36.4,123.0,71.0,84.0,84.0,6.0,1.0,5.0,mal,high
REC_003520,USR_0177,2026-05-22,18,171.9,91.7,31.05,4.0,0.0,6.2,1,10.2,8,36.8,127.0,80.0,94.0,101.0,6.0,2.0,5.0,muy mal,high
REC_003582,USR_0180,2026-05-22,31,158.5,63.6,25.31,11.0,52.8,6.5,3,13.8,1,36.5,116.0,74.0,104.0,95.0,3.0,6.0,7.0,bien,low
REC_003602,USR_0181,2026-05-22,36,164.6,53.3,19.67,3.0,5.4,6.4,1,16.7,4,36.7,118.0,74.0,91.0,81.0,8.0,2.0,5.0,muy mal,high
REC_003677,USR_0185,2026-05-22,58,174.0,76.5,25.26,5.0,18.8,5.4,1,7.9,5,36.6,118.0,75.0,92.0,99.0,6.0,4.0,5.0,muy mal,medium
REC_003695,USR_0186,2026-05-22,25,169.9,75.4,26.11,8.0,33.7,9.0,4,29.0,2,36.7,104.0,76.0,117.0,84.0,1.0,6.0,9.0,bien,low
REC_003757,USR_0189,2026-05-22,53,185.5,133.9,38.91,5.0,6.0,5.8,2,3.5,5,36.8,128.0,71.0,125.0,92.0,6.0,2.0,5.0,mal,medium
REC_003822,USR_0192,2026-05-22,34,158.4,88.2,35.14,0.0,31.4,3.6,0,0.6,3,35.9,99.0,69.0,81.0,91.0,7.0,1.0,1.0,muy mal,high
REC_003866,USR_0194,2026-05-22,40,174.0,85.9,28.36,13.0,66.1,7.7,4,33.0,0,37.0,127.0,73.0,85.0,65.0,1.0,5.0,8.0,muy bien,low
REC_003984,USR_0200,2026-05-22,28,154.0,58.8,24.79,4.0,29.8,6.0,3,6.0,8,37.1,122.0,75.0,107.0,83.0,4.0,4.0,5.0,regular,medium
REC_004010,USR_0201,2026-05-22,41,166.5,70.8,25.54,5.0,12.2,6.1,2,9.9,3,36.8,106.0,69.0,92.0,94.0,4.0,5.0,7.0,mal,medium
REC_004075,USR_0205,2026-05-22,18,177.2,75.2,23.94,4.0,26.6,6.2,4,0.0,7,36.6,125.0,70.0,76.0,100.0,6.0,3.0,6.0,mal,medium
REC_004097,USR_0206,2026-05-22,48,161.0,50.4,19.43,3.0,21.6,4.7,2,1.4,8,36.7,126.0,73.0,79.0,82.0,5.0,3.0,5.0,muy mal,high
REC_004146,USR_0208,2026-05-22,40,158.7,92.5,36.73,9.0,19.2,5.8,4,7.6,3,36.0,121.0,79.0,109.0,98.0,6.0,3.0,6.0,regular,medium
REC_004254,USR_0213,2026-05-22,31,142.0,42.9,21.28,6.0,11.3,7.2,3,19.8,4,36.6,122.0,68.0,78.0,78.0,3.0,5.0,7.0,bien,medium
REC_004298,USR_0215,2026-05-22,23,180.8,79.1,24.21,5.0,29.5,6.5,2,16.5,5,36.4,117.0,74.0,83.0,89.0,6.0,4.0,4.0,regular,medium
REC_004346,USR_0217,2026-05-22,19,148.5,56.0,25.38,10.0,59.0,7.4,3,3.1,0,37.1,132.0,74.0,83.0,66.0,2.0,6.0,5.0,regular,low
REC_004363,USR_0218,2026-05-22,20,180.2,97.1,29.91,4.0,2.2,7.4,3,21.5,7,36.3,100.0,59.0,99.0,87.0,3.0,3.0,5.0,mal,medium
REC_004459,USR_0223,2026-05-22,36,158.4,75.6,30.11,8.0,0.0,6.0,2,0.0,3,36.7,122.0,75.0,105.0,86.0,7.0,1.0,4.0,mal,high
REC_004534,USR_0227,2026-05-22,42,165.3,57.9,21.19,7.0,23.6,6.8,3,0.0,3,36.4,127.0,82.0,72.0,85.0,4.0,3.0,6.0,regular,medium
REC_004612,USR_0231,2026-05-22,25,153.6,45.0,19.09,12.0,54.9,7.1,2,11.1,0,36.7,130.0,74.0,77.0,77.0,2.0,9.0,7.0,muy bien,low
REC_004773,USR_0239,2026-05-22,47,180.3,95.5,29.37,8.0,59.8,5.6,3,12.0,2,36.7,114.0,75.0,93.0,69.0,1.0,7.0,6.0,muy bien,low
REC_000090,USR_0005,2026-05-23,31,160.5,47.9,18.59,8.0,66.5,8.5,2,21.8,1,36.8,126.0,67.0,99.0,62.0,4.0,8.0,8.0,bien,low
REC_000200,USR_0010,2026-05-23,26,176.8,94.0,30.06,7.0,41.7,8.6,4,37.6,0,36.6,101.0,74.0,75.0,73.0,1.0,7.0,8.0,bien,low
REC_000260,USR_0013,2026-05-23,18,171.6,82.3,27.94,9.0,45.5,7.9,2,4.6,2,36.7,123.0,67.0,78.0,79.0,3.0,5.0,8.0,bien,low
REC_000341,USR_0017,2026-05-23,32,169.5,65.7,22.87,2.0,1.8,6.3,0,0.0,5,36.1,119.0,66.0,94.0,87.0,4.0,2.0,4.0,mal,high
REC_000442,USR_0022,2026-05-23,55,157.3,94.7,38.27,4.0,0.0,6.0,0,0.0,5,37.0,111.0,85.0,129.0,81.0,8.0,2.0,6.0,muy mal,high
REC_000486,USR_0024,2026-05-23,37,154.0,55.5,23.4,9.0,42.6,8.2,5,5.0,0,36.6,124.0,60.0,82.0,62.0,2.0,8.0,9.0,bien,low
REC_000592,USR_0029,2026-05-23,49,153.3,47.7,20.32,5.0,43.0,7.8,3,15.8,1,37.2,114.0,77.0,83.0,85.0,2.0,6.0,8.0,muy bien,low
REC_000737,USR_0038,2026-05-23,31,161.2,72.5,27.91,4.0,3.6,5.5,2,0.0,3,36.8,129.0,74.0,82.0,94.0,8.0,1.0,4.0,mal,high
REC_000774,USR_0040,2026-05-23,27,172.7,67.8,22.72,11.0,66.0,7.1,4,9.4,0,37.0,129.0,71.0,74.0,60.0,3.0,6.0,6.0,bien,low
REC_000898,USR_0046,2026-05-23,21,182.3,119.9,36.07,2.0,0.9,4.2,1,2.4,6,36.7,110.0,80.0,86.0,89.0,8.0,1.0,6.0,muy mal,high
REC_000977,USR_0050,2026-05-23,56,176.1,69.2,22.31,5.0,52.1,9.5,4,0.2,0,36.2,131.0,62.0,106.0,84.0,1.0,7.0,9.0,bien,low
REC_000997,USR_0051,2026-05-23,44,155.2,69.4,28.81,10.0,51.5,6.2,3,13.4,0,36.8,132.0,72.0,50.0,72.0,2.0,3.0,6.0,bien,medium
REC_001083,USR_0055,2026-05-23,57,162.7,51.4,19.4,5.0,30.2,6.1,4,0.0,2,36.0,120.0,65.0,83.0,90.0,5.0,5.0,8.0,mal,medium
REC_001100,USR_0056,2026-05-23,60,165.5,52.9,19.33,9.0,63.7,5.8,2,0.0,3,36.5,105.0,68.0,113.0,92.0,4.0,2.0,6.0,regular,high
REC_001160,USR_0059,2026-05-23,51,165.2,62.8,23.03,6.0,59.2,5.8,0,26.0,0,36.7,134.0,70.0,105.0,71.0,4.0,4.0,6.0,regular,medium
REC_001422,USR_0072,2026-05-23,18,189.5,117.6,32.75,4.0,7.9,6.6,0,0.0,3,37.6,107.0,74.0,101.0,80.0,4.0,3.0,5.0,regular,medium
REC_001441,USR_0073,2026-05-23,31,182.5,76.0,22.81,7.0,22.8,6.0,2,16.9,3,37.3,103.0,75.0,91.0,88.0,3.0,4.0,7.0,regular,medium
REC_001521,USR_0077,2026-05-23,27,166.1,67.3,24.4,9.0,18.2,6.1,2,15.9,1,37.1,113.0,62.0,84.0,78.0,3.0,4.0,7.0,regular,medium
REC_001605,USR_0081,2026-05-23,18,167.4,103.7,37.0,3.0,36.5,6.9,1,0.0,3,36.4,120.0,86.0,99.0,98.0,5.0,1.0,6.0,muy mal,medium
REC_001621,USR_0082,2026-05-23,51,145.3,53.8,25.48,12.0,21.5,8.3,3,8.0,1,36.7,119.0,74.0,92.0,74.0,2.0,8.0,8.0,muy bien,low
REC_001731,USR_0087,2026-05-23,34,162.7,84.9,32.06,12.0,55.5,6.6,3,20.8,0,36.2,115.0,71.0,93.0,64.0,2.0,6.0,6.0,regular,low
REC_001845,USR_0093,2026-05-23,53,173.3,70.3,23.39,11.0,41.7,9.0,2,18.8,1,36.2,103.0,68.0,117.0,74.0,1.0,6.0,9.0,muy bien,low
REC_001898,USR_0096,2026-05-23,50,153.1,50.8,21.69,11.0,37.3,8.1,3,16.6,0,36.7,124.0,74.0,93.0,67.0,2.0,7.0,9.0,bien,low
REC_001915,USR_0097,2026-05-23,23,163.2,51.9,19.48,7.0,14.2,6.5,2,0.0,4,37.2,133.0,78.0,110.0,86.0,3.0,4.0,5.0,regular,medium
REC_002096,USR_0105,2026-05-23,29,170.0,66.5,23.01,6.0,0.0,7.5,2,4.1,7,36.5,120.0,67.0,69.0,88.0,6.0,2.0,7.0,mal,medium
REC_002132,USR_0107,2026-05-23,43,166.8,82.7,29.74,5.0,27.3,6.3,0,13.8,4,37.0,125.0,77.0,90.0,81.0,4.0,4.0,5.0,mal,medium
REC_002526,USR_0127,2026-05-23,23,162.0,62.5,23.8,11.0,18.0,6.0,3,10.4,2,36.5,108.0,80.0,59.0,85.0,3.0,4.0,6.0,bien,medium
REC_002650,USR_0133,2026-05-23,18,151.0,40.4,17.71,7.0,36.9,6.5,3,8.8,1,36.7,109.0,68.0,102.0,70.0,1.0,7.0,7.0,bien,low
REC_002709,USR_0136,2026-05-23,27,162.1,97.1,36.95,3.0,0.0,6.1,2,23.2,1,36.2,139.0,70.0,101.0,85.0,3.0,4.0,7.0,regular,medium
REC_002749,USR_0138,2026-05-23,57,151.4,44.0,19.21,6.0,20.4,8.5,3,6.3,0,36.8,112.0,92.0,113.0,74.0,3.0,7.0,7.0,regular,low
REC_002851,USR_0143,2026-05-23,18,163.8,65.0,24.22,10.0,58.0,7.8,2,12.0,0,36.8,116.0,67.0,73.0,72.0,1.0,8.0,10.0,mal,low
REC_002895,USR_0145,2026-05-23,23,164.5,52.8,19.51,10.0,41.9,7.7,3,0.0,0,37.0,104.0,74.0,71.0,81.0,1.0,8.0,8.0,muy bien,low
REC_002913,USR_0146,2026-05-23,58,160.0,67.5,26.39,8.0,48.2,5.4,4,20.0,0,36.9,113.0,86.0,97.0,68.0,1.0,8.0,5.0,muy bien,low
REC_002934,USR_0147,2026-05-23,33,163.0,58.6,22.06,7.0,62.6,8.8,3,6.7,2,36.2,120.0,74.0,91.0,75.0,3.0,7.0,9.0,bien,low
REC_003166,USR_0159,2026-05-23,39,164.1,76.9,28.55,7.0,57.1,6.1,3,9.6,0,37.0,121.0,63.0,91.0,82.0,2.0,7.0,7.0,muy bien,low
REC_003284,USR_0165,2026-05-23,50,167.0,78.9,28.3,7.0,13.9,6.2,2,12.9,3,36.8,104.0,69.0,110.0,80.0,4.0,3.0,6.0,regular,medium
REC_003758,USR_0189,2026-05-23,53,185.5,134.0,38.95,2.0,15.7,5.8,0,8.4,5,37.0,120.0,66.0,107.0,94.0,5.0,2.0,3.0,mal,high
REC_003799,USR_0191,2026-05-23,49,159.4,70.8,27.87,9.0,34.5,7.1,5,30.4,1,36.7,118.0,75.0,84.0,66.0,2.0,5.0,8.0,muy bien,low
REC_003900,USR_0196,2026-05-23,30,164.1,48.2,17.88,4.0,11.9,3.4,2,0.0,4,36.8,115.0,72.0,101.0,90.0,7.0,1.0,5.0,regular,high
REC_004208,USR_0211,2026-05-23,64,160.6,73.9,28.65,9.0,40.7,8.6,3,3.3,0,36.6,134.0,73.0,106.0,84.0,2.0,6.0,9.0,bien,low
REC_004255,USR_0213,2026-05-23,31,142.0,42.7,21.19,4.0,58.6,7.5,4,19.6,3,36.2,125.0,74.0,75.0,77.0,2.0,6.0,7.0,regular,low
REC_004279,USR_0214,2026-05-23,38,162.4,61.1,23.18,8.0,48.6,7.5,3,0.0,2,36.7,115.0,58.0,98.0,68.0,3.0,7.0,9.0,bien,low
REC_004570,USR_0229,2026-05-23,41,170.1,94.5,32.65,8.0,28.3,6.6,2,0.1,2,36.9,110.0,68.0,91.0,79.0,4.0,5.0,7.0,bien,low
REC_004613,USR_0231,2026-05-23,25,153.6,45.2,19.16,8.0,38.7,8.5,2,35.8,2,36.3,113.0,66.0,76.0,72.0,1.0,6.0,7.0,bien,low
REC_004666,USR_0234,2026-05-23,18,166.9,91.0,32.66,6.0,0.0,6.3,2,8.7,8,36.8,125.0,74.0,97.0,88.0,5.0,3.0,4.0,mal,high
REC_004774,USR_0239,2026-05-23,47,180.3,95.6,29.41,8.0,36.7,6.7,4,15.6,1,36.4,123.0,69.0,82.0,84.0,2.0,6.0,7.0,bien,low
REC_004797,USR_0240,2026-05-23,19,151.8,82.1,35.63,6.0,0.0,7.2,2,0.0,3,36.5,126.0,72.0,91.0,104.0,5.0,3.0,6.0,regular,medium
REC_000035,USR_0002,2026-05-24,23,179.5,88.2,27.37,2.0,22.1,5.9,1,3.6,6,37.2,116.0,77.0,90.0,88.0,5.0,4.0,6.0,regular,medium
REC_000058,USR_0003,2026-05-24,18,157.0,89.6,36.35,8.0,70.2,6.7,4,11.7,1,36.7,125.0,63.0,121.0,58.0,1.0,8.0,8.0,bien,low
REC_000132,USR_0007,2026-05-24,39,184.9,58.4,17.09,4.0,0.0,5.4,2,16.3,6,36.5,136.0,83.0,84.0,99.0,4.0,1.0,4.0,mal,high
REC_000323,USR_0016,2026-05-24,30,172.2,68.6,23.13,2.0,0.0,6.5,1,16.0,6,36.5,102.0,79.0,104.0,95.0,6.0,3.0,7.0,regular,high
REC_000397,USR_0020,2026-05-24,39,163.1,72.9,27.39,8.0,51.6,7.6,4,14.6,2,37.4,126.0,77.0,95.0,76.0,4.0,6.0,8.0,bien,low
REC_000443,USR_0022,2026-05-24,55,157.3,94.9,38.37,3.0,0.0,4.6,0,6.8,4,37.3,117.0,69.0,87.0,100.0,7.0,1.0,4.0,regular,high
REC_000487,USR_0024,2026-05-24,37,154.0,55.5,23.41,9.0,34.6,7.6,5,23.4,1,36.7,121.0,80.0,79.0,70.0,1.0,7.0,8.0,muy bien,low
REC_000613,USR_0030,2026-05-24,25,161.0,72.4,27.92,8.0,87.2,6.8,4,8.0,1,36.1,104.0,75.0,133.0,73.0,1.0,6.0,8.0,bien,low
REC_000814,USR_0042,2026-05-24,50,149.9,59.4,26.42,8.0,75.7,6.2,2,8.0,3,37.2,108.0,66.0,83.0,79.0,2.0,7.0,7.0,bien,low
REC_000882,USR_0045,2026-05-24,19,172.5,69.2,23.27,5.0,0.0,3.2,1,8.2,5,37.3,104.0,79.0,87.0,96.0,6.0,1.0,5.0,regular,high
REC_000978,USR_0050,2026-05-24,56,176.1,69.7,22.48,8.0,50.9,7.7,4,31.0,1,36.4,117.0,66.0,108.0,65.0,1.0,6.0,7.0,muy bien,low
REC_000998,USR_0051,2026-05-24,44,155.2,69.3,28.77,8.0,29.1,6.4,2,12.0,0,36.7,121.0,73.0,96.0,67.0,2.0,4.0,7.0,regular,medium
REC_001066,USR_0054,2026-05-24,47,168.1,47.1,16.66,6.0,37.8,7.7,2,22.0,0,36.6,111.0,76.0,93.0,86.0,2.0,4.0,7.0,regular,low
REC_001336,USR_0068,2026-05-24,27,173.0,82.6,27.61,8.0,14.9,5.6,0,0.0,4,36.4,123.0,75.0,99.0,77.0,5.0,2.0,5.0,muy mal,high
REC_001647,USR_0083,2026-05-24,54,169.8,76.5,26.54,3.0,0.8,4.6,3,0.0,7,37.0,125.0,72.0,106.0,86.0,5.0,3.0,5.0,mal,high
REC_001667,USR_0084,2026-05-24,44,158.0,54.3,21.77,7.0,54.6,6.8,2,13.0,1,36.6,121.0,81.0,79.0,72.0,2.0,8.0,7.0,muy bien,low
REC_001864,USR_0094,2026-05-24,55,187.2,89.0,25.39,8.0,68.3,8.6,0,13.9,0,36.3,112.0,65.0,83.0,78.0,2.0,8.0,10.0,muy bien,low
REC_001939,USR_0098,2026-05-24,18,159.2,70.8,27.92,10.0,41.6,6.6,4,17.2,0,36.1,116.0,69.0,88.0,75.0,2.0,5.0,8.0,bien,low
REC_002007,USR_0101,2026-05-24,20,147.8,45.3,20.72,3.0,6.6,3.3,1,9.4,4,37.1,113.0,77.0,79.0,97.0,8.0,1.0,4.0,mal,high
REC_002065,USR_0104,2026-05-24,31,181.5,102.5,31.11,7.0,21.3,8.0,2,8.2,1,37.1,110.0,66.0,97.0,78.0,3.0,6.0,6.0,regular,low
REC_002097,USR_0105,2026-05-24,29,170.0,66.2,22.89,7.0,27.6,7.8,0,0.3,4,36.7,124.0,75.0,79.0,90.0,4.0,4.0,7.0,regular,medium
REC_002191,USR_0110,2026-05-24,32,143.6,49.7,24.09,9.0,0.0,5.6,3,3.7,1,35.9,142.0,79.0,90.0,76.0,5.0,4.0,5.0,regular,medium
REC_002312,USR_0116,2026-05-24,37,173.7,84.0,27.83,8.0,23.6,5.8,2,6.2,5,36.5,115.0,78.0,66.0,86.0,4.0,3.0,5.0,mal,medium
REC_002358,USR_0118,2026-05-24,44,154.4,63.6,26.67,7.0,59.5,7.6,3,0.2,0,37.2,140.0,63.0,116.0,81.0,2.0,6.0,6.0,bien,low
REC_002486,USR_0125,2026-05-24,29,176.4,75.0,24.1,6.0,33.9,7.7,3,8.1,2,36.8,96.0,82.0,95.0,93.0,2.0,8.0,10.0,bien,low
REC_002553,USR_0128,2026-05-24,31,166.3,64.4,23.28,8.0,60.2,8.7,3,8.9,0,36.1,119.0,71.0,91.0,67.0,1.0,9.0,9.0,muy bien,low
REC_002573,USR_0129,2026-05-24,28,168.8,64.9,22.46,5.0,21.4,5.6,4,45.8,6,36.9,110.0,75.0,71.0,77.0,4.0,3.0,5.0,mal,medium
REC_002591,USR_0130,2026-05-24,43,144.9,40.0,19.05,2.0,8.4,5.6,0,2.5,5,36.3,120.0,70.0,89.0,98.0,7.0,4.0,6.0,mal,high
REC_002631,USR_0132,2026-05-24,49,162.1,63.1,24.02,4.0,7.9,4.9,0,7.0,3,37.3,131.0,70.0,85.0,88.0,8.0,2.0,5.0,mal,high
REC_002813,USR_0141,2026-05-24,40,188.9,124.6,34.91,3.0,0.0,5.8,4,17.0,2,36.0,118.0,92.0,121.0,92.0,5.0,2.0,6.0,regular,medium
REC_002876,USR_0144,2026-05-24,22,157.7,41.4,16.65,4.0,14.6,6.6,3,17.8,2,36.3,117.0,71.0,98.0,79.0,3.0,4.0,5.0,mal,medium
REC_003039,USR_0152,2026-05-24,49,178.9,92.3,28.83,6.0,0.0,6.5,0,11.5,5,36.9,115.0,68.0,116.0,85.0,6.0,2.0,4.0,mal,high
REC_003226,USR_0162,2026-05-24,23,183.5,74.4,22.1,6.0,22.2,8.7,5,29.0,1,36.7,121.0,71.0,102.0,85.0,1.0,6.0,9.0,muy bien,low
REC_003393,USR_0171,2026-05-24,70,149.8,58.9,26.24,6.0,2.8,7.5,3,0.0,4,36.8,125.0,66.0,111.0,87.0,3.0,5.0,6.0,regular,medium
REC_003434,USR_0173,2026-05-24,52,156.9,64.6,26.23,6.0,86.8,8.9,3,18.0,1,36.9,108.0,69.0,106.0,71.0,1.0,7.0,9.0,bien,low
REC_003521,USR_0177,2026-05-24,18,171.9,91.5,30.96,2.0,28.0,6.5,2,0.0,4,36.4,137.0,69.0,127.0,81.0,5.0,2.0,5.0,regular,medium
REC_003583,USR_0180,2026-05-24,31,158.5,63.5,25.26,9.0,46.9,7.3,3,15.7,1,37.1,134.0,81.0,91.0,82.0,3.0,5.0,8.0,bien,low
REC_003661,USR_0184,2026-05-24,39,165.9,60.3,21.9,7.0,62.6,7.8,5,3.4,0,36.7,111.0,60.0,69.0,77.0,1.0,7.0,8.0,bien,low
REC_003678,USR_0185,2026-05-24,58,174.0,76.3,25.2,6.0,9.5,5.5,1,0.0,4,36.4,129.0,66.0,94.0,80.0,7.0,1.0,6.0,mal,medium
REC_003800,USR_0191,2026-05-24,49,159.4,70.9,27.89,10.0,48.8,5.9,2,10.7,3,36.7,115.0,72.0,76.0,94.0,5.0,6.0,8.0,muy bien,medium
REC_003867,USR_0194,2026-05-24,40,174.0,85.6,28.27,8.0,41.0,7.0,2,0.0,2,36.4,110.0,73.0,64.0,66.0,2.0,4.0,7.0,bien,low
REC_003917,USR_0197,2026-05-24,53,162.9,81.5,30.73,4.0,0.0,6.3,2,10.7,5,37.0,123.0,79.0,90.0,93.0,7.0,1.0,3.0,mal,high
REC_003945,USR_0198,2026-05-24,29,180.5,67.6,20.76,10.0,50.8,8.3,5,27.4,1,36.3,99.0,88.0,85.0,64.0,1.0,4.0,8.0,bien,low
REC_004011,USR_0201,2026-05-24,41,166.5,70.9,25.56,6.0,6.7,5.4,2,15.1,0,36.7,138.0,63.0,74.0,85.0,5.0,4.0,6.0,bien,medium
REC_004414,USR_0221,2026-05-24,41,186.2,86.1,24.83,9.0,40.7,6.4,4,13.1,0,36.5,102.0,82.0,100.0,72.0,1.0,8.0,7.0,muy bien,low
REC_004571,USR_0229,2026-05-24,41,170.1,94.8,32.76,6.0,42.5,6.7,0,10.0,2,36.4,120.0,68.0,106.0,83.0,3.0,5.0,8.0,bien,low
REC_004667,USR_0234,2026-05-24,18,166.9,91.3,32.76,4.0,8.1,6.7,2,7.1,5,36.9,115.0,74.0,107.0,95.0,5.0,3.0,5.0,mal,medium
REC_004706,USR_0236,2026-05-24,38,167.9,51.6,18.31,2.0,7.3,6.1,0,1.0,5,36.7,110.0,81.0,96.0,83.0,5.0,3.0,6.0,regular,medium
REC_004775,USR_0239,2026-05-24,47,180.3,95.6,29.4,8.0,52.6,6.9,2,16.1,2,36.9,117.0,69.0,111.0,82.0,2.0,7.0,9.0,muy bien,low
REC_004817,USR_0241,2026-05-24,30,172.4,102.0,34.31,5.0,49.1,6.5,4,2.6,4,36.7,137.0,68.0,106.0,79.0,5.0,4.0,6.0,mal,low
REC_004862,USR_0243,2026-05-24,18,158.0,42.4,16.97,7.0,56.5,10.0,3,18.8,1,36.3,102.0,80.0,97.0,86.0,1.0,8.0,9.0,muy bien,low
REC_000059,USR_0003,2026-05-25,18,157.0,89.6,36.35,6.0,38.8,8.7,2,14.4,0,36.8,114.0,77.0,88.0,61.0,1.0,7.0,9.0,muy bien,low
REC_000113,USR_0006,2026-05-25,45,184.7,80.9,23.72,7.0,20.0,6.5,3,0.0,5,36.9,123.0,69.0,71.0,80.0,6.0,2.0,7.0,regular,medium
REC_000220,USR_0011,2026-05-25,27,164.4,45.6,16.86,5.0,21.6,6.1,0,0.0,3,36.7,120.0,73.0,86.0,72.0,7.0,1.0,5.0,mal,high
REC_000280,USR_0014,2026-05-25,18,140.0,55.6,28.36,8.0,39.2,7.6,3,14.6,1,36.4,118.0,65.0,66.0,67.0,3.0,3.0,7.0,bien,low
REC_000300,USR_0015,2026-05-25,27,168.2,78.2,27.63,9.0,58.5,7.7,3,17.7,0,36.7,130.0,71.0,91.0,66.0,1.0,6.0,8.0,bien,low
REC_000444,USR_0022,2026-05-25,55,157.3,94.7,38.28,5.0,23.4,5.1,2,0.0,3,36.6,124.0,81.0,74.0,83.0,6.0,1.0,3.0,muy mal,high
REC_000466,USR_0023,2026-05-25,26,182.6,90.6,27.18,3.0,5.1,7.2,2,12.0,3,36.7,110.0,71.0,78.0,73.0,6.0,2.0,7.0,mal,medium
REC_000488,USR_0024,2026-05-25,37,154.0,55.8,23.53,9.0,30.0,7.8,1,14.5,1,36.7,96.0,57.0,93.0,74.0,1.0,6.0,8.0,muy bien,low
REC_000708,USR_0036,2026-05-25,24,168.8,83.2,29.2,3.0,0.0,7.3,3,15.3,6,36.5,118.0,78.0,93.0,92.0,5.0,3.0,8.0,regular,medium
REC_000775,USR_0040,2026-05-25,27,172.7,67.6,22.66,6.0,47.2,7.1,3,9.2,1,36.8,125.0,74.0,73.0,86.0,4.0,7.0,8.0,bien,low
REC_000863,USR_0044,2026-05-25,34,167.9,68.7,24.36,10.0,34.5,7.9,3,10.2,0,37.4,116.0,69.0,91.0,71.0,2.0,6.0,8.0,bien,low
REC_001038,USR_0053,2026-05-25,41,177.1,74.5,23.77,3.0,36.6,4.8,0,0.7,5,37.0,125.0,68.0,65.0,74.0,7.0,3.0,6.0,mal,medium
REC_001142,USR_0058,2026-05-25,18,150.2,45.3,20.1,3.0,6.8,7.3,1,0.0,3,37.1,119.0,78.0,106.0,84.0,5.0,4.0,7.0,bien,medium
REC_001402,USR_0071,2026-05-25,29,163.4,65.5,24.52,2.0,0.0,7.4,2,3.1,6,36.3,111.0,66.0,113.0,94.0,4.0,2.0,5.0,mal,high
REC_001567,USR_0079,2026-05-25,36,177.6,67.6,21.42,4.0,39.5,6.3,2,0.0,2,36.5,112.0,72.0,80.0,88.0,6.0,3.0,5.0,regular,medium
REC_001770,USR_0089,2026-05-25,18,158.6,90.4,35.95,13.0,48.8,10.0,4,27.3,0,37.5,116.0,80.0,85.0,61.0,1.0,8.0,9.0,muy bien,low
REC_001846,USR_0093,2026-05-25,53,173.3,70.4,23.45,5.0,35.5,8.5,3,16.1,2,36.9,126.0,91.0,85.0,92.0,1.0,4.0,9.0,muy bien,low
REC_001879,USR_0095,2026-05-25,34,180.7,90.6,27.73,8.0,4.6,6.5,2,4.8,5,36.8,94.0,67.0,96.0,75.0,3.0,4.0,6.0,mal,medium
REC_001916,USR_0097,2026-05-25,23,163.2,51.4,19.3,6.0,38.2,7.7,2,4.5,2,36.9,107.0,65.0,74.0,80.0,2.0,5.0,6.0,bien,low
REC_001986,USR_0100,2026-05-25,69,161.2,90.1,34.67,9.0,55.2,7.0,3,20.2,1,36.3,119.0,76.0,99.0,73.0,3.0,7.0,8.0,bien,low
REC_002008,USR_0101,2026-05-25,20,147.8,45.8,20.85,3.0,19.4,5.3,0,12.4,5,36.1,131.0,74.0,100.0,81.0,8.0,2.0,6.0,mal,high
REC_002133,USR_0107,2026-05-25,43,166.8,82.6,29.7,2.0,32.3,6.5,3,0.0,7,37.3,127.0,73.0,71.0,84.0,4.0,5.0,7.0,mal,medium
REC_002192,USR_0110,2026-05-25,32,143.6,49.7,24.1,7.0,24.5,5.8,3,9.8,2,36.8,119.0,84.0,89.0,75.0,4.0,2.0,6.0,regular,medium
REC_002487,USR_0125,2026-05-25,29,176.4,74.3,24.11,9.0,79.2,6.4,2,12.4,0,37.2,125.0,63.0,72.0,73.0,1.0,7.0,6.0,muy bien,low
REC_002592,USR_0130,2026-05-25,43,144.9,40.0,19.05,5.0,5.0,5.3,0,2.3,4,36.7,129.0,84.0,78.0,87.0,6.0,3.0,6.0,regular,high
REC_002694,USR_0135,2026-05-25,60,162.5,87.3,33.08,2.0,4.9,5.1,2,0.0,5,36.6,152.0,68.0,95.0,105.0,4.0,1.0,6.0,mal,high
REC_002814,USR_0141,2026-05-25,40,188.9,124.5,34.89,4.0,6.6,3.6,0,0.0,3,36.4,123.0,73.0,90.0,87.0,6.0,1.0,5.0,mal,high
REC_002958,USR_0148,2026-05-25,30,142.0,46.8,23.21,5.0,11.2,4.5,2,8.5,5,37.1,121.0,73.0,85.0,92.0,8.0,1.0,4.0,muy mal,high
REC_003092,USR_0155,2026-05-25,38,188.3,125.5,35.4,7.0,0.0,4.4,1,0.0,6,36.7,107.0,75.0,128.0,87.0,5.0,3.0,4.0,mal,high
REC_003127,USR_0157,2026-05-25,33,169.6,62.2,21.64,1.0,0.1,4.5,1,0.0,7,36.4,125.0,67.0,102.0,113.0,10.0,1.0,5.0,muy mal,high
REC_003149,USR_0158,2026-05-25,34,167.3,70.7,25.28,6.0,6.1,6.5,1,0.0,6,37.4,117.0,73.0,76.0,88.0,5.0,4.0,4.0,regular,high
REC_003415,USR_0172,2026-05-25,40,173.9,91.6,30.28,4.0,7.5,3.8,0,4.7,7,37.3,133.0,77.0,88.0,95.0,8.0,1.0,6.0,muy mal,high
REC_003435,USR_0173,2026-05-25,52,156.9,64.5,26.21,6.0,54.8,7.9,3,20.1,0,36.8,116.0,63.0,107.0,73.0,1.0,7.0,9.0,bien,low
REC_003522,USR_0177,2026-05-25,18,171.9,91.4,30.95,4.0,0.0,4.9,1,2.4,6,36.0,121.0,76.0,110.0,81.0,8.0,1.0,4.0,muy mal,high
REC_003543,USR_0178,2026-05-25,41,163.8,100.3,37.38,5.0,17.4,7.3,0,0.0,3,37.0,122.0,70.0,71.0,80.0,2.0,4.0,6.0,regular,medium
REC_003566,USR_0179,2026-05-25,24,140.0,41.1,20.98,8.0,31.5,7.1,2,13.3,2,36.6,124.0,81.0,86.0,78.0,5.0,3.0,7.0,regular,medium
REC_003584,USR_0180,2026-05-25,31,158.5,63.3,25.24,6.0,48.1,8.9,2,22.2,1,36.5,122.0,75.0,96.0,72.0,1.0,5.0,7.0,bien,low
REC_003641,USR_0183,2026-05-25,18,163.7,80.5,30.06,6.0,45.5,6.3,3,25.2,0,36.9,130.0,62.0,90.0,65.0,3.0,7.0,7.0,bien,low
REC_003718,USR_0187,2026-05-25,32,163.7,76.9,28.72,11.0,65.0,9.1,1,15.6,2,37.0,107.0,81.0,87.0,67.0,1.0,7.0,8.0,bien,low
REC_003734,USR_0188,2026-05-25,29,163.2,53.8,20.19,3.0,0.0,5.6,0,0.0,2,37.0,110.0,76.0,87.0,83.0,8.0,1.0,6.0,mal,high
REC_003823,USR_0192,2026-05-25,34,158.4,87.9,35.05,1.0,10.9,5.6,1,0.0,4,37.2,142.0,65.0,97.0,87.0,6.0,1.0,4.0,muy mal,high
REC_003946,USR_0198,2026-05-25,29,180.5,67.5,20.73,10.0,44.4,8.8,3,0.0,0,36.2,117.0,71.0,89.0,59.0,2.0,7.0,7.0,bien,low
REC_004058,USR_0204,2026-05-25,43,182.8,85.1,25.46,3.0,42.4,7.7,1,12.8,0,36.6,120.0,83.0,75.0,74.0,2.0,7.0,9.0,muy bien,low
REC_004076,USR_0205,2026-05-25,18,177.2,75.2,24.1,5.0,16.8,5.4,2,5.7,6,36.8,111.0,72.0,91.0,91.0,6.0,4.0,6.0,mal,medium
REC_004098,USR_0206,2026-05-25,48,161.0,50.4,19.46,4.0,9.7,4.8,1,0.0,6,36.0,109.0,72.0,83.0,93.0,5.0,3.0,2.0,mal,high
REC_004280,USR_0214,2026-05-25,38,162.4,61.1,23.16,8.0,58.1,7.4,3,9.6,0,37.1,116.0,82.0,68.0,77.0,1.0,7.0,8.0,muy bien,low
REC_004321,USR_0216,2026-05-25,40,159.2,81.4,32.12,7.0,6.4,5.5,0,0.0,3,36.9,119.0,75.0,60.0,82.0,6.0,1.0,5.0,mal,medium
REC_004381,USR_0219,2026-05-25,18,176.3,52.8,16.98,5.0,24.4,7.7,3,4.4,4,36.7,127.0,81.0,79.0,97.0,3.0,5.0,7.0,mal,low
REC_004439,USR_0222,2026-05-25,62,157.0,77.6,31.5,7.0,15.8,6.8,0,0.0,2,36.7,136.0,75.0,73.0,81.0,4.0,3.0,5.0,bien,medium
REC_004460,USR_0223,2026-05-25,36,158.4,75.7,30.16,2.0,0.6,4.2,0,2.0,6,36.6,134.0,80.0,94.0,101.0,7.0,1.0,4.0,muy mal,high
REC_004707,USR_0236,2026-05-25,38,167.9,51.7,18.33,7.0,12.3,6.6,2,10.0,6,37.5,122.0,64.0,114.0,88.0,4.0,4.0,6.0,regular,medium
REC_004726,USR_0237,2026-05-25,55,174.9,86.2,28.17,1.0,0.0,4.9,1,0.0,4,36.2,110.0,77.0,67.0,85.0,8.0,2.0,4.0,muy mal,high
REC_004776,USR_0239,2026-05-25,47,180.3,95.9,29.5,12.0,27.8,7.6,5,21.8,0,36.8,119.0,70.0,87.0,73.0,1.0,7.0,8.0,bien,low
REC_004818,USR_0241,2026-05-25,30,172.4,102.0,34.31,9.0,14.1,5.7,1,0.0,6,37.1,125.0,67.0,113.0,85.0,5.0,2.0,5.0,mal,medium
REC_004863,USR_0243,2026-05-25,18,158.0,42.8,17.14,12.0,22.1,9.4,5,12.3,1,36.6,120.0,69.0,99.0,74.0,1.0,7.0,8.0,muy bien,low
REC_004901,USR_0245,2026-05-25,35,168.5,50.8,17.89,4.0,18.0,7.3,3,0.0,5,36.1,110.0,74.0,78.0,78.0,4.0,3.0,6.0,regular,medium
REC_000091,USR_0005,2026-05-26,31,160.5,47.8,18.57,10.0,44.9,8.0,3,19.1,0,36.5,102.0,77.0,70.0,85.0,3.0,7.0,10.0,bien,low
REC_000160,USR_0008,2026-05-26,32,161.4,104.4,40.09,7.0,20.5,7.1,2,9.7,4,36.7,116.0,69.0,112.0,76.0,4.0,4.0,7.0,regular,medium
REC_000180,USR_0009,2026-05-26,45,164.2,58.2,21.59,11.0,25.7,8.8,3,0.0,0,36.4,113.0,69.0,98.0,67.0,1.0,5.0,7.0,bien,low
REC_000324,USR_0016,2026-05-26,30,172.2,68.6,23.14,5.0,14.4,7.1,3,0.0,3,37.0,121.0,77.0,95.0,75.0,7.0,1.0,6.0,mal,medium
REC_000364,USR_0018,2026-05-26,27,169.5,73.8,25.7,7.0,0.0,5.1,0,0.0,5,36.6,120.0,77.0,94.0,95.0,7.0,1.0,4.0,mal,high
REC_000630,USR_0031,2026-05-26,42,175.5,95.6,31.04,7.0,49.2,6.8,3,0.0,2,36.6,115.0,69.0,103.0,67.0,4.0,4.0,6.0,regular,low
REC_000776,USR_0040,2026-05-26,27,172.7,67.7,22.7,9.0,53.6,7.6,5,14.3,0,37.4,123.0,74.0,79.0,75.0,1.0,6.0,9.0,muy bien,low
REC_000815,USR_0042,2026-05-26,50,149.9,59.4,26.45,8.0,29.2,7.4,2,5.9,3,37.1,126.0,86.0,95.0,84.0,3.0,5.0,7.0,regular,medium
REC_000979,USR_0050,2026-05-26,56,176.1,69.6,22.45,9.0,73.3,8.2,4,10.3,0,36.7,126.0,75.0,110.0,60.0,3.0,6.0,6.0,bien,low
REC_000999,USR_0051,2026-05-26,44,155.2,69.2,28.71,11.0,62.7,6.5,5,33.7,0,36.6,130.0,66.0,68.0,82.0,4.0,5.0,7.0,bien,low
REC_001067,USR_0054,2026-05-26,47,168.1,47.5,16.8,5.0,35.5,8.0,3,16.9,0,36.8,106.0,70.0,59.0,62.0,2.0,5.0,8.0,bien,low
REC_001223,USR_0062,2026-05-26,45,154.5,75.8,31.76,3.0,0.0,4.2,2,0.0,6,37.5,113.0,75.0,106.0,102.0,8.0,1.0,5.0,muy mal,high
REC_001236,USR_0063,2026-05-26,19,167.1,60.2,21.57,1.0,14.4,5.2,1,0.0,4,36.4,122.0,71.0,101.0,88.0,6.0,2.0,4.0,mal,high
REC_001255,USR_0064,2026-05-26,39,154.0,65.2,27.51,11.0,30.3,7.0,3,18.2,0,36.6,119.0,73.0,85.0,66.0,1.0,6.0,7.0,bien,medium
REC_001293,USR_0066,2026-05-26,32,161.3,89.7,34.47,10.0,56.8,7.0,1,19.2,0,36.6,123.0,76.0,79.0,78.0,2.0,7.0,9.0,muy bien,low
REC_001548,USR_0078,2026-05-26,40,148.8,54.2,24.47,0.0,4.3,4.6,2,0.0,4,37.1,109.0,78.0,88.0,95.0,6.0,3.0,6.0,mal,high
REC_001709,USR_0086,2026-05-26,36,181.9,111.1,33.58,2.0,0.0,4.8,2,1.3,6,36.2,129.0,71.0,91.0,86.0,6.0,1.0,4.0,mal,high
REC_001806,USR_0091,2026-05-26,44,178.1,104.2,32.85,8.0,35.4,7.5,3,20.1,2,36.3,114.0,82.0,91.0,84.0,4.0,8.0,8.0,bien,low
REC_001826,USR_0092,2026-05-26,34,166.4,78.8,28.45,7.0,35.9,6.0,3,11.3,5,36.6,117.0,87.0,74.0,99.0,5.0,4.0,7.0,regular,medium
REC_001847,USR_0093,2026-05-26,53,173.3,70.4,23.45,13.0,64.2,8.2,3,11.7,0,36.9,118.0,69.0,104.0,69.0,1.0,7.0,9.0,muy bien,low
REC_001917,USR_0097,2026-05-26,23,163.2,51.2,19.23,5.0,25.3,7.2,1,0.0,3,36.9,111.0,78.0,84.0,81.0,4.0,4.0,6.0,regular,medium
REC_002009,USR_0101,2026-05-26,20,147.8,45.5,20.84,4.0,0.0,5.2,1,11.4,6,36.8,114.0,70.0,82.0,81.0,5.0,2.0,6.0,muy mal,high
REC_002047,USR_0103,2026-05-26,42,167.4,71.9,25.65,6.0,7.7,4.3,0,5.6,4,36.8,130.0,78.0,111.0,83.0,6.0,1.0,5.0,mal,high
REC_002134,USR_0107,2026-05-26,43,166.8,82.3,29.59,6.0,0.0,5.6,3,5.2,6,37.1,119.0,67.0,91.0,64.0,4.0,3.0,6.0,regular,medium
REC_002227,USR_0112,2026-05-26,42,166.2,80.3,29.08,8.0,48.6,6.9,1,0.0,3,36.8,130.0,79.0,72.0,78.0,5.0,4.0,8.0,bien,low
REC_002439,USR_0122,2026-05-26,25,171.8,68.5,23.22,7.0,40.5,4.8,3,9.5,0,36.0,106.0,70.0,101.0,84.0,5.0,3.0,4.0,mal,medium
REC_002767,USR_0139,2026-05-26,45,155.6,56.2,23.2,8.0,22.4,6.2,1,20.4,2,37.0,106.0,88.0,85.0,91.0,4.0,4.0,6.0,regular,medium
REC_002935,USR_0147,2026-05-26,33,163.0,58.6,22.05,10.0,51.8,8.2,2,12.4,1,36.8,131.0,70.0,84.0,84.0,1.0,5.0,6.0,bien,low
REC_003040,USR_0152,2026-05-26,49,178.9,92.3,28.83,4.0,16.5,5.9,1,0.0,5,36.8,114.0,63.0,106.0,83.0,6.0,1.0,5.0,muy mal,high
REC_003167,USR_0159,2026-05-26,39,164.1,76.6,28.46,6.0,53.8,6.7,3,13.2,0,36.8,104.0,69.0,90.0,80.0,2.0,7.0,6.0,bien,low
REC_003285,USR_0165,2026-05-26,50,167.0,79.0,28.32,6.0,5.9,7.1,1,12.7,1,36.5,121.0,83.0,84.0,78.0,4.0,5.0,8.0,bien,medium
REC_003394,USR_0171,2026-05-26,70,149.8,58.5,26.09,6.0,0.0,7.1,1,20.9,3,36.7,137.0,72.0,89.0,95.0,2.0,4.0,6.0,regular,medium
REC_003455,USR_0174,2026-05-26,45,162.1,60.5,22.54,5.0,24.8,7.4,3,22.1,3,36.7,102.0,75.0,98.0,101.0,3.0,4.0,6.0,regular,medium
REC_003478,USR_0175,2026-05-26,54,191.2,88.5,24.21,7.0,37.1,7.1,4,24.9,1,36.6,128.0,68.0,86.0,70.0,1.0,7.0,9.0,muy bien,medium
REC_003801,USR_0191,2026-05-26,49,159.4,71.0,27.95,7.0,36.4,6.9,3,19.4,1,36.6,114.0,73.0,81.0,78.0,2.0,6.0,7.0,bien,low
REC_003842,USR_0193,2026-05-26,35,170.0,93.4,32.34,0.0,14.8,5.5,0,12.1,3,36.5,110.0,72.0,102.0,86.0,4.0,2.0,4.0,muy mal,high
REC_003965,USR_0199,2026-05-26,22,166.5,76.1,27.45,8.0,71.1,8.2,2,4.5,0,36.9,108.0,69.0,80.0,81.0,1.0,8.0,9.0,bien,low
REC_004012,USR_0201,2026-05-26,41,166.5,71.0,25.59,10.0,43.4,4.2,4,9.5,1,36.3,119.0,82.0,100.0,77.0,5.0,4.0,7.0,regular,low
REC_004059,USR_0204,2026-05-26,43,182.8,85.1,25.46,8.0,71.0,7.2,4,24.0,3,36.7,131.0,69.0,91.0,74.0,1.0,9.0,8.0,bien,low
REC_004077,USR_0205,2026-05-26,18,177.2,75.8,24.13,6.0,9.4,5.9,2,9.6,7,37.2,115.0,61.0,119.0,95.0,5.0,2.0,5.0,regular,medium
REC_004167,USR_0209,2026-05-26,30,166.3,51.9,18.77,4.0,17.6,4.2,1,10.7,5,37.2,115.0,72.0,71.0,82.0,6.0,2.0,4.0,mal,high
REC_004189,USR_0210,2026-05-26,39,159.0,85.8,33.93,6.0,15.1,4.6,3,27.4,2,36.4,122.0,70.0,74.0,89.0,3.0,4.0,6.0,bien,medium
REC_004322,USR_0216,2026-05-26,40,159.2,81.9,32.3,4.0,15.1,4.6,2,0.0,4,37.1,101.0,80.0,84.0,93.0,8.0,1.0,6.0,muy mal,medium
REC_004415,USR_0221,2026-05-26,41,186.2,85.7,24.71,9.0,62.5,5.3,2,16.7,1,36.8,117.0,71.0,87.0,89.0,3.0,6.0,6.0,bien,low
REC_004593,USR_0230,2026-05-26,70,148.7,68.2,30.85,5.0,54.6,6.9,1,0.0,4,37.4,130.0,82.0,116.0,92.0,6.0,3.0,5.0,mal,medium
REC_004614,USR_0231,2026-05-26,25,153.6,45.2,19.17,7.0,53.8,7.3,5,17.3,3,37.0,120.0,70.0,115.0,87.0,1.0,7.0,7.0,bien,low
REC_004668,USR_0234,2026-05-26,18,166.9,90.8,32.6,7.0,43.3,6.6,3,0.0,5,37.3,136.0,96.0,75.0,79.0,5.0,3.0,6.0,regular,medium
REC_004685,USR_0235,2026-05-26,23,166.5,53.1,19.17,10.0,72.2,8.6,1,34.4,2,37.0,115.0,69.0,62.0,68.0,3.0,7.0,8.0,muy bien,low
REC_004777,USR_0239,2026-05-26,47,180.3,95.7,29.44,9.0,25.3,7.3,2,20.9,1,36.9,102.0,65.0,76.0,73.0,2.0,9.0,7.0,muy bien,low
REC_004864,USR_0243,2026-05-26,18,158.0,43.1,17.25,7.0,42.0,7.8,2,21.4,1,37.0,116.0,68.0,94.0,67.0,2.0,6.0,7.0,bien,low
REC_004977,USR_0249,2026-05-26,23,173.3,50.7,16.88,10.0,30.8,6.8,3,13.1,0,37.0,105.0,72.0,102.0,90.0,2.0,7.0,5.0,regular,low
REC_004995,USR_0250,2026-05-26,26,149.2,46.1,20.73,6.0,0.0,4.9,0,0.0,6,36.9,119.0,72.0,97.0,86.0,6.0,1.0,7.0,mal,high
REC_000235,USR_0012,2026-05-27,27,174.4,103.7,34.09,0.0,0.0,4.6,0,0.0,5,36.4,124.0,88.0,114.0,89.0,7.0,1.0,5.0,mal,high
REC_000325,USR_0016,2026-05-27,30,172.2,68.6,23.13,3.0,16.6,6.8,2,13.4,4,36.5,118.0,69.0,93.0,93.0,5.0,2.0,7.0,mal,medium
REC_000593,USR_0029,2026-05-27,49,153.3,47.7,20.26,6.0,57.6,8.0,3,28.5,2,36.7,109.0,70.0,87.0,77.0,1.0,8.0,9.0,bien,low
REC_000614,USR_0030,2026-05-27,25,161.0,72.2,27.86,5.0,76.4,8.3,4,0.0,0,36.3,122.0,76.0,96.0,64.0,1.0,7.0,7.0,muy bien,low
REC_000662,USR_0033,2026-05-27,46,165.5,67.6,24.68,4.0,17.6,5.4,1,10.0,4,36.7,112.0,75.0,66.0,78.0,4.0,2.0,5.0,mal,high
REC_000916,USR_0047,2026-05-27,25,187.4,83.4,23.75,0.0,0.0,6.0,2,0.0,7,36.3,114.0,69.0,96.0,90.0,6.0,3.0,4.0,mal,high
REC_000952,USR_0049,2026-05-27,45,158.8,88.0,34.88,5.0,38.4,6.3,3,17.1,3,37.2,127.0,80.0,62.0,73.0,4.0,4.0,7.0,bien,low
REC_001039,USR_0053,2026-05-27,41,177.1,74.6,23.78,7.0,46.1,6.0,3,13.1,2,36.4,134.0,73.0,78.0,90.0,5.0,2.0,5.0,regular,medium
REC_001101,USR_0056,2026-05-27,60,165.5,52.8,19.29,6.0,0.0,5.7,3,4.6,5,36.7,137.0,72.0,84.0,81.0,7.0,3.0,5.0,muy mal,high
REC_001121,USR_0057,2026-05-27,33,172.5,83.3,28.0,7.0,41.9,6.9,4,18.5,0,37.2,114.0,68.0,89.0,51.0,1.0,7.0,8.0,muy bien,low
REC_001143,USR_0058,2026-05-27,18,150.2,45.1,19.99,5.0,21.8,7.2,2,2.0,2,36.4,106.0,71.0,107.0,82.0,5.0,3.0,6.0,regular,medium
REC_001237,USR_0063,2026-05-27,19,167.1,60.4,21.62,1.0,0.0,6.5,1,13.0,5,37.5,118.0,86.0,104.0,83.0,7.0,2.0,6.0,mal,high
REC_001504,USR_0076,2026-05-27,21,168.4,90.9,32.06,4.0,11.9,6.7,2,16.1,5,37.3,120.0,61.0,111.0,89.0,3.0,4.0,5.0,mal,medium
REC_001568,USR_0079,2026-05-27,36,177.6,67.3,21.34,5.0,29.5,7.9,4,8.9,2,37.0,119.0,68.0,98.0,89.0,4.0,4.0,6.0,regular,medium
REC_001583,USR_0080,2026-05-27,20,165.5,71.7,26.18,5.0,36.6,6.3,0,2.8,4,36.5,138.0,74.0,82.0,94.0,7.0,1.0,4.0,mal,medium
REC_001732,USR_0087,2026-05-27,34,162.7,84.6,31.96,10.0,44.3,6.2,3,10.2,1,36.2,84.0,69.0,107.0,79.0,1.0,7.0,6.0,bien,low
REC_001790,USR_0090,2026-05-27,34,183.3,96.7,28.79,9.0,51.8,6.0,2,11.5,2,37.2,122.0,77.0,106.0,79.0,3.0,4.0,6.0,regular,medium
REC_001940,USR_0098,2026-05-27,18,159.2,70.9,27.98,5.0,50.0,6.8,4,9.3,0,36.4,98.0,75.0,95.0,81.0,2.0,6.0,9.0,bien,low
REC_002066,USR_0104,2026-05-27,31,181.5,102.4,31.08,10.0,65.8,7.6,4,15.9,0,36.0,130.0,72.0,127.0,59.0,1.0,8.0,8.0,muy bien,low
REC_002359,USR_0118,2026-05-27,44,154.4,63.8,26.74,9.0,65.0,8.4,4,29.8,0,36.7,123.0,86.0,74.0,81.0,1.0,6.0,8.0,muy bien,low
REC_002508,USR_0126,2026-05-27,48,177.6,81.5,25.83,6.0,20.8,5.0,1,0.0,5,36.3,134.0,76.0,73.0,97.0,4.0,4.0,6.0,regular,medium
REC_002710,USR_0136,2026-05-27,27,162.1,96.9,36.87,5.0,21.3,7.0,2,0.0,4,36.8,106.0,63.0,121.0,86.0,3.0,5.0,7.0,bien,medium
REC_002728,USR_0137,2026-05-27,36,173.1,66.9,22.33,6.0,16.5,5.4,4,9.4,0,36.7,106.0,84.0,82.0,93.0,6.0,4.0,4.0,mal,medium
REC_002768,USR_0139,2026-05-27,45,155.6,56.2,23.22,7.0,30.4,6.8,2,0.0,1,36.6,118.0,73.0,57.0,62.0,4.0,4.0,7.0,mal,low
REC_002852,USR_0143,2026-05-27,18,163.8,65.1,24.27,5.0,13.7,6.0,2,13.1,0,36.1,110.0,76.0,89.0,73.0,1.0,6.0,6.0,bien,medium
REC_002914,USR_0146,2026-05-27,58,160.0,67.7,26.44,6.0,46.1,6.5,3,13.6,1,37.3,119.0,79.0,113.0,72.0,1.0,8.0,8.0,muy bien,low
REC_002999,USR_0150,2026-05-27,37,172.4,50.4,16.95,11.0,47.1,8.1,4,10.2,0,36.3,116.0,71.0,78.0,79.0,1.0,7.0,8.0,bien,low
REC_003014,USR_0151,2026-05-27,26,164.4,46.0,17.01,10.0,34.4,6.9,3,0.0,2,36.7,125.0,78.0,104.0,82.0,2.0,6.0,7.0,bien,low
REC_003104,USR_0156,2026-05-27,49,177.1,72.8,23.21,8.0,75.6,8.8,2,15.5,0,36.5,125.0,68.0,82.0,75.0,1.0,8.0,6.0,muy bien,low
REC_003207,USR_0161,2026-05-27,36,157.9,66.3,26.6,4.0,0.0,5.9,2,11.8,7,36.5,122.0,77.0,63.0,88.0,7.0,1.0,6.0,muy mal,high
REC_003307,USR_0166,2026-05-27,30,161.2,62.7,24.13,7.0,13.6,7.8,4,35.0,1,36.9,119.0,77.0,72.0,67.0,2.0,7.0,10.0,bien,low
REC_003456,USR_0174,2026-05-27,45,162.1,59.2,22.52,7.0,27.9,7.1,1,0.0,1,36.4,104.0,67.0,97.0,79.0,4.0,4.0,7.0,regular,medium
REC_003523,USR_0177,2026-05-27,18,171.9,91.3,30.91,3.0,5.8,6.5,0,1.4,7,36.6,123.0,74.0,92.0,88.0,7.0,1.0,5.0,muy mal,high
REC_003544,USR_0178,2026-05-27,41,163.8,100.0,37.28,8.0,49.3,5.9,0,18.4,2,36.2,126.0,72.0,79.0,71.0,5.0,4.0,4.0,muy mal,medium
REC_003567,USR_0179,2026-05-27,24,140.0,41.5,21.17,5.0,24.5,8.2,0,3.8,3,37.0,115.0,90.0,92.0,78.0,5.0,3.0,6.0,mal,medium
REC_003696,USR_0186,2026-05-27,25,169.9,75.3,26.07,8.0,60.5,8.2,1,17.5,2,37.0,107.0,70.0,89.0,71.0,1.0,8.0,7.0,bien,low
REC_003735,USR_0188,2026-05-27,29,163.2,53.6,20.11,5.0,0.0,5.0,2,0.0,4,37.0,115.0,72.0,78.0,95.0,7.0,2.0,3.0,mal,high
REC_003802,USR_0191,2026-05-27,49,159.4,71.2,28.01,11.0,76.6,6.1,5,8.0,2,36.3,128.0,76.0,81.0,74.0,2.0,6.0,7.0,bien,low
REC_003947,USR_0198,2026-05-27,29,180.5,67.3,20.66,11.0,68.8,6.8,2,20.0,0,36.5,102.0,76.0,93.0,67.0,2.0,6.0,6.0,bien,low
REC_004078,USR_0205,2026-05-27,18,177.2,75.8,24.14,4.0,0.0,6.3,2,8.0,7,37.2,118.0,59.0,77.0,88.0,5.0,1.0,5.0,mal,high
REC_004099,USR_0206,2026-05-27,48,161.0,50.5,19.48,9.0,0.0,6.2,2,0.0,7,36.6,135.0,71.0,64.0,92.0,4.0,3.0,6.0,mal,medium
REC_004122,USR_0207,2026-05-27,18,169.3,74.7,26.07,10.0,35.4,8.8,2,6.8,2,36.5,109.0,56.0,87.0,73.0,4.0,7.0,7.0,muy bien,low
REC_004481,USR_0224,2026-05-27,49,159.6,62.6,24.56,8.0,80.8,8.7,3,10.5,1,37.0,109.0,67.0,102.0,84.0,2.0,6.0,8.0,bien,low
REC_004572,USR_0229,2026-05-27,41,170.1,94.8,32.77,6.0,70.9,6.8,1,2.9,2,36.7,117.0,86.0,103.0,69.0,4.0,6.0,7.0,bien,low
REC_004819,USR_0241,2026-05-27,30,172.4,101.8,34.26,6.0,11.8,6.4,1,0.0,6,37.1,110.0,72.0,78.0,86.0,4.0,2.0,7.0,bien,medium
REC_004962,USR_0248,2026-05-27,35,183.9,58.2,17.21,6.0,27.0,7.0,2,0.0,4,36.8,124.0,70.0,92.0,73.0,3.0,4.0,6.0,regular,medium
REC_000012,USR_0001,2026-05-28,40,164.4,68.9,25.48,10.0,18.9,7.2,3,7.6,0,36.7,102.0,58.0,112.0,76.0,3.0,6.0,7.0,bien,low
REC_000036,USR_0002,2026-05-28,23,179.5,88.5,27.48,5.0,2.3,5.9,2,7.0,6,37.1,119.0,70.0,75.0,91.0,5.0,2.0,6.0,mal,high
REC_000133,USR_0007,2026-05-28,39,184.9,58.4,17.1,0.0,0.0,4.3,2,8.5,5,37.1,119.0,83.0,96.0,102.0,7.0,1.0,4.0,mal,high
REC_000161,USR_0008,2026-05-28,32,161.4,104.4,40.06,8.0,22.3,5.4,2,0.0,2,37.1,114.0,71.0,101.0,77.0,4.0,4.0,5.0,mal,medium
REC_000181,USR_0009,2026-05-28,45,164.2,58.5,21.7,10.0,65.6,8.8,3,0.0,1,36.8,127.0,69.0,107.0,84.0,1.0,6.0,6.0,bien,low
REC_000201,USR_0010,2026-05-28,26,176.8,93.9,30.03,4.0,19.7,6.7,5,13.6,0,36.7,114.0,81.0,80.0,68.0,2.0,6.0,6.0,bien,medium
REC_000420,USR_0021,2026-05-28,18,158.0,81.1,32.38,7.0,0.0,4.0,3,0.0,7,36.9,125.0,83.0,78.0,92.0,6.0,1.0,4.0,mal,high
REC_000467,USR_0023,2026-05-28,26,182.6,90.4,27.1,6.0,0.0,6.4,3,17.7,7,37.7,134.0,75.0,104.0,90.0,7.0,2.0,7.0,mal,medium
REC_000489,USR_0024,2026-05-28,37,154.0,56.5,23.63,10.0,36.8,6.5,3,22.8,0,36.9,109.0,71.0,85.0,77.0,2.0,5.0,8.0,bien,low
REC_000571,USR_0028,2026-05-28,55,153.2,70.4,29.99,4.0,35.5,7.0,3,0.0,2,37.4,134.0,81.0,97.0,80.0,5.0,4.0,5.0,regular,medium
REC_000594,USR_0029,2026-05-28,49,153.3,47.4,20.18,8.0,42.7,7.3,5,11.3,1,36.6,137.0,86.0,61.0,72.0,2.0,7.0,9.0,muy bien,low
REC_000649,USR_0032,2026-05-28,42,174.4,90.4,29.71,8.0,66.2,7.0,4,27.7,0,36.6,112.0,71.0,83.0,61.0,1.0,9.0,8.0,muy bien,low
REC_000663,USR_0033,2026-05-28,46,165.5,67.4,24.59,3.0,0.0,4.4,0,3.1,7,36.9,129.0,72.0,61.0,90.0,8.0,1.0,3.0,muy mal,high
REC_000716,USR_0037,2026-05-28,31,161.4,59.0,22.64,4.0,24.2,6.1,2,7.1,5,36.7,126.0,74.0,94.0,87.0,6.0,2.0,6.0,muy mal,medium
REC_000799,USR_0041,2026-05-28,43,159.4,69.0,27.14,4.0,29.7,8.4,3,8.8,0,36.1,135.0,72.0,101.0,74.0,2.0,7.0,9.0,bien,low
REC_000864,USR_0044,2026-05-28,34,167.9,68.4,24.27,8.0,59.3,9.8,3,10.4,0,35.9,103.0,67.0,85.0,68.0,1.0,9.0,10.0,muy bien,low
REC_000980,USR_0050,2026-05-28,56,176.1,69.0,22.39,8.0,29.3,7.4,0,0.0,0,36.7,125.0,93.0,71.0,88.0,3.0,5.0,6.0,regular,medium
REC_001084,USR_0055,2026-05-28,57,162.7,51.5,19.45,5.0,38.3,6.1,2,23.2,3,36.9,128.0,90.0,108.0,87.0,7.0,3.0,7.0,regular,medium
REC_001144,USR_0058,2026-05-28,18,150.2,45.0,19.94,6.0,24.1,8.2,3,14.1,1,36.6,127.0,64.0,73.0,82.0,3.0,3.0,7.0,regular,medium
REC_001161,USR_0059,2026-05-28,51,165.2,62.9,23.05,5.0,20.8,5.8,3,0.0,2,37.0,125.0,70.0,84.0,81.0,5.0,4.0,3.0,mal,medium
REC_001203,USR_0061,2026-05-28,44,168.5,79.3,27.93,6.0,0.0,7.2,3,3.8,6,37.0,106.0,73.0,93.0,95.0,5.0,2.0,6.0,mal,medium
REC_001384,USR_0070,2026-05-28,44,156.1,57.1,23.42,6.0,11.5,6.8,1,11.8,1,36.5,112.0,92.0,91.0,94.0,4.0,5.0,7.0,bien,medium
REC_001480,USR_0075,2026-05-28,21,161.6,42.7,16.35,9.0,36.1,5.2,2,4.3,3,36.7,118.0,64.0,84.0,74.0,3.0,5.0,7.0,mal,medium
REC_001622,USR_0082,2026-05-28,51,145.3,53.8,25.5,9.0,23.9,7.4,3,12.3,0,36.4,144.0,84.0,91.0,63.0,2.0,6.0,9.0,bien,low
REC_001648,USR_0083,2026-05-28,54,169.8,76.4,26.49,7.0,21.3,6.8,3,0.0,4,36.6,119.0,66.0,56.0,85.0,7.0,3.0,8.0,regular,medium
REC_001668,USR_0084,2026-05-28,44,158.0,54.5,21.82,10.0,21.2,8.1,3,12.4,0,36.3,117.0,83.0,102.0,57.0,1.0,7.0,9.0,muy bien,low
REC_001710,USR_0086,2026-05-28,36,181.9,111.2,33.6,2.0,0.0,4.7,2,15.6,3,36.9,119.0,71.0,132.0,87.0,6.0,1.0,6.0,muy mal,high
REC_001865,USR_0094,2026-05-28,55,187.2,88.7,25.33,9.0,38.8,6.6,0,25.7,3,36.9,120.0,73.0,101.0,88.0,2.0,6.0,6.0,mal,medium
REC_001941,USR_0098,2026-05-28,18,159.2,70.9,27.96,11.0,35.8,6.8,3,11.3,0,36.9,122.0,74.0,99.0,75.0,2.0,6.0,6.0,bien,low
REC_001964,USR_0099,2026-05-28,36,171.7,62.4,21.16,3.0,19.5,6.9,2,10.7,1,37.0,117.0,71.0,69.0,75.0,4.0,3.0,6.0,regular,medium
REC_002193,USR_0110,2026-05-28,32,143.6,49.7,24.09,6.0,3.2,6.8,1,0.0,1,36.9,138.0,74.0,104.0,101.0,5.0,3.0,6.0,regular,medium
REC_002213,USR_0111,2026-05-28,47,170.9,89.3,30.59,8.0,40.9,7.2,1,3.3,3,36.7,121.0,72.0,55.0,90.0,4.0,4.0,7.0,regular,low
REC_002250,USR_0113,2026-05-28,36,165.6,55.6,20.26,5.0,44.4,7.9,3,15.9,2,37.0,112.0,58.0,64.0,78.0,2.0,7.0,6.0,bien,low
REC_002509,USR_0126,2026-05-28,48,177.6,81.6,25.88,4.0,4.9,3.5,3,0.0,10,36.6,111.0,76.0,106.0,80.0,8.0,2.0,5.0,muy mal,high
REC_002574,USR_0129,2026-05-28,28,168.8,64.1,22.5,4.0,0.0,5.2,2,17.2,4,37.2,113.0,74.0,85.0,77.0,4.0,4.0,6.0,regular,medium
REC_002632,USR_0132,2026-05-28,49,162.1,63.3,24.08,1.0,25.9,4.2,3,0.8,5,36.3,139.0,74.0,98.0,85.0,9.0,2.0,5.0,mal,high
REC_002853,USR_0143,2026-05-28,18,163.8,65.0,24.23,7.0,52.0,7.4,2,13.1,1,36.7,106.0,80.0,59.0,83.0,1.0,7.0,7.0,bien,low
REC_003041,USR_0152,2026-05-28,49,178.9,92.3,28.83,2.0,28.7,4.8,1,2.8,5,36.5,126.0,83.0,91.0,76.0,6.0,1.0,3.0,muy mal,high
REC_003189,USR_0160,2026-05-28,74,166.8,72.6,26.09,10.0,47.2,6.4,3,19.2,3,36.9,120.0,77.0,101.0,91.0,4.0,4.0,7.0,regular,low
REC_003227,USR_0162,2026-05-28,23,183.5,74.4,22.1,8.0,42.7,10.0,4,12.3,0,37.0,125.0,71.0,78.0,73.0,2.0,6.0,9.0,muy bien,low
REC_003286,USR_0165,2026-05-28,50,167.0,79.0,28.34,8.0,46.2,5.2,1,0.0,4,36.5,112.0,74.0,71.0,82.0,5.0,4.0,6.0,regular,medium
REC_003378,USR_0170,2026-05-28,53,167.8,95.8,34.02,8.0,35.7,5.9,2,11.2,2,36.5,118.0,62.0,86.0,81.0,4.0,5.0,4.0,regular,medium
REC_003479,USR_0175,2026-05-28,54,191.2,88.5,24.21,11.0,35.9,7.5,4,14.7,2,36.6,125.0,63.0,74.0,66.0,2.0,8.0,7.0,muy bien,low
REC_003568,USR_0179,2026-05-28,24,140.0,41.5,21.16,7.0,20.7,7.2,2,15.9,3,37.3,147.0,68.0,111.0,81.0,2.0,4.0,7.0,bien,medium
REC_003622,USR_0182,2026-05-28,53,170.7,73.5,25.23,1.0,0.0,5.9,1,0.0,5,37.4,142.0,76.0,107.0,85.0,7.0,1.0,4.0,muy mal,high
REC_003736,USR_0188,2026-05-28,29,163.2,53.7,20.17,4.0,1.0,5.7,1,5.5,5,36.6,124.0,65.0,97.0,90.0,7.0,1.0,5.0,muy mal,high
REC_003966,USR_0199,2026-05-28,22,166.5,76.2,27.49,8.0,70.7,10.0,3,2.5,1,36.9,117.0,81.0,94.0,78.0,1.0,8.0,9.0,bien,low
REC_004123,USR_0207,2026-05-28,18,169.3,74.9,26.12,9.0,11.7,7.6,2,21.4,1,36.6,115.0,74.0,116.0,83.0,2.0,7.0,8.0,bien,medium
REC_004190,USR_0210,2026-05-28,39,159.0,85.8,33.93,7.0,27.6,6.0,3,5.1,4,36.9,120.0,82.0,80.0,87.0,3.0,4.0,6.0,regular,medium
REC_004226,USR_0212,2026-05-28,45,154.0,50.9,21.48,3.0,2.5,5.2,1,0.0,5,36.7,127.0,89.0,83.0,89.0,8.0,1.0,3.0,muy mal,high
REC_004281,USR_0214,2026-05-28,38,162.4,61.0,23.13,11.0,41.9,7.4,4,0.0,0,36.7,104.0,57.0,91.0,71.0,2.0,8.0,8.0,muy bien,low
REC_004416,USR_0221,2026-05-28,41,186.2,85.6,24.7,9.0,45.9,6.0,2,20.5,1,36.4,114.0,68.0,77.0,77.0,1.0,6.0,8.0,regular,low
REC_004461,USR_0223,2026-05-28,36,158.4,75.5,30.09,5.0,3.9,4.8,3,15.2,4,37.4,146.0,75.0,112.0,89.0,7.0,1.0,3.0,muy mal,high
REC_004519,USR_0226,2026-05-28,50,166.7,123.1,44.3,8.0,27.0,5.7,1,10.5,2,37.5,105.0,70.0,91.0,78.0,5.0,5.0,6.0,regular,medium
REC_004554,USR_0228,2026-05-28,38,181.6,83.7,25.37,9.0,40.7,8.1,3,25.4,3,37.3,105.0,69.0,109.0,84.0,2.0,7.0,7.0,mal,low
REC_004820,USR_0241,2026-05-28,30,172.4,101.5,34.15,8.0,51.3,6.9,2,9.8,8,36.8,128.0,79.0,94.0,90.0,6.0,1.0,6.0,mal,medium
REC_004941,USR_0247,2026-05-28,51,145.1,40.8,19.4,4.0,37.6,3.6,2,0.0,3,36.4,136.0,71.0,98.0,88.0,7.0,2.0,5.0,mal,medium
REC_000060,USR_0003,2026-05-29,18,157.0,89.6,36.35,11.0,62.0,8.9,3,9.3,0,35.9,120.0,82.0,105.0,61.0,1.0,8.0,9.0,muy bien,low
REC_000134,USR_0007,2026-05-29,39,184.9,58.7,17.18,5.0,0.0,4.6,1,2.4,6,36.4,123.0,85.0,82.0,87.0,6.0,1.0,4.0,muy mal,high
REC_000162,USR_0008,2026-05-29,32,161.4,104.6,40.14,4.0,46.4,5.3,2,0.0,3,36.9,115.0,75.0,88.0,78.0,5.0,2.0,6.0,mal,medium
REC_000182,USR_0009,2026-05-29,45,164.2,58.7,21.76,9.0,52.0,7.9,3,8.8,0,36.7,122.0,72.0,54.0,61.0,4.0,5.0,7.0,regular,low
REC_000281,USR_0014,2026-05-29,18,140.0,55.6,28.38,11.0,11.2,7.1,2,17.4,3,37.7,87.0,64.0,89.0,74.0,2.0,6.0,8.0,regular,medium
REC_000421,USR_0021,2026-05-29,18,158.0,80.5,32.26,7.0,11.3,6.6,3,0.0,5,36.1,113.0,65.0,91.0,94.0,5.0,2.0,7.0,mal,medium
REC_000595,USR_0029,2026-05-29,49,153.3,47.0,20.01,9.0,38.9,7.7,3,16.6,1,37.1,93.0,82.0,99.0,64.0,2.0,6.0,8.0,bien,low
REC_000631,USR_0031,2026-05-29,42,175.5,95.6,31.03,3.0,42.0,6.4,4,22.6,3,37.1,122.0,74.0,91.0,85.0,7.0,4.0,6.0,mal,medium
REC_000664,USR_0033,2026-05-29,46,165.5,66.7,24.68,5.0,0.0,4.7,0,0.3,5,36.6,118.0,83.0,69.0,88.0,9.0,2.0,6.0,mal,high
REC_000840,USR_0043,2026-05-29,18,151.0,49.0,21.49,9.0,77.6,7.2,5,16.9,0,37.3,112.0,73.0,79.0,74.0,3.0,5.0,8.0,bien,low
REC_000981,USR_0050,2026-05-29,56,176.1,69.3,22.36,13.0,41.4,7.4,2,9.5,1,36.9,110.0,75.0,63.0,71.0,2.0,6.0,7.0,regular,low
REC_001085,USR_0055,2026-05-29,57,162.7,51.3,19.37,6.0,37.1,6.3,2,1.8,2,37.0,129.0,78.0,82.0,82.0,4.0,6.0,7.0,bien,low
REC_001162,USR_0059,2026-05-29,51,165.2,63.2,23.14,8.0,22.6,6.6,0,17.6,3,36.5,113.0,74.0,94.0,85.0,4.0,3.0,6.0,mal,medium
REC_001256,USR_0064,2026-05-29,39,154.0,65.3,27.55,8.0,25.3,8.1,1,0.4,0,36.6,122.0,64.0,97.0,81.0,1.0,7.0,8.0,muy bien,low
REC_001522,USR_0077,2026-05-29,27,166.1,67.5,24.45,10.0,51.2,6.4,4,22.2,0,37.0,108.0,67.0,110.0,84.0,3.0,7.0,7.0,bien,low
REC_001584,USR_0080,2026-05-29,20,165.5,71.6,26.13,5.0,43.2,6.4,0,10.3,1,36.1,109.0,67.0,79.0,77.0,4.0,1.0,7.0,mal,medium
REC_001606,USR_0081,2026-05-29,18,167.4,103.9,37.07,4.0,10.2,6.1,1,10.7,3,36.7,108.0,64.0,91.0,85.0,5.0,1.0,4.0,mal,high
REC_001669,USR_0084,2026-05-29,44,158.0,54.6,21.85,10.0,58.6,8.2,3,26.2,1,37.3,106.0,81.0,89.0,80.0,1.0,9.0,10.0,muy bien,low
REC_001711,USR_0086,2026-05-29,36,181.9,111.3,33.62,1.0,0.0,5.2,1,0.0,7,36.5,125.0,71.0,103.0,85.0,6.0,1.0,3.0,muy mal,high
REC_002289,USR_0115,2026-05-29,38,149.5,54.4,24.32,3.0,0.0,6.4,1,0.0,8,36.5,133.0,71.0,76.0,97.0,6.0,2.0,6.0,mal,high
REC_002360,USR_0118,2026-05-29,44,154.4,63.9,26.79,9.0,29.8,8.8,3,17.1,0,36.8,99.0,77.0,65.0,58.0,1.0,7.0,9.0,muy bien,low
REC_002554,USR_0128,2026-05-29,31,166.3,63.5,23.31,11.0,50.6,7.8,4,0.7,0,36.3,117.0,72.0,68.0,85.0,1.0,8.0,8.0,muy bien,low
REC_002695,USR_0135,2026-05-29,60,162.5,87.6,33.18,0.0,0.0,3.9,2,0.0,6,36.7,145.0,84.0,88.0,95.0,8.0,1.0,3.0,mal,high
REC_002729,USR_0137,2026-05-29,36,173.1,66.9,22.32,2.0,0.0,6.1,1,11.3,3,36.7,128.0,69.0,92.0,93.0,5.0,3.0,7.0,regular,medium
REC_002769,USR_0139,2026-05-29,45,155.6,56.0,23.12,9.0,0.0,6.0,4,10.5,3,37.2,112.0,79.0,83.0,85.0,5.0,2.0,8.0,mal,medium
REC_002896,USR_0145,2026-05-29,23,164.5,52.6,19.44,11.0,56.1,7.9,3,28.3,0,36.7,115.0,77.0,100.0,70.0,1.0,7.0,6.0,bien,low
REC_003015,USR_0151,2026-05-29,26,164.4,46.4,17.17,2.0,53.3,7.1,2,19.5,4,36.3,124.0,68.0,74.0,81.0,4.0,5.0,7.0,regular,low
REC_003042,USR_0152,2026-05-29,49,178.9,92.1,28.79,4.0,0.0,5.3,0,7.4,4,37.0,133.0,82.0,96.0,73.0,5.0,2.0,6.0,regular,high
REC_003253,USR_0163,2026-05-29,49,158.7,58.0,23.03,13.0,64.8,7.6,3,25.0,3,37.0,119.0,64.0,87.0,86.0,3.0,6.0,8.0,bien,low
REC_003322,USR_0167,2026-05-29,34,154.2,70.3,29.58,10.0,46.8,7.4,2,17.1,0,36.9,125.0,74.0,72.0,74.0,4.0,7.0,8.0,muy bien,low
REC_003346,USR_0168,2026-05-29,49,179.1,119.3,37.2,7.0,0.7,4.6,0,0.0,4,36.4,141.0,90.0,119.0,82.0,8.0,1.0,5.0,muy mal,high
REC_003416,USR_0172,2026-05-29,40,173.9,91.5,30.26,8.0,8.6,3.6,1,13.0,6,37.0,104.0,63.0,88.0,81.0,8.0,1.0,5.0,muy mal,high
REC_003436,USR_0173,2026-05-29,52,156.9,64.6,26.25,7.0,28.7,7.8,5,6.5,1,36.8,119.0,71.0,88.0,70.0,2.0,6.0,8.0,bien,low
REC_003498,USR_0176,2026-05-29,21,188.0,108.0,30.57,7.0,25.5,5.3,2,3.9,4,37.4,128.0,82.0,98.0,84.0,6.0,2.0,4.0,mal,medium
REC_003603,USR_0181,2026-05-29,36,164.6,53.2,19.62,7.0,0.0,3.8,1,0.0,5,36.7,123.0,72.0,94.0,92.0,8.0,1.0,4.0,mal,high
REC_003719,USR_0187,2026-05-29,32,163.7,77.0,28.72,5.0,35.6,7.4,3,23.1,0,36.4,110.0,76.0,77.0,77.0,2.0,7.0,8.0,muy bien,low
REC_003884,USR_0195,2026-05-29,52,171.9,82.1,27.8,7.0,50.0,6.7,3,13.6,0,37.2,116.0,70.0,86.0,65.0,3.0,8.0,8.0,bien,low
REC_003918,USR_0197,2026-05-29,53,162.9,81.7,30.79,3.0,0.0,6.4,1,0.0,2,37.1,119.0,69.0,89.0,70.0,7.0,2.0,4.0,regular,high
REC_004060,USR_0204,2026-05-29,43,182.8,85.2,25.49,9.0,35.0,6.2,2,24.7,0,37.1,126.0,79.0,53.0,74.0,2.0,8.0,8.0,muy bien,low
REC_004124,USR_0207,2026-05-29,18,169.3,74.7,26.07,8.0,66.2,7.4,3,18.2,3,36.8,114.0,74.0,71.0,76.0,1.0,7.0,8.0,bien,low
REC_004168,USR_0209,2026-05-29,30,166.3,51.6,18.65,1.0,0.0,6.0,2,3.3,6,36.7,130.0,71.0,100.0,80.0,4.0,2.0,5.0,mal,high
REC_004227,USR_0212,2026-05-29,45,154.0,51.4,21.69,3.0,13.2,4.6,1,0.0,5,36.6,119.0,77.0,71.0,85.0,7.0,1.0,3.0,muy mal,high
REC_004382,USR_0219,2026-05-29,18,176.3,52.8,16.99,9.0,25.1,8.4,2,24.8,3,36.7,104.0,86.0,90.0,81.0,3.0,4.0,8.0,regular,medium
REC_004398,USR_0220,2026-05-29,18,184.4,111.4,32.76,7.0,12.9,6.8,2,14.5,3,37.1,131.0,76.0,115.0,84.0,5.0,2.0,7.0,mal,medium
REC_004497,USR_0225,2026-05-29,48,174.1,70.0,23.08,8.0,0.0,3.7,4,3.5,9,36.3,116.0,80.0,92.0,92.0,10.0,4.0,7.0,mal,high
REC_004573,USR_0229,2026-05-29,41,170.1,94.7,32.74,5.0,28.2,6.2,3,7.0,0,36.9,126.0,72.0,112.0,78.0,4.0,4.0,5.0,bien,medium
REC_004630,USR_0232,2026-05-29,66,172.7,60.9,20.41,3.0,28.6,4.2,1,9.4,4,36.8,129.0,85.0,93.0,67.0,8.0,1.0,6.0,muy mal,high
REC_004882,USR_0244,2026-05-29,31,167.7,70.8,25.18,6.0,36.6,5.7,2,12.2,1,35.8,115.0,68.0,58.0,70.0,3.0,4.0,5.0,bien,low
REC_004978,USR_0249,2026-05-29,23,173.3,50.5,16.82,8.0,93.5,6.7,4,28.6,0,36.9,118.0,75.0,108.0,74.0,2.0,7.0,7.0,bien,low
REC_000183,USR_0009,2026-05-30,45,164.2,58.4,21.67,7.0,40.2,7.6,3,16.3,0,36.2,110.0,80.0,110.0,89.0,4.0,4.0,8.0,bien,low
REC_000261,USR_0013,2026-05-30,18,171.6,82.1,27.89,6.0,65.4,6.9,2,0.0,2,36.2,114.0,80.0,71.0,84.0,4.0,5.0,5.0,regular,low
REC_000342,USR_0017,2026-05-30,32,169.5,65.7,22.86,7.0,0.0,7.0,0,0.0,4,36.8,107.0,72.0,64.0,89.0,4.0,3.0,8.0,regular,medium
REC_000692,USR_0035,2026-05-30,18,170.8,66.9,22.94,2.0,1.1,1.1,2,0.0,6,36.9,132.0,87.0,82.0,94.0,8.0,1.0,1.0,mal,high
REC_000841,USR_0043,2026-05-30,18,151.0,49.2,21.56,9.0,17.9,6.7,4,9.4,1,36.3,121.0,65.0,91.0,63.0,4.0,5.0,7.0,bien,high
REC_000883,USR_0045,2026-05-30,19,172.5,68.9,23.14,3.0,30.6,6.0,1,7.6,7,36.9,112.0,68.0,104.0,85.0,7.0,3.0,5.0,mal,medium
REC_001102,USR_0056,2026-05-30,60,165.5,52.8,19.26,6.0,43.5,6.2,3,10.1,1,36.6,130.0,71.0,104.0,92.0,4.0,4.0,8.0,regular,low
REC_001145,USR_0058,2026-05-30,18,150.2,45.1,19.98,5.0,42.6,7.0,2,0.0,4,37.1,126.0,84.0,93.0,83.0,3.0,5.0,7.0,bien,low
REC_001238,USR_0063,2026-05-30,19,167.1,60.4,21.64,4.0,3.3,7.3,0,0.4,5,37.0,127.0,67.0,91.0,94.0,6.0,1.0,6.0,regular,high
REC_001257,USR_0064,2026-05-30,39,154.0,65.3,27.53,11.0,43.7,8.2,2,26.8,0,36.4,119.0,75.0,75.0,74.0,1.0,8.0,8.0,muy bien,low
REC_001276,USR_0065,2026-05-30,50,168.7,59.4,20.88,12.0,49.3,8.6,3,0.0,0,37.0,136.0,77.0,92.0,58.0,2.0,7.0,10.0,bien,low
REC_001294,USR_0066,2026-05-30,32,161.3,89.9,34.55,7.0,22.4,7.3,3,4.9,1,37.1,116.0,66.0,78.0,77.0,3.0,7.0,8.0,bien,low
REC_001423,USR_0072,2026-05-30,18,189.5,117.6,32.75,5.0,0.5,5.8,2,20.5,3,37.0,107.0,76.0,104.0,83.0,4.0,3.0,6.0,regular,medium
REC_001481,USR_0075,2026-05-30,21,161.6,42.7,16.34,7.0,4.7,5.5,3,18.8,3,37.1,124.0,74.0,94.0,81.0,4.0,3.0,5.0,regular,medium
REC_001623,USR_0082,2026-05-30,51,145.3,53.8,25.48,11.0,32.5,7.1,3,1.7,0,36.5,122.0,68.0,109.0,78.0,3.0,4.0,7.0,bien,low
REC_001670,USR_0084,2026-05-30,44,158.0,54.5,21.82,7.0,28.9,8.1,3,10.8,2,36.6,122.0,76.0,96.0,78.0,2.0,7.0,7.0,mal,low
REC_001750,USR_0088,2026-05-30,30,162.3,61.3,23.25,5.0,0.0,7.8,0,4.9,5,37.0,122.0,78.0,86.0,94.0,5.0,3.0,8.0,regular,medium
REC_001771,USR_0089,2026-05-30,18,158.6,90.2,35.86,8.0,19.8,9.6,3,38.5,0,36.6,121.0,74.0,54.0,77.0,1.0,9.0,10.0,muy bien,low
REC_001807,USR_0091,2026-05-30,44,178.1,103.9,32.75,4.0,22.6,9.2,1,8.8,2,36.8,117.0,81.0,69.0,74.0,3.0,6.0,9.0,bien,medium
REC_001899,USR_0096,2026-05-30,50,153.1,50.9,21.72,8.0,42.6,8.1,2,0.0,2,36.8,97.0,65.0,111.0,81.0,3.0,6.0,8.0,bien,low
REC_001942,USR_0098,2026-05-30,18,159.2,70.9,27.96,7.0,55.7,6.4,2,15.9,0,36.2,120.0,72.0,74.0,85.0,1.0,6.0,4.0,bien,low
REC_002032,USR_0102,2026-05-30,54,171.0,91.2,31.2,8.0,53.4,7.4,2,7.2,1,36.9,117.0,74.0,100.0,81.0,2.0,5.0,6.0,muy bien,low
REC_002113,USR_0106,2026-05-30,18,163.3,58.2,21.39,4.0,17.0,6.8,0,4.9,6,36.9,118.0,81.0,92.0,92.0,6.0,3.0,6.0,regular,medium
REC_002135,USR_0107,2026-05-30,43,166.8,82.5,29.64,4.0,18.6,4.5,2,0.0,6,37.0,131.0,82.0,89.0,93.0,5.0,3.0,5.0,mal,high
REC_002228,USR_0112,2026-05-30,42,166.2,80.3,29.05,9.0,15.8,6.7,2,22.0,2,37.0,114.0,73.0,72.0,86.0,5.0,3.0,5.0,mal,medium
REC_002251,USR_0113,2026-05-30,36,165.6,55.5,20.25,9.0,69.9,8.1,2,14.1,1,36.9,95.0,75.0,65.0,72.0,2.0,7.0,6.0,muy bien,low
REC_002270,USR_0114,2026-05-30,53,169.3,77.0,26.85,6.0,26.5,6.5,3,0.0,5,36.2,117.0,62.0,73.0,77.0,4.0,3.0,4.0,mal,medium
REC_002361,USR_0118,2026-05-30,44,154.4,64.0,26.86,10.0,42.3,10.0,5,29.9,0,37.2,109.0,59.0,109.0,67.0,1.0,7.0,9.0,muy bien,low
REC_002378,USR_0119,2026-05-30,26,177.6,75.5,23.94,6.0,25.1,4.2,0,6.6,4,36.7,119.0,90.0,77.0,85.0,6.0,2.0,4.0,mal,high
REC_002555,USR_0128,2026-05-30,31,166.3,64.8,23.43,10.0,49.4,6.7,5,0.0,3,37.0,104.0,83.0,91.0,71.0,1.0,7.0,6.0,bien,low
REC_002675,USR_0134,2026-05-30,55,153.0,52.2,22.29,4.0,38.0,7.4,0,0.0,4,36.6,140.0,74.0,112.0,95.0,6.0,4.0,6.0,regular,medium
REC_002770,USR_0139,2026-05-30,45,155.6,56.0,23.11,8.0,6.3,6.5,4,5.4,2,36.7,135.0,65.0,80.0,79.0,5.0,3.0,6.0,mal,medium
REC_002854,USR_0143,2026-05-30,18,163.8,64.8,24.17,8.0,52.4,6.9,3,3.3,1,37.6,124.0,69.0,118.0,77.0,1.0,8.0,7.0,bien,low
REC_002936,USR_0147,2026-05-30,33,163.0,58.7,22.09,8.0,21.8,7.5,3,16.7,0,37.5,133.0,74.0,105.0,68.0,1.0,6.0,7.0,bien,medium
REC_003043,USR_0152,2026-05-30,49,178.9,92.0,28.74,3.0,18.1,5.1,3,2.9,5,36.4,119.0,87.0,100.0,77.0,6.0,2.0,5.0,muy mal,high
REC_003208,USR_0161,2026-05-30,36,157.9,66.4,26.61,6.0,4.3,4.6,1,5.1,4,36.4,113.0,78.0,71.0,93.0,6.0,2.0,6.0,mal,medium
REC_003457,USR_0174,2026-05-30,45,162.1,59.4,22.62,6.0,36.2,8.4,0,12.7,2,36.4,121.0,75.0,101.0,76.0,3.0,4.0,6.0,regular,medium
REC_003499,USR_0176,2026-05-30,21,188.0,108.0,30.56,2.0,22.7,5.5,2,0.0,5,37.1,118.0,81.0,82.0,81.0,6.0,2.0,5.0,muy mal,high
REC_003585,USR_0180,2026-05-30,31,158.5,63.3,25.17,11.0,52.1,7.9,2,21.8,2,36.2,116.0,66.0,87.0,62.0,2.0,4.0,10.0,bien,low
REC_003868,USR_0194,2026-05-30,40,174.0,85.7,28.31,10.0,49.0,6.9,4,2.7,0,37.1,117.0,71.0,92.0,80.0,2.0,7.0,6.0,bien,low
REC_003967,USR_0199,2026-05-30,22,166.5,76.5,27.58,7.0,68.2,8.9,3,2.4,0,37.1,128.0,73.0,62.0,92.0,2.0,8.0,9.0,muy bien,low
REC_004079,USR_0205,2026-05-30,18,177.2,76.0,24.21,3.0,14.5,7.8,1,11.0,3,37.0,99.0,67.0,75.0,74.0,3.0,4.0,5.0,mal,medium
REC_004125,USR_0207,2026-05-30,18,169.3,74.6,26.02,7.0,32.4,8.7,2,21.6,0,36.3,126.0,58.0,78.0,81.0,3.0,8.0,10.0,muy bien,low
REC_004147,USR_0208,2026-05-30,40,158.7,92.7,36.79,7.0,28.1,6.3,1,14.3,2,36.6,121.0,75.0,86.0,79.0,4.0,5.0,7.0,regular,medium
REC_004191,USR_0210,2026-05-30,39,159.0,85.6,33.88,8.0,44.4,5.9,1,0.0,3,37.8,103.0,76.0,99.0,83.0,3.0,4.0,6.0,mal,medium
REC_004364,USR_0218,2026-05-30,20,180.2,97.3,29.98,8.0,0.0,6.7,1,15.7,6,36.7,123.0,70.0,114.0,88.0,5.0,2.0,6.0,regular,medium
REC_004417,USR_0221,2026-05-30,41,186.2,85.5,24.67,11.0,43.7,6.5,3,10.8,0,36.7,121.0,73.0,56.0,70.0,1.0,8.0,9.0,muy bien,low
REC_004498,USR_0225,2026-05-30,48,174.1,69.9,23.07,1.0,0.0,6.5,1,0.0,5,36.8,132.0,62.0,115.0,87.0,7.0,1.0,6.0,muy mal,high
REC_004574,USR_0229,2026-05-30,41,170.1,94.9,32.79,7.0,40.7,7.6,3,0.0,1,36.8,120.0,69.0,86.0,70.0,4.0,4.0,7.0,regular,low
REC_004748,USR_0238,2026-05-30,40,170.5,88.7,30.52,4.0,42.4,4.8,2,6.7,2,36.8,124.0,75.0,96.0,63.0,6.0,3.0,5.0,regular,medium
REC_004821,USR_0241,2026-05-30,30,172.4,101.6,34.17,9.0,11.1,6.3,2,3.2,6,36.3,117.0,81.0,90.0,92.0,6.0,2.0,4.0,muy mal,medium
REC_004902,USR_0245,2026-05-30,35,168.5,50.6,17.83,5.0,8.4,7.6,4,0.0,3,36.9,151.0,72.0,120.0,71.0,4.0,2.0,6.0,regular,medium
REC_004942,USR_0247,2026-05-30,51,145.1,40.9,19.41,5.0,0.0,5.9,1,8.2,7,36.5,112.0,78.0,103.0,68.0,6.0,2.0,4.0,mal,high
REC_000013,USR_0001,2026-05-31,40,164.4,68.8,25.44,11.0,30.2,8.3,3,7.4,0,36.2,108.0,78.0,104.0,69.0,1.0,5.0,9.0,bien,low
REC_000061,USR_0003,2026-05-31,18,157.0,89.9,36.46,12.0,47.8,9.4,1,2.9,3,36.4,117.0,79.0,107.0,74.0,1.0,7.0,10.0,bien,low
REC_000092,USR_0005,2026-05-31,31,160.5,47.8,18.55,10.0,58.3,7.0,3,3.8,0,36.5,133.0,72.0,93.0,79.0,4.0,6.0,7.0,bien,low
REC_000282,USR_0014,2026-05-31,18,140.0,55.7,28.39,5.0,13.8,5.6,1,6.8,2,36.9,117.0,64.0,90.0,74.0,2.0,7.0,6.0,bien,medium
REC_000343,USR_0017,2026-05-31,32,169.5,65.6,22.82,1.0,2.9,5.0,1,0.0,7,36.7,123.0,91.0,95.0,99.0,8.0,1.0,4.0,mal,high
REC_000380,USR_0019,2026-05-31,37,158.9,74.8,29.63,1.0,20.3,6.7,3,2.0,4,36.5,127.0,79.0,75.0,77.0,4.0,3.0,6.0,regular,medium
REC_000398,USR_0020,2026-05-31,39,163.1,73.0,27.45,13.0,42.1,10.0,4,20.6,1,36.6,103.0,81.0,89.0,78.0,3.0,7.0,10.0,bien,low
REC_000490,USR_0024,2026-05-31,37,154.0,56.1,23.65,12.0,45.0,7.1,4,15.8,2,36.4,133.0,78.0,77.0,71.0,4.0,6.0,8.0,bien,low
REC_000522,USR_0026,2026-05-31,37,157.3,46.7,18.86,4.0,0.0,4.8,3,0.0,7,37.2,121.0,73.0,90.0,88.0,7.0,2.0,5.0,muy mal,high
REC_000572,USR_0028,2026-05-31,55,153.2,70.5,30.04,8.0,14.5,7.5,1,0.0,1,36.5,114.0,67.0,93.0,78.0,4.0,4.0,8.0,regular,medium
REC_000650,USR_0032,2026-05-31,42,174.4,90.3,29.7,7.0,45.2,6.0,2,1.0,2,36.3,109.0,83.0,88.0,75.0,1.0,7.0,7.0,muy bien,low
REC_000676,USR_0034,2026-05-31,22,155.9,76.5,31.49,4.0,8.5,5.2,3,2.6,7,36.8,113.0,75.0,89.0,87.0,5.0,2.0,6.0,mal,high
REC_000717,USR_0037,2026-05-31,31,161.4,58.8,22.58,2.0,0.2,4.1,3,25.2,6,36.8,114.0,72.0,99.0,96.0,6.0,1.0,6.0,mal,high
REC_000884,USR_0045,2026-05-31,19,172.5,69.1,23.22,7.0,10.8,6.2,0,5.3,4,37.2,119.0,84.0,80.0,88.0,6.0,2.0,4.0,mal,high
REC_000899,USR_0046,2026-05-31,21,182.3,119.5,35.96,4.0,0.0,4.6,1,17.0,4,36.5,115.0,79.0,119.0,71.0,5.0,1.0,3.0,mal,high
REC_000917,USR_0047,2026-05-31,25,187.4,83.5,23.78,4.0,53.6,5.5,2,6.6,3,36.7,119.0,81.0,104.0,81.0,6.0,2.0,5.0,mal,medium
REC_001000,USR_0051,2026-05-31,44,155.2,69.3,28.75,8.0,0.0,8.2,3,8.0,0,37.3,122.0,79.0,105.0,78.0,2.0,7.0,9.0,bien,medium
REC_001122,USR_0057,2026-05-31,33,172.5,83.0,27.9,10.0,42.5,7.3,1,21.1,0,36.4,125.0,70.0,92.0,72.0,3.0,6.0,8.0,muy bien,low
REC_001146,USR_0058,2026-05-31,18,150.2,45.1,19.99,5.0,35.1,6.0,1,0.0,2,36.4,127.0,81.0,86.0,78.0,5.0,4.0,4.0,regular,medium
REC_001277,USR_0065,2026-05-31,50,168.7,59.4,20.87,9.0,53.1,8.4,4,19.6,0,35.8,119.0,75.0,108.0,71.0,1.0,7.0,8.0,bien,low
REC_001311,USR_0067,2026-05-31,54,176.0,106.9,34.5,4.0,54.3,5.1,1,0.0,5,36.7,116.0,79.0,102.0,71.0,6.0,1.0,7.0,mal,medium
REC_001337,USR_0068,2026-05-31,27,173.0,82.4,27.54,3.0,0.0,5.3,0,1.9,5,36.7,130.0,64.0,75.0,77.0,5.0,4.0,6.0,regular,high
REC_001403,USR_0071,2026-05-31,29,163.4,65.9,24.68,2.0,19.8,6.7,3,0.0,4,37.3,126.0,72.0,82.0,81.0,5.0,3.0,5.0,regular,medium
REC_001482,USR_0075,2026-05-31,21,161.6,42.6,16.31,6.0,39.0,7.0,1,6.8,3,36.1,107.0,58.0,75.0,75.0,4.0,5.0,7.0,bien,medium
REC_001607,USR_0081,2026-05-31,18,167.4,103.9,37.09,3.0,46.4,4.6,2,7.6,6,36.9,117.0,65.0,108.0,96.0,7.0,1.0,3.0,mal,high
REC_001880,USR_0095,2026-05-31,34,180.7,91.0,27.73,7.0,4.7,5.7,2,8.5,7,36.7,107.0,66.0,95.0,91.0,6.0,3.0,6.0,mal,medium
REC_001918,USR_0097,2026-05-31,23,163.2,51.0,19.13,5.0,7.6,7.2,3,0.0,2,36.5,103.0,77.0,102.0,71.0,2.0,3.0,7.0,regular,medium
REC_002033,USR_0102,2026-05-31,54,171.0,91.2,31.2,4.0,27.3,6.5,0,2.1,5,36.9,116.0,68.0,57.0,74.0,4.0,5.0,6.0,regular,medium
REC_002067,USR_0104,2026-05-31,31,181.5,102.3,31.06,8.0,24.2,7.5,2,20.2,0,36.1,109.0,67.0,94.0,83.0,3.0,7.0,8.0,bien,low
REC_002174,USR_0109,2026-05-31,18,183.1,78.0,23.27,7.0,7.0,5.4,0,3.2,2,36.7,139.0,66.0,82.0,82.0,6.0,2.0,4.0,mal,high
REC_002194,USR_0110,2026-05-31,32,143.6,49.6,24.05,6.0,32.7,6.2,1,0.0,2,36.7,107.0,68.0,105.0,85.0,4.0,3.0,5.0,bien,medium
REC_002271,USR_0114,2026-05-31,53,169.3,77.2,26.94,6.0,32.0,5.2,1,0.0,3,35.8,112.0,68.0,124.0,78.0,3.0,3.0,5.0,mal,medium
REC_002333,USR_0117,2026-05-31,46,184.7,88.4,25.92,9.0,37.3,8.0,4,11.3,0,36.6,129.0,76.0,77.0,64.0,1.0,6.0,7.0,bien,low
REC_002404,USR_0120,2026-05-31,18,164.7,47.4,17.47,6.0,35.1,7.5,0,9.5,3,36.8,111.0,77.0,99.0,79.0,4.0,5.0,8.0,regular,low
REC_002575,USR_0129,2026-05-31,28,168.8,64.2,22.54,4.0,30.9,4.6,1,0.0,5,36.7,151.0,77.0,90.0,90.0,5.0,5.0,5.0,regular,medium
REC_002593,USR_0130,2026-05-31,43,144.9,40.2,19.17,2.0,0.0,5.0,1,0.0,4,36.5,127.0,80.0,96.0,93.0,7.0,1.0,4.0,muy mal,high
REC_002651,USR_0133,2026-05-31,18,151.0,40.3,17.69,8.0,34.4,8.6,3,10.5,1,36.2,109.0,58.0,102.0,66.0,1.0,6.0,8.0,bien,low
REC_002730,USR_0137,2026-05-31,36,173.1,67.0,22.36,5.0,34.9,6.5,2,11.8,3,37.2,109.0,67.0,105.0,78.0,5.0,2.0,6.0,regular,medium
REC_002815,USR_0141,2026-05-31,40,188.9,124.4,34.86,2.0,0.0,6.1,1,0.0,3,37.3,123.0,64.0,87.0,87.0,5.0,2.0,5.0,mal,high
REC_002980,USR_0149,2026-05-31,44,145.3,69.2,32.76,7.0,38.6,4.6,0,4.3,4,37.0,130.0,69.0,66.0,87.0,7.0,2.0,5.0,mal,medium
REC_003105,USR_0156,2026-05-31,49,177.1,72.8,23.21,7.0,49.9,8.4,3,14.8,1,36.6,121.0,80.0,77.0,79.0,1.0,8.0,8.0,bien,low
REC_003361,USR_0169,2026-05-31,44,183.3,104.1,30.99,3.0,2.8,5.2,1,0.0,5,36.7,115.0,73.0,108.0,107.0,7.0,1.0,6.0,muy mal,high
REC_003623,USR_0182,2026-05-31,53,170.7,73.4,25.2,2.0,13.5,6.4,2,10.2,2,36.5,122.0,77.0,97.0,86.0,5.0,3.0,6.0,regular,medium
REC_003642,USR_0183,2026-05-31,18,163.7,80.5,30.05,9.0,43.7,6.4,2,17.8,1,36.8,124.0,80.0,103.0,79.0,4.0,6.0,7.0,bien,low
REC_003662,USR_0184,2026-05-31,39,165.9,60.0,21.8,10.0,22.1,7.5,3,20.9,1,36.4,123.0,79.0,89.0,150.0,1.0,7.0,8.0,bien,medium
REC_003697,USR_0186,2026-05-31,25,169.9,75.4,26.13,10.0,28.2,8.8,5,17.8,0,37.3,104.0,70.0,74.0,84.0,1.0,8.0,9.0,muy bien,low
REC_003843,USR_0193,2026-05-31,35,170.0,93.1,32.22,2.0,1.2,4.4,1,6.1,4,36.6,138.0,82.0,90.0,91.0,7.0,3.0,5.0,mal,high
REC_003901,USR_0196,2026-05-31,30,164.1,48.4,17.87,7.0,0.0,4.4,1,0.0,6,36.3,136.0,78.0,77.0,81.0,7.0,1.0,4.0,mal,high
REC_003919,USR_0197,2026-05-31,53,162.9,81.7,30.8,3.0,0.0,6.6,0,0.0,6,36.9,135.0,83.0,98.0,100.0,7.0,1.0,4.0,mal,high
REC_003948,USR_0198,2026-05-31,29,180.5,67.3,20.65,10.0,51.9,6.6,2,1.1,1,37.1,139.0,67.0,76.0,75.0,1.0,6.0,7.0,bien,low
REC_004045,USR_0203,2026-05-31,58,161.7,48.7,18.64,7.0,64.3,8.4,5,15.0,1,37.3,137.0,57.0,89.0,79.0,1.0,7.0,8.0,bien,low
REC_004061,USR_0204,2026-05-31,43,182.8,85.0,25.42,6.0,74.3,7.8,3,8.4,1,36.7,106.0,75.0,126.0,70.0,2.0,7.0,7.0,bien,low
REC_004148,USR_0208,2026-05-31,40,158.7,92.6,36.78,10.0,11.7,8.3,1,10.3,4,36.6,117.0,80.0,96.0,96.0,4.0,5.0,7.0,regular,medium
REC_004399,USR_0220,2026-05-31,18,184.4,112.4,32.8,7.0,24.2,5.9,4,5.0,7,36.3,119.0,77.0,93.0,94.0,5.0,3.0,5.0,mal,medium
REC_004499,USR_0225,2026-05-31,48,174.1,70.0,23.1,6.0,28.8,5.1,3,0.0,5,37.1,121.0,76.0,94.0,73.0,5.0,1.0,5.0,mal,medium
REC_004594,USR_0230,2026-05-31,70,148.7,68.2,30.85,4.0,25.8,5.1,1,0.0,7,37.3,112.0,87.0,104.0,89.0,7.0,1.0,6.0,mal,medium
REC_004615,USR_0231,2026-05-31,25,153.6,45.1,19.13,9.0,82.5,8.2,4,14.8,2,36.7,106.0,68.0,54.0,59.0,1.0,8.0,10.0,muy bien,low
REC_004631,USR_0232,2026-05-31,66,172.7,61.0,20.44,5.0,22.1,5.3,0,0.0,5,36.9,117.0,87.0,84.0,99.0,8.0,1.0,5.0,muy mal,high
REC_004749,USR_0238,2026-05-31,40,170.5,88.8,30.56,7.0,0.0,4.7,3,7.5,2,36.9,119.0,65.0,105.0,87.0,5.0,3.0,7.0,regular,medium
REC_004778,USR_0239,2026-05-31,47,180.3,95.8,29.47,9.0,45.7,6.8,3,16.1,2,36.2,127.0,68.0,91.0,73.0,2.0,7.0,8.0,bien,low
REC_004903,USR_0245,2026-05-31,35,168.5,51.1,17.99,6.0,11.4,6.8,2,8.8,6,36.7,121.0,77.0,72.0,83.0,6.0,3.0,6.0,regular,medium
REC_004963,USR_0248,2026-05-31,35,183.9,58.6,17.33,8.0,4.1,7.5,2,8.8,4,36.7,115.0,77.0,85.0,79.0,2.0,4.0,7.0,bien,medium
REC_004996,USR_0250,2026-05-31,26,149.2,46.3,20.82,2.0,37.6,6.0,1,0.0,5,36.9,111.0,77.0,63.0,79.0,4.0,2.0,5.0,mal,medium
REC_000135,USR_0007,2026-06-01,39,184.9,58.6,17.13,4.0,0.0,5.7,3,0.0,6,36.7,147.0,82.0,88.0,99.0,7.0,1.0,4.0,mal,high
REC_000344,USR_0017,2026-06-01,32,169.5,65.6,22.85,3.0,29.1,6.2,0,5.7,5,36.8,129.0,74.0,111.0,85.0,6.0,3.0,5.0,mal,medium
REC_000365,USR_0018,2026-06-01,27,169.5,74.0,25.75,2.0,0.0,5.0,2,0.0,5,36.6,115.0,61.0,89.0,107.0,8.0,1.0,5.0,mal,high
REC_000445,USR_0022,2026-06-01,55,157.3,94.8,38.29,2.0,34.2,4.4,1,0.0,5,36.7,115.0,78.0,88.0,92.0,6.0,1.0,6.0,mal,medium
REC_000709,USR_0036,2026-06-01,24,168.8,83.2,29.22,6.0,24.0,8.6,2,0.0,5,36.7,116.0,74.0,83.0,83.0,5.0,2.0,7.0,regular,medium
REC_000738,USR_0038,2026-06-01,31,161.2,72.6,27.95,1.0,16.1,6.7,2,6.2,7,37.5,127.0,79.0,115.0,82.0,6.0,1.0,4.0,muy mal,high
REC_000885,USR_0045,2026-06-01,19,172.5,69.1,23.21,4.0,22.2,5.4,1,0.0,5,37.1,126.0,79.0,65.0,90.0,7.0,2.0,4.0,muy mal,high
REC_000933,USR_0048,2026-06-01,36,185.3,89.9,26.2,6.0,13.4,8.6,2,0.0,1,37.0,114.0,68.0,88.0,60.0,2.0,5.0,7.0,bien,medium
REC_000953,USR_0049,2026-06-01,45,158.8,87.5,34.71,6.0,0.0,6.7,3,0.3,3,36.4,122.0,71.0,91.0,90.0,5.0,3.0,6.0,regular,medium
REC_001123,USR_0057,2026-06-01,33,172.5,83.0,27.88,9.0,31.3,7.6,3,7.9,0,37.0,122.0,72.0,84.0,77.0,3.0,6.0,7.0,bien,low
REC_001147,USR_0058,2026-06-01,18,150.2,44.9,19.9,6.0,4.9,6.8,1,16.1,3,37.0,122.0,64.0,90.0,95.0,5.0,4.0,6.0,mal,medium
REC_001295,USR_0066,2026-06-01,32,161.3,90.1,34.62,12.0,53.0,8.6,3,20.8,1,36.6,144.0,84.0,100.0,77.0,1.0,9.0,10.0,muy bien,low
REC_001360,USR_0069,2026-06-01,53,175.2,81.2,26.47,8.0,47.8,6.0,3,4.8,4,36.9,124.0,81.0,79.0,82.0,4.0,6.0,8.0,regular,low
REC_001442,USR_0073,2026-06-01,31,182.5,76.0,22.82,5.0,37.8,8.0,2,0.0,2,36.9,110.0,60.0,112.0,81.0,3.0,6.0,8.0,mal,low
REC_001483,USR_0075,2026-06-01,21,161.6,42.6,16.3,4.0,29.2,5.9,1,12.9,2,36.6,120.0,76.0,92.0,80.0,5.0,4.0,6.0,regular,medium
REC_001523,USR_0077,2026-06-01,27,166.1,67.6,24.49,10.0,38.1,7.4,2,25.6,1,36.1,109.0,74.0,109.0,65.0,2.0,6.0,7.0,bien,low
REC_001585,USR_0080,2026-06-01,20,165.5,71.5,26.12,4.0,31.4,5.6,1,9.6,5,36.1,122.0,76.0,93.0,93.0,5.0,2.0,4.0,mal,medium
REC_001624,USR_0082,2026-06-01,51,145.3,53.7,25.43,10.0,40.3,7.0,2,0.0,0,36.5,116.0,71.0,70.0,80.0,3.0,6.0,8.0,bien,low
REC_001671,USR_0084,2026-06-01,44,158.0,54.4,21.77,9.0,32.6,8.8,3,40.4,1,37.0,112.0,65.0,90.0,76.0,1.0,7.0,7.0,bien,low
REC_001687,USR_0085,2026-06-01,41,169.2,70.8,24.73,9.0,51.0,8.7,2,28.2,0,36.8,123.0,84.0,81.0,67.0,3.0,5.0,8.0,bien,low
REC_001791,USR_0090,2026-06-01,34,183.3,96.7,28.77,6.0,20.5,6.6,3,16.8,4,36.5,119.0,65.0,102.0,77.0,5.0,3.0,4.0,regular,medium
REC_001987,USR_0100,2026-06-01,69,161.2,90.6,34.62,9.0,50.7,9.0,4,11.6,0,36.7,128.0,86.0,108.0,73.0,2.0,7.0,10.0,muy bien,low
REC_002048,USR_0103,2026-06-01,42,167.4,72.0,25.69,2.0,0.0,4.4,1,0.0,4,36.7,115.0,74.0,93.0,95.0,8.0,2.0,5.0,mal,high
REC_002098,USR_0105,2026-06-01,29,170.0,66.1,22.87,4.0,4.0,6.1,2,7.1,4,36.7,126.0,65.0,91.0,88.0,5.0,3.0,5.0,mal,medium
REC_002313,USR_0116,2026-06-01,37,173.7,84.1,27.87,5.0,24.3,6.4,2,23.8,8,36.5,123.0,75.0,94.0,78.0,4.0,5.0,6.0,mal,medium
REC_002334,USR_0117,2026-06-01,46,184.7,88.4,25.91,6.0,61.0,7.0,3,37.7,1,36.6,118.0,73.0,76.0,73.0,1.0,7.0,6.0,bien,low
REC_002405,USR_0120,2026-06-01,18,164.7,47.5,17.52,6.0,24.2,7.0,3,12.7,3,36.6,109.0,68.0,86.0,76.0,1.0,4.0,7.0,bien,low
REC_002440,USR_0122,2026-06-01,25,171.8,68.7,23.29,1.0,33.9,5.7,1,13.6,2,36.7,121.0,63.0,91.0,79.0,4.0,4.0,6.0,regular,medium
REC_002469,USR_0124,2026-06-01,18,168.1,88.4,31.27,13.0,66.0,7.9,3,5.4,0,37.0,112.0,60.0,88.0,78.0,3.0,7.0,8.0,muy bien,low
REC_002711,USR_0136,2026-06-01,27,162.1,96.9,36.88,7.0,0.0,7.7,3,10.4,2,37.1,119.0,74.0,97.0,78.0,3.0,3.0,8.0,regular,medium
REC_002877,USR_0144,2026-06-01,22,157.7,41.0,16.48,8.0,24.4,6.2,3,7.2,2,36.6,114.0,67.0,87.0,100.0,4.0,5.0,7.0,muy bien,medium
REC_002915,USR_0146,2026-06-01,58,160.0,67.7,26.44,12.0,33.4,7.8,3,0.0,0,36.6,124.0,81.0,103.0,85.0,1.0,7.0,7.0,bien,low
REC_002959,USR_0148,2026-06-01,30,142.0,46.8,23.23,5.0,17.2,4.9,0,6.1,6,36.4,119.0,73.0,71.0,91.0,6.0,2.0,5.0,mal,high
REC_002981,USR_0149,2026-06-01,44,145.3,69.5,32.93,2.0,0.0,5.1,1,0.0,4,36.3,120.0,66.0,93.0,81.0,7.0,1.0,5.0,muy mal,high
REC_003000,USR_0150,2026-06-01,37,172.4,50.5,16.98,9.0,37.2,7.4,3,31.7,2,36.5,128.0,72.0,79.0,79.0,1.0,7.0,7.0,muy bien,low
REC_003078,USR_0154,2026-06-01,45,180.2,90.3,27.81,11.0,52.2,8.6,4,21.3,0,36.4,119.0,63.0,117.0,72.0,2.0,6.0,7.0,bien,low
REC_003106,USR_0156,2026-06-01,49,177.1,72.8,23.2,7.0,29.1,7.6,4,19.5,0,36.8,108.0,74.0,75.0,59.0,2.0,7.0,7.0,muy bien,low
REC_003128,USR_0157,2026-06-01,33,169.6,62.2,21.61,5.0,32.9,6.0,1,0.0,2,36.6,128.0,81.0,91.0,73.0,6.0,1.0,5.0,regular,medium
REC_003254,USR_0163,2026-06-01,49,158.7,58.1,23.06,8.0,55.6,7.1,3,20.3,1,37.1,115.0,86.0,89.0,83.0,2.0,7.0,8.0,muy bien,low
REC_003308,USR_0166,2026-06-01,30,161.2,62.6,24.1,9.0,32.8,7.8,3,29.8,0,37.0,120.0,74.0,83.0,79.0,1.0,7.0,9.0,bien,low
REC_003347,USR_0168,2026-06-01,49,179.1,119.1,37.12,4.0,15.2,4.9,1,7.2,5,37.0,131.0,73.0,130.0,90.0,6.0,1.0,5.0,mal,high
REC_003458,USR_0174,2026-06-01,45,162.1,59.6,22.69,6.0,16.2,7.7,3,20.8,4,36.8,121.0,84.0,99.0,86.0,6.0,4.0,7.0,regular,medium
REC_003624,USR_0182,2026-06-01,53,170.7,73.6,25.26,3.0,35.8,6.4,1,6.3,4,36.5,120.0,71.0,85.0,72.0,5.0,2.0,5.0,mal,medium
REC_003663,USR_0184,2026-06-01,39,165.9,60.0,21.78,10.0,19.9,7.8,3,10.8,0,36.6,120.0,65.0,100.0,73.0,2.0,7.0,7.0,regular,medium
REC_003777,USR_0190,2026-06-01,71,152.1,48.8,21.08,5.0,19.8,6.0,2,0.0,7,35.6,124.0,93.0,98.0,87.0,6.0,2.0,5.0,mal,medium
REC_003902,USR_0196,2026-06-01,30,164.1,47.9,17.8,5.0,5.0,6.9,1,5.8,5,36.3,126.0,77.0,76.0,98.0,6.0,1.0,5.0,mal,high
REC_003968,USR_0199,2026-06-01,22,166.5,76.5,27.58,6.0,45.6,9.5,2,16.3,0,36.8,106.0,67.0,110.0,68.0,1.0,7.0,10.0,muy bien,low
REC_004080,USR_0205,2026-06-01,18,177.2,76.0,24.19,3.0,0.0,6.1,3,14.3,5,37.0,132.0,78.0,76.0,112.0,6.0,4.0,6.0,regular,medium
REC_004383,USR_0219,2026-06-01,18,176.3,52.8,16.99,3.0,0.0,6.4,3,13.9,3,36.9,124.0,82.0,95.0,71.0,4.0,3.0,5.0,regular,medium
REC_004440,USR_0222,2026-06-01,62,157.0,77.3,31.36,5.0,13.6,7.2,2,4.7,3,36.9,132.0,74.0,98.0,85.0,4.0,3.0,8.0,regular,medium
REC_004482,USR_0224,2026-06-01,49,159.6,62.4,24.5,8.0,77.4,8.5,3,20.2,1,36.7,131.0,66.0,70.0,84.0,4.0,7.0,7.0,muy bien,low
REC_004555,USR_0228,2026-06-01,38,181.6,83.6,25.35,9.0,56.9,7.2,4,25.2,1,36.0,119.0,72.0,89.0,71.0,3.0,4.0,8.0,bien,low
REC_004575,USR_0229,2026-06-01,41,170.1,95.1,32.85,7.0,0.0,6.7,1,12.1,3,37.2,110.0,63.0,101.0,82.0,5.0,4.0,8.0,muy bien,medium
REC_004727,USR_0237,2026-06-01,55,174.9,86.1,28.16,3.0,14.4,5.5,0,8.0,6,36.5,123.0,81.0,88.0,88.0,7.0,1.0,4.0,mal,high
REC_004750,USR_0238,2026-06-01,40,170.5,88.7,30.53,5.0,16.1,5.2,3,13.1,3,37.1,125.0,70.0,100.0,78.0,4.0,3.0,6.0,regular,medium
