record_id,user_id,log_date,raw_prediction,predicted_anomaly,decision_score,anomaly_score,is_anomaly,external_match
REC_000082,USR_0005,2026-04-01,1,False,0.06295121435561879,-0.06295121435561879,False,True
REC_000100,USR_0006,2026-04-01,1,False,0.07286653791619352,-0.07286653791619352,False,True
REC_000330,USR_0017,2026-04-01,1,False,0.08068166069151361,-0.08068166069151361,False,True
REC_000400,USR_0021,2026-04-01,1,False,0.060935236644458324,-0.060935236644458324,False,True
REC_000532,USR_0027,2026-04-01,1,False,0.055568265857507404,-0.055568265857507404,False,True
REC_000578,USR_0029,2026-04-01,1,False,0.04451242689445112,-0.04451242689445112,False,True
REC_000654,USR_0033,2026-04-01,1,False,0.08727510675202921,-0.08727510675202921,True,False
REC_000785,USR_0041,2026-04-01,1,False,0.032121254543799216,-0.032121254543799216,False,True
REC_000852,USR_0044,2026-04-01,1,False,0.046582237990728304,-0.046582237990728304,False,True
REC_001046,USR_0054,2026-04-01,1,False,0.05087667250326022,-0.05087667250326022,False,True
REC_001320,USR_0068,2026-04-01,1,False,0.0536804721535834,-0.0536804721535834,False,True
REC_001433,USR_0073,2026-04-01,1,False,0.08305072724976198,-0.08305072724976198,False,True
REC_001555,USR_0079,2026-04-01,1,False,0.0729832521859739,-0.0729832521859739,False,True
REC_001613,USR_0082,2026-04-01,1,False,0.027988897462741913,-0.027988897462741913,False,True
REC_001632,USR_0083,2026-04-01,1,False,0.06623420073919883,-0.06623420073919883,False,True
REC_001718,USR_0087,2026-04-01,1,False,0.04384563005488923,-0.04384563005488923,True,False
REC_001871,USR_0095,2026-04-01,1,False,0.07901385974715758,-0.07901385974715758,False,True
REC_001950,USR_0099,2026-04-01,1,False,0.09135251582583992,-0.09135251582583992,False,True
REC_002079,USR_0105,2026-04-01,1,False,0.06697511891047142,-0.06697511891047142,False,True
REC_002142,USR_0108,2026-04-01,1,False,0.0005157138691089802,-0.0005157138691089802,False,True
REC_002161,USR_0109,2026-04-01,1,False,0.06027402896526057,-0.06027402896526057,False,True
REC_002260,USR_0114,2026-04-01,1,False,0.08710259004346793,-0.08710259004346793,False,True
REC_002408,USR_0121,2026-04-01,1,False,0.026139319205712663,-0.026139319205712663,False,True
REC_002537,USR_0128,2026-04-01,1,False,0.0715683195872156,-0.0715683195872156,False,True
REC_002702,USR_0136,2026-04-01,1,False,0.004188248210914347,-0.004188248210914347,False,True
REC_003116,USR_0157,2026-04-01,1,False,0.08385921309239869,-0.08385921309239869,False,True
REC_003133,USR_0158,2026-04-01,1,False,0.052812909755277415,-0.052812909755277415,False,True
REC_003195,USR_0161,2026-04-01,1,False,0.028333766863977483,-0.028333766863977483,True,False
REC_003330,USR_0168,2026-04-01,-1,True,-0.045658299826309534,0.045658299826309534,False,False
REC_003370,USR_0170,2026-04-01,1,False,0.03302646802340148,-0.03302646802340148,False,True
REC_003382,USR_0171,2026-04-01,1,False,0.029762799861511702,-0.029762799861511702,False,True
REC_003401,USR_0172,2026-04-01,1,False,0.0789388365393211,-0.0789388365393211,False,True
REC_003507,USR_0177,2026-04-01,-1,True,-0.035209939364365894,0.035209939364365894,True,True
REC_003551,USR_0179,2026-04-01,1,False,0.04420329724171784,-0.04420329724171784,False,True
REC_003631,USR_0183,2026-04-01,1,False,0.07984895875423337,-0.07984895875423337,False,True
REC_003808,USR_0192,2026-04-01,1,False,0.05688966702603515,-0.05688966702603515,False,True
REC_004037,USR_0203,2026-04-01,1,False,0.029905300048869488,-0.029905300048869488,False,True
REC_004110,USR_0207,2026-04-01,1,False,0.03803843210111507,-0.03803843210111507,False,True
REC_004234,USR_0213,2026-04-01,1,False,0.07248168914748304,-0.07248168914748304,False,True
REC_004468,USR_0224,2026-04-01,1,False,0.06254674294827506,-0.06254674294827506,False,True
REC_004507,USR_0226,2026-04-01,1,False,0.01048907684280187,-0.01048907684280187,False,True
REC_004543,USR_0228,2026-04-01,1,False,0.041283728359339134,-0.041283728359339134,False,True
REC_004671,USR_0235,2026-04-01,1,False,0.04481783310096449,-0.04481783310096449,False,True
REC_004693,USR_0236,2026-04-01,1,False,0.07430500313989158,-0.07430500313989158,False,True
REC_004719,USR_0237,2026-04-01,1,False,0.04966477325090979,-0.04966477325090979,False,True
REC_004805,USR_0241,2026-04-01,1,False,0.019185834594998563,-0.019185834594998563,False,True
REC_000001,USR_0001,2026-04-02,1,False,0.09209881728902347,-0.09209881728902347,False,True
REC_000187,USR_0010,2026-04-02,1,False,0.01992478334336567,-0.01992478334336567,False,True
REC_000247,USR_0013,2026-04-02,1,False,0.08361539712069121,-0.08361539712069121,False,True
REC_000430,USR_0022,2026-04-02,1,False,0.03710481648518932,-0.03710481648518932,False,True
REC_000556,USR_0028,2026-04-02,1,False,0.09103283430794673,-0.09103283430794673,False,True
REC_000602,USR_0030,2026-04-02,1,False,0.08167805588809729,-0.08167805588809729,False,True
REC_000762,USR_0040,2026-04-02,1,False,0.04646572151924605,-0.04646572151924605,False,True
REC_000786,USR_0041,2026-04-02,1,False,0.020338073562224168,-0.020338073562224168,False,True
REC_001071,USR_0055,2026-04-02,1,False,0.055443279912836096,-0.055443279912836096,False,True
REC_001211,USR_0062,2026-04-02,1,False,0.04935265493192015,-0.04935265493192015,False,True
REC_001226,USR_0063,2026-04-02,1,False,0.017070105937504576,-0.017070105937504576,False,True
REC_001284,USR_0066,2026-04-02,1,False,0.03695415774766714,-0.03695415774766714,False,True
REC_001495,USR_0076,2026-04-02,1,False,0.03386814660254245,-0.03386814660254245,False,True
REC_001531,USR_0078,2026-04-02,1,False,0.10179806396211838,-0.10179806396211838,False,True
REC_001556,USR_0079,2026-04-02,1,False,0.09509120006071575,-0.09509120006071575,False,True
REC_001633,USR_0083,2026-04-02,1,False,0.039404273780720256,-0.039404273780720256,False,True
REC_001679,USR_0085,2026-04-02,1,False,0.06868517674750585,-0.06868517674750585,False,True
REC_001817,USR_0092,2026-04-02,1,False,0.08166840628541006,-0.08166840628541006,False,True
REC_002019,USR_0102,2026-04-02,1,False,0.04085709676038646,-0.04085709676038646,False,True
REC_002080,USR_0105,2026-04-02,1,False,0.06018466268362832,-0.06018466268362832,False,True
REC_002184,USR_0110,2026-04-02,1,False,0.06052598541977555,-0.06052598541977555,False,True
REC_002461,USR_0124,2026-04-02,1,False,0.03178399528648307,-0.03178399528648307,False,True
REC_002538,USR_0128,2026-04-02,1,False,0.014231039128327683,-0.014231039128327683,False,True
REC_002683,USR_0135,2026-04-02,1,False,0.03850429725141852,-0.03850429725141852,False,True
REC_002734,USR_0138,2026-04-02,-1,True,-0.00035622313936434225,0.00035622313936434225,False,False
REC_003070,USR_0154,2026-04-02,1,False,0.027463249195248063,-0.027463249195248063,False,True
REC_003117,USR_0157,2026-04-02,1,False,0.05862586678711407,-0.05862586678711407,False,True
REC_003270,USR_0165,2026-04-02,1,False,0.08779048660529665,-0.08779048660529665,False,True
REC_003331,USR_0168,2026-04-02,1,False,0.031059451454667264,-0.031059451454667264,False,True
REC_003350,USR_0169,2026-04-02,1,False,0.0020423255850989808,-0.0020423255850989808,False,True
REC_003383,USR_0171,2026-04-02,1,False,0.017579255939977,-0.017579255939977,False,True
REC_003421,USR_0173,2026-04-02,1,False,0.003675503745390496,-0.003675503745390496,False,True
REC_003571,USR_0180,2026-04-02,1,False,0.0815320762624982,-0.0815320762624982,False,True
REC_003786,USR_0191,2026-04-02,1,False,0.05786967805483073,-0.05786967805483073,True,False
REC_003872,USR_0195,2026-04-02,1,False,0.0526658442515171,-0.0526658442515171,False,True
REC_004038,USR_0203,2026-04-02,1,False,0.06713012733301138,-0.06713012733301138,False,True
REC_004153,USR_0209,2026-04-02,1,False,0.05950696272820072,-0.05950696272820072,False,True
REC_004262,USR_0214,2026-04-02,1,False,0.0533947004281376,-0.0533947004281376,False,True
REC_004334,USR_0217,2026-04-02,1,False,0.04052509214071959,-0.04052509214071959,False,True
REC_004370,USR_0219,2026-04-02,1,False,0.06370631527645498,-0.06370631527645498,False,True
REC_004387,USR_0220,2026-04-02,1,False,0.045371077874263754,-0.045371077874263754,False,True
REC_004447,USR_0223,2026-04-02,1,False,0.035983260504444115,-0.035983260504444115,False,True
REC_004488,USR_0225,2026-04-02,1,False,0.05720735297410123,-0.05720735297410123,False,True
REC_004598,USR_0231,2026-04-02,1,False,0.021597066610398175,-0.021597066610398175,False,True
REC_004642,USR_0233,2026-04-02,1,False,0.04806679652214563,-0.04806679652214563,False,True
REC_004826,USR_0242,2026-04-02,1,False,0.04847668152222395,-0.04847668152222395,False,True
REC_004869,USR_0244,2026-04-02,1,False,0.08917600976042345,-0.08917600976042345,False,True
REC_004911,USR_0246,2026-04-02,1,False,0.03876297307140225,-0.03876297307140225,False,True
REC_004968,USR_0249,2026-04-02,1,False,0.026131842163117258,-0.026131842163117258,False,True
REC_004985,USR_0250,2026-04-02,1,False,0.019293595465895264,-0.019293595465895264,False,True
REC_000066,USR_0004,2026-04-03,1,False,0.08179912133036321,-0.08179912133036321,False,True
REC_000101,USR_0006,2026-04-03,1,False,0.07080527287554927,-0.07080527287554927,False,True
REC_000210,USR_0011,2026-04-03,1,False,0.06762182432278796,-0.06762182432278796,False,True
REC_000268,USR_0014,2026-04-03,1,False,0.06902408658038484,-0.06902408658038484,False,True
REC_000312,USR_0016,2026-04-03,1,False,0.0841975277694631,-0.0841975277694631,False,True
REC_000473,USR_0024,2026-04-03,1,False,0.05241777853462215,-0.05241777853462215,False,True
REC_000533,USR_0027,2026-04-03,1,False,0.04750731472299535,-0.04750731472299535,True,False
REC_000655,USR_0033,2026-04-03,1,False,0.061738597069186274,-0.061738597069186274,False,True
REC_000763,USR_0040,2026-04-03,1,False,0.04996961139591727,-0.04996961139591727,False,True
REC_000822,USR_0043,2026-04-03,1,False,0.03990085152289008,-0.03990085152289008,False,True
REC_000988,USR_0051,2026-04-03,1,False,0.02174131675870039,-0.02174131675870039,False,True
REC_001008,USR_0052,2026-04-03,1,False,0.042121189816874294,-0.042121189816874294,False,True
REC_001047,USR_0054,2026-04-03,1,False,0.04172062464561782,-0.04172062464561782,False,True
REC_001321,USR_0068,2026-04-03,1,False,0.06134585120902564,-0.06134585120902564,False,True
REC_001369,USR_0070,2026-04-03,1,False,0.08474843169903129,-0.08474843169903129,False,True
REC_001496,USR_0076,2026-04-03,1,False,0.048323000647998826,-0.048323000647998826,False,True
REC_001594,USR_0081,2026-04-03,1,False,0.06257081265522235,-0.06257081265522235,False,True
REC_001743,USR_0088,2026-04-03,1,False,0.06270564114656585,-0.06270564114656585,False,True
REC_001797,USR_0091,2026-04-03,1,False,0.005413123493191785,-0.005413123493191785,False,True
REC_001888,USR_0096,2026-04-03,1,False,0.023166021446000884,-0.023166021446000884,False,True
REC_001951,USR_0099,2026-04-03,1,False,0.07692664371800534,-0.07692664371800534,False,True
REC_002081,USR_0105,2026-04-03,1,False,0.05200725814852131,-0.05200725814852131,False,True
REC_002185,USR_0110,2026-04-03,1,False,0.04763574918055674,-0.04763574918055674,False,True
REC_002294,USR_0116,2026-04-03,1,False,0.038402168862806785,-0.038402168862806785,False,True
REC_002368,USR_0119,2026-04-03,1,False,0.051543096728275284,-0.051543096728275284,False,True
REC_002386,USR_0120,2026-04-03,1,False,0.04558285562603792,-0.04558285562603792,False,True
REC_002409,USR_0121,2026-04-03,1,False,0.03077157992567564,-0.03077157992567564,False,True
REC_002659,USR_0134,2026-04-03,1,False,0.03493987491799694,-0.03493987491799694,False,True
REC_002684,USR_0135,2026-04-03,1,False,0.056768508004961415,-0.056768508004961415,False,True
REC_002703,USR_0136,2026-04-03,1,False,0.023091191694066593,-0.023091191694066593,False,True
REC_002756,USR_0139,2026-04-03,1,False,0.07952702758682406,-0.07952702758682406,False,True
REC_002776,USR_0140,2026-04-03,1,False,0.06593378137760375,-0.06593378137760375,False,True
REC_003134,USR_0158,2026-04-03,1,False,0.09124452229212637,-0.09124452229212637,False,True
REC_003174,USR_0160,2026-04-03,1,False,0.05458945357080669,-0.05458945357080669,False,True
REC_003351,USR_0169,2026-04-03,1,False,0.017146796677126375,-0.017146796677126375,False,True
REC_003402,USR_0172,2026-04-03,1,False,0.06978669741281862,-0.06978669741281862,False,True
REC_003444,USR_0174,2026-04-03,1,False,0.05166001790469421,-0.05166001790469421,False,True
REC_003613,USR_0182,2026-04-03,1,False,0.04791991268014095,-0.04791991268014095,False,True
REC_003724,USR_0188,2026-04-03,-1,True,-0.0036607151424495887,0.0036607151424495887,True,True
REC_003747,USR_0189,2026-04-03,1,False,0.0004146955230112104,-0.0004146955230112104,False,True
REC_003809,USR_0192,2026-04-03,1,False,0.06590736608436437,-0.06590736608436437,False,True
REC_003850,USR_0194,2026-04-03,1,False,0.059955985383036925,-0.059955985383036925,False,True
REC_003994,USR_0201,2026-04-03,1,False,0.09232649467658738,-0.09232649467658738,False,True
REC_004179,USR_0210,2026-04-03,1,False,0.06404319976742678,-0.06404319976742678,False,True
REC_004288,USR_0215,2026-04-03,1,False,0.03382302781608498,-0.03382302781608498,False,True
REC_004308,USR_0216,2026-04-03,1,False,0.06136874436139522,-0.06136874436139522,False,True
REC_004448,USR_0223,2026-04-03,1,False,0.0789243353780334,-0.0789243353780334,False,True
REC_004469,USR_0224,2026-04-03,1,False,0.04147998619593635,-0.04147998619593635,False,True
REC_004599,USR_0231,2026-04-03,1,False,0.03176591253000566,-0.03176591253000566,False,True
REC_004620,USR_0232,2026-04-03,1,False,0.01155573590254999,-0.01155573590254999,False,True
REC_004672,USR_0235,2026-04-03,1,False,0.026039608023368355,-0.026039608023368355,False,True
REC_004733,USR_0238,2026-04-03,1,False,0.07694280889352051,-0.07694280889352051,False,True
REC_004827,USR_0242,2026-04-03,1,False,0.0457475452509199,-0.0457475452509199,False,True
REC_004912,USR_0246,2026-04-03,1,False,0.07490361534877205,-0.07490361534877205,False,True
REC_004952,USR_0248,2026-04-03,1,False,0.07159328850168967,-0.07159328850168967,False,True
REC_000145,USR_0008,2026-04-04,1,False,0.040994833409503995,-0.040994833409503995,False,True
REC_000269,USR_0014,2026-04-04,1,False,0.040431377537156865,-0.040431377537156865,False,True
REC_000351,USR_0018,2026-04-04,1,False,0.03595706303260987,-0.03595706303260987,False,True
REC_000431,USR_0022,2026-04-04,1,False,0.02649500364387819,-0.02649500364387819,False,True
REC_000557,USR_0028,2026-04-04,1,False,0.06253967997333132,-0.06253967997333132,False,True
REC_000620,USR_0031,2026-04-04,1,False,0.07400495271197566,-0.07400495271197566,False,True
REC_000640,USR_0032,2026-04-04,1,False,0.03526749176260463,-0.03526749176260463,False,True
REC_000682,USR_0035,2026-04-04,1,False,0.022446118090492462,-0.022446118090492462,False,True
REC_000764,USR_0040,2026-04-04,1,False,0.027976323027487482,-0.027976323027487482,False,True
REC_000823,USR_0043,2026-04-04,1,False,0.05388846083958532,-0.05388846083958532,False,True
REC_000853,USR_0044,2026-04-04,1,False,0.05838626317083645,-0.05838626317083645,False,True
REC_000939,USR_0049,2026-04-04,1,False,0.07242602925193431,-0.07242602925193431,False,True
REC_001185,USR_0061,2026-04-04,1,False,0.09075801857745153,-0.09075801857745153,False,True
REC_001212,USR_0062,2026-04-04,1,False,0.020719657754937337,-0.020719657754937337,False,True
REC_001512,USR_0077,2026-04-04,1,False,0.08280827537695495,-0.08280827537695495,False,True
REC_001557,USR_0079,2026-04-04,1,False,0.08091793621932741,-0.08091793621932741,False,True
REC_001680,USR_0085,2026-04-04,1,False,0.03779250238910081,-0.03779250238910081,False,True
REC_001694,USR_0086,2026-04-04,-1,True,-0.0010514975465617526,0.0010514975465617526,False,False
REC_001757,USR_0089,2026-04-04,1,False,0.04531592014033131,-0.04531592014033131,False,True
REC_001818,USR_0092,2026-04-04,1,False,0.07331977635892284,-0.07331977635892284,False,True
REC_002020,USR_0102,2026-04-04,1,False,0.06003993803145968,-0.06003993803145968,False,True
REC_002340,USR_0118,2026-04-04,1,False,0.08262525267887133,-0.08262525267887133,False,True
REC_002429,USR_0122,2026-04-04,1,False,0.10068620901009018,-0.10068620901009018,False,True
REC_002448,USR_0123,2026-04-04,1,False,0.06283449314413653,-0.06283449314413653,False,True
REC_002512,USR_0127,2026-04-04,1,False,0.05384671378585576,-0.05384671378585576,False,True
REC_002601,USR_0131,2026-04-04,1,False,0.07421615470371318,-0.07421615470371318,False,True
REC_002704,USR_0136,2026-04-04,1,False,0.08089597308927216,-0.08089597308927216,False,True
REC_002797,USR_0141,2026-04-04,1,False,0.02662384392809375,-0.02662384392809375,False,True
REC_002840,USR_0143,2026-04-04,1,False,0.04875646488340463,-0.04875646488340463,False,True
REC_002886,USR_0145,2026-04-04,1,False,0.0624683094778366,-0.0624683094778366,False,True
REC_002947,USR_0148,2026-04-04,1,False,0.031663795521835736,-0.031663795521835736,False,True
REC_003314,USR_0167,2026-04-04,1,False,0.04874407733018521,-0.04874407733018521,False,True
REC_003371,USR_0170,2026-04-04,1,False,0.078619400013473,-0.078619400013473,False,True
REC_003422,USR_0173,2026-04-04,1,False,0.06419058544687706,-0.06419058544687706,False,True
REC_003508,USR_0177,2026-04-04,1,False,0.008908886430873841,-0.008908886430873841,False,True
REC_003552,USR_0179,2026-04-04,1,False,0.04954255554510828,-0.04954255554510828,False,True
REC_003572,USR_0180,2026-04-04,1,False,0.04741641377978628,-0.04741641377978628,False,True
REC_003725,USR_0188,2026-04-04,1,False,0.08380064652543034,-0.08380064652543034,False,True
REC_003766,USR_0190,2026-04-04,1,False,0.03574811684740897,-0.03574811684740897,False,True
REC_003830,USR_0193,2026-04-04,1,False,0.08518612446102031,-0.08518612446102031,False,True
REC_003873,USR_0195,2026-04-04,1,False,0.06207235291399715,-0.06207235291399715,False,True
REC_004019,USR_0202,2026-04-04,1,False,0.0754804452332618,-0.0754804452332618,False,True
REC_004067,USR_0205,2026-04-04,1,False,0.07105201351368623,-0.07105201351368623,False,True
REC_004134,USR_0208,2026-04-04,1,False,0.06608070679619504,-0.06608070679619504,False,True
REC_004235,USR_0213,2026-04-04,1,False,0.04404349077257802,-0.04404349077257802,False,True
REC_004263,USR_0214,2026-04-04,1,False,0.05761557937493844,-0.05761557937493844,False,True
REC_004309,USR_0216,2026-04-04,1,False,0.013005906981068072,-0.013005906981068072,False,True
REC_004388,USR_0220,2026-04-04,1,False,0.058278006675499705,-0.058278006675499705,False,True
REC_004424,USR_0222,2026-04-04,1,False,0.06277647528876212,-0.06277647528876212,False,True
REC_004694,USR_0236,2026-04-04,1,False,0.06783575554786597,-0.06783575554786597,False,True
REC_004734,USR_0238,2026-04-04,1,False,0.07445389881341341,-0.07445389881341341,False,True
REC_004930,USR_0247,2026-04-04,1,False,0.05837286475485337,-0.05837286475485337,False,True
REC_000083,USR_0005,2026-04-05,1,False,0.03119810427210623,-0.03119810427210623,False,True
REC_000270,USR_0014,2026-04-05,1,False,0.06526194356561082,-0.06526194356561082,False,True
REC_000331,USR_0017,2026-04-05,1,False,0.04438719082490983,-0.04438719082490983,False,True
REC_000401,USR_0021,2026-04-05,1,False,0.08901142384151745,-0.08901142384151745,False,True
REC_000474,USR_0024,2026-04-05,1,False,0.03817326992780212,-0.03817326992780212,False,True
REC_000603,USR_0030,2026-04-05,1,False,0.050440023661555144,-0.050440023661555144,False,True
REC_000641,USR_0032,2026-04-05,1,False,0.08797172452025515,-0.08797172452025515,False,True
REC_000670,USR_0034,2026-04-05,1,False,0.09052381642350138,-0.09052381642350138,False,True
REC_000871,USR_0045,2026-04-05,1,False,0.024550519324104736,-0.024550519324104736,False,True
REC_000905,USR_0047,2026-04-05,1,False,0.06635360709968008,-0.06635360709968008,False,True
REC_000940,USR_0049,2026-04-05,1,False,0.05300788784585886,-0.05300788784585886,False,True
REC_000959,USR_0050,2026-04-05,1,False,0.0826836042899477,-0.0826836042899477,False,True
REC_000989,USR_0051,2026-04-05,1,False,0.05488920959393884,-0.05488920959393884,False,True
REC_001009,USR_0052,2026-04-05,1,False,0.043628070461955604,-0.043628070461955604,False,True
REC_001088,USR_0056,2026-04-05,1,False,0.0820861458561053,-0.0820861458561053,False,True
REC_001213,USR_0062,2026-04-05,1,False,0.061741177655683266,-0.061741177655683266,False,True
REC_001244,USR_0064,2026-04-05,1,False,0.053092461263805235,-0.053092461263805235,False,True
REC_001262,USR_0065,2026-04-05,1,False,0.09627751202725632,-0.09627751202725632,False,True
REC_001347,USR_0069,2026-04-05,1,False,0.06159126830002082,-0.06159126830002082,False,True
REC_001370,USR_0070,2026-04-05,1,False,0.05503310868033762,-0.05503310868033762,False,True
REC_001470,USR_0075,2026-04-05,1,False,0.05440411084108937,-0.05440411084108937,False,True
REC_001532,USR_0078,2026-04-05,1,False,0.07052549061289509,-0.07052549061289509,False,True
REC_001595,USR_0081,2026-04-05,1,False,0.02458564437664762,-0.02458564437664762,False,True
REC_001614,USR_0082,2026-04-05,1,False,0.021034985973388265,-0.021034985973388265,False,True
REC_001656,USR_0084,2026-04-05,1,False,0.04510748755500388,-0.04510748755500388,False,True
REC_001996,USR_0101,2026-04-05,1,False,0.0029537354492875645,-0.0029537354492875645,False,True
REC_002036,USR_0103,2026-04-05,1,False,0.022571764113235804,-0.022571764113235804,False,True
REC_002143,USR_0108,2026-04-05,1,False,0.040661139169495764,-0.040661139169495764,False,True
REC_002162,USR_0109,2026-04-05,1,False,0.05135482135286584,-0.05135482135286584,False,True
REC_002199,USR_0111,2026-04-05,1,False,0.0859745524397253,-0.0859745524397253,False,True
REC_002218,USR_0112,2026-04-05,1,False,0.08085345626500318,-0.08085345626500318,False,True
REC_002275,USR_0115,2026-04-05,1,False,0.07607969174341955,-0.07607969174341955,False,True
REC_002341,USR_0118,2026-04-05,1,False,0.06960691659810059,-0.06960691659810059,False,True
REC_002387,USR_0120,2026-04-05,1,False,0.08881303831941684,-0.08881303831941684,False,True
REC_002660,USR_0134,2026-04-05,1,False,0.024555897149833916,-0.024555897149833916,False,True
REC_002757,USR_0139,2026-04-05,1,False,0.08157883603327848,-0.08157883603327848,False,True
REC_002777,USR_0140,2026-04-05,1,False,0.08226336208880042,-0.08226336208880042,False,True
REC_003048,USR_0153,2026-04-05,1,False,0.07522909506208125,-0.07522909506208125,False,True
REC_003071,USR_0154,2026-04-05,1,False,0.03733559393547653,-0.03733559393547653,False,True
REC_003135,USR_0158,2026-04-05,1,False,0.0756257009709605,-0.0756257009709605,False,True
REC_003175,USR_0160,2026-04-05,1,False,0.062433602724909165,-0.062433602724909165,False,True
REC_003293,USR_0166,2026-04-05,1,False,0.05593285154380018,-0.05593285154380018,False,True
REC_003352,USR_0169,2026-04-05,1,False,0.02224040025299867,-0.02224040025299867,False,True
REC_003591,USR_0181,2026-04-05,1,False,0.0348419329091843,-0.0348419329091843,False,True
REC_003650,USR_0184,2026-04-05,1,False,0.06025069492889479,-0.06025069492889479,False,True
REC_003748,USR_0189,2026-04-05,-1,True,-0.04385567625698794,0.04385567625698794,False,False
REC_003926,USR_0198,2026-04-05,1,False,0.04787965637279101,-0.04787965637279101,False,True
REC_003995,USR_0201,2026-04-05,1,False,0.09941100324786367,-0.09941100324786367,False,True
REC_004198,USR_0211,2026-04-05,1,False,0.04534662328598338,-0.04534662328598338,False,True
REC_004236,USR_0213,2026-04-05,1,False,0.041070978715689266,-0.041070978715689266,False,True
REC_004310,USR_0216,2026-04-05,1,False,0.05153803129442147,-0.05153803129442147,False,True
REC_004544,USR_0228,2026-04-05,1,False,0.05260504051177739,-0.05260504051177739,False,True
REC_004600,USR_0231,2026-04-05,1,False,0.0802138997398888,-0.0802138997398888,False,True
REC_004658,USR_0234,2026-04-05,1,False,0.010266879534691742,-0.010266879534691742,False,True
REC_004673,USR_0235,2026-04-05,1,False,0.05856859318570673,-0.05856859318570673,False,True
REC_004759,USR_0239,2026-04-05,1,False,0.0294029851672879,-0.0294029851672879,False,True
REC_004806,USR_0241,2026-04-05,1,False,0.07411679391782261,-0.07411679391782261,False,True
REC_004888,USR_0245,2026-04-05,1,False,0.05254147898425732,-0.05254147898425732,False,True
REC_004913,USR_0246,2026-04-05,1,False,0.03154808774226031,-0.03154808774226031,True,False
REC_004953,USR_0248,2026-04-05,1,False,0.03720048721674213,-0.03720048721674213,False,True
REC_000020,USR_0002,2026-04-06,1,False,0.07841710066997709,-0.07841710066997709,False,True
REC_000046,USR_0003,2026-04-06,1,False,0.04373214687170557,-0.04373214687170557,False,True
REC_000124,USR_0007,2026-04-06,1,False,0.06298588274983696,-0.06298588274983696,False,True
REC_000146,USR_0008,2026-04-06,1,False,0.044991900232351334,-0.044991900232351334,False,True
REC_000169,USR_0009,2026-04-06,1,False,0.04143068417604007,-0.04143068417604007,False,True
REC_000211,USR_0011,2026-04-06,1,False,0.04076725896940603,-0.04076725896940603,False,True
REC_000248,USR_0013,2026-04-06,1,False,0.07536090411770247,-0.07536090411770247,False,True
REC_000313,USR_0016,2026-04-06,1,False,0.07597898585372653,-0.07597898585372653,False,True
REC_000352,USR_0018,2026-04-06,1,False,0.05395443119215787,-0.05395443119215787,False,True
REC_000450,USR_0023,2026-04-06,1,False,0.05801710495580825,-0.05801710495580825,False,True
REC_000579,USR_0029,2026-04-06,1,False,0.03602278440604495,-0.03602278440604495,False,True
REC_000765,USR_0040,2026-04-06,1,False,0.07011852636486998,-0.07011852636486998,False,True
REC_000906,USR_0047,2026-04-06,1,False,0.07790826522966704,-0.07790826522966704,False,True
REC_001048,USR_0054,2026-04-06,1,False,0.04176898812042029,-0.04176898812042029,False,True
REC_001072,USR_0055,2026-04-06,1,False,0.062068221025742165,-0.062068221025742165,False,True
REC_001130,USR_0058,2026-04-06,1,False,0.045284286261010775,-0.045284286261010775,False,True
REC_001150,USR_0059,2026-04-06,1,False,0.08040142011096102,-0.08040142011096102,False,True
REC_001186,USR_0061,2026-04-06,1,False,0.027033279192638426,-0.027033279192638426,False,True
REC_001245,USR_0064,2026-04-06,1,False,0.061326902914982995,-0.061326902914982995,False,True
REC_001371,USR_0070,2026-04-06,1,False,0.07925411967547641,-0.07925411967547641,False,True
REC_001393,USR_0071,2026-04-06,1,False,0.0564073440440786,-0.0564073440440786,False,True
REC_001411,USR_0072,2026-04-06,1,False,0.04405061049061676,-0.04405061049061676,False,True
REC_001450,USR_0074,2026-04-06,1,False,0.0768659313645077,-0.0768659313645077,False,True
REC_001575,USR_0080,2026-04-06,1,False,0.07196091309682456,-0.07196091309682456,False,True
REC_001744,USR_0088,2026-04-06,1,False,0.08710075434505049,-0.08710075434505049,False,True
REC_001856,USR_0094,2026-04-06,1,False,0.02693501150141503,-0.02693501150141503,False,True
REC_001952,USR_0099,2026-04-06,1,False,0.1056868519415397,-0.1056868519415397,False,True
REC_001974,USR_0100,2026-04-06,1,False,0.03149991090754872,-0.03149991090754872,False,True
REC_002163,USR_0109,2026-04-06,1,False,0.0752247093122001,-0.0752247093122001,False,True
REC_002276,USR_0115,2026-04-06,1,False,0.08259640065008095,-0.08259640065008095,False,True
REC_002388,USR_0120,2026-04-06,1,False,0.08611462940366149,-0.08611462940366149,False,True
REC_002476,USR_0125,2026-04-06,1,False,0.06549272726167149,-0.06549272726167149,False,True
REC_002513,USR_0127,2026-04-06,1,False,0.08760666086430546,-0.08760666086430546,False,True
REC_002539,USR_0128,2026-04-06,1,False,0.06324254600672807,-0.06324254600672807,False,True
REC_002685,USR_0135,2026-04-06,1,False,0.050372437531358505,-0.050372437531358505,False,True
REC_002735,USR_0138,2026-04-06,1,False,0.016692636214473366,-0.016692636214473366,False,True
REC_002865,USR_0144,2026-04-06,1,False,0.05091198020889859,-0.05091198020889859,False,True
REC_002948,USR_0148,2026-04-06,1,False,0.05315286452616036,-0.05315286452616036,False,True
REC_003196,USR_0161,2026-04-06,1,False,0.04096684870397321,-0.04096684870397321,False,True
REC_003213,USR_0162,2026-04-06,1,False,0.08376359406976508,-0.08376359406976508,False,True
REC_003332,USR_0168,2026-04-06,1,False,0.0358511470891521,-0.0358511470891521,False,True
REC_003353,USR_0169,2026-04-06,1,False,0.05357670814932913,-0.05357670814932913,False,True
REC_003445,USR_0174,2026-04-06,1,False,0.05982753802396962,-0.05982753802396962,False,True
REC_003485,USR_0176,2026-04-06,-1,True,-0.0028952887861519727,0.0028952887861519727,False,False
REC_003614,USR_0182,2026-04-06,1,False,0.06622258139489101,-0.06622258139489101,False,True
REC_003667,USR_0185,2026-04-06,1,False,0.028308161828515088,-0.028308161828515088,False,True
REC_003787,USR_0191,2026-04-06,1,False,0.03406763533914475,-0.03406763533914475,False,True
REC_003874,USR_0195,2026-04-06,1,False,0.05413035749873485,-0.05413035749873485,False,True
REC_003909,USR_0197,2026-04-06,1,False,0.07662720235416814,-0.07662720235416814,False,True
REC_003927,USR_0198,2026-04-06,1,False,0.052227456190092836,-0.052227456190092836,False,True
REC_004088,USR_0206,2026-04-06,1,False,0.07451243258687523,-0.07451243258687523,False,True
REC_004237,USR_0213,2026-04-06,1,False,0.06195218616780024,-0.06195218616780024,False,True
REC_004264,USR_0214,2026-04-06,1,False,0.06912002187155442,-0.06912002187155442,False,True
REC_004311,USR_0216,2026-04-06,1,False,0.07650005027438439,-0.07650005027438439,False,True
REC_004508,USR_0226,2026-04-06,1,False,0.01913179966968237,-0.01913179966968237,False,True
REC_004525,USR_0227,2026-04-06,1,False,0.08500806219917728,-0.08500806219917728,False,True
REC_004643,USR_0233,2026-04-06,1,False,0.07658868024026683,-0.07658868024026683,False,True
REC_004787,USR_0240,2026-04-06,1,False,0.05823507056700222,-0.05823507056700222,False,True
REC_004807,USR_0241,2026-04-06,1,False,0.07689213611978418,-0.07689213611978418,False,True
REC_004931,USR_0247,2026-04-06,1,False,0.026188866945628997,-0.026188866945628997,False,True
REC_004969,USR_0249,2026-04-06,1,False,0.033167399041887924,-0.033167399041887924,False,True
REC_000002,USR_0001,2026-04-07,1,False,0.04741178379868638,-0.04741178379868638,False,True
REC_000125,USR_0007,2026-04-07,1,False,0.020035117112850442,-0.020035117112850442,False,True
REC_000170,USR_0009,2026-04-07,1,False,0.07753772865138558,-0.07753772865138558,False,True
REC_000212,USR_0011,2026-04-07,1,False,0.016794649881214374,-0.016794649881214374,False,True
REC_000314,USR_0016,2026-04-07,1,False,0.04560290961567015,-0.04560290961567015,False,True
REC_000332,USR_0017,2026-04-07,1,False,0.07148952899043431,-0.07148952899043431,False,True
REC_000475,USR_0024,2026-04-07,1,False,0.05021867795738011,-0.05021867795738011,False,True
REC_000498,USR_0025,2026-04-07,1,False,0.06103039370992175,-0.06103039370992175,False,True
REC_000746,USR_0039,2026-04-07,1,False,0.08978438565982011,-0.08978438565982011,False,True
REC_000787,USR_0041,2026-04-07,1,False,0.06536151788007305,-0.06536151788007305,False,True
REC_000824,USR_0043,2026-04-07,1,False,0.03211988769293622,-0.03211988769293622,False,True
REC_000907,USR_0047,2026-04-07,1,False,0.05078770681602196,-0.05078770681602196,False,True
REC_000960,USR_0050,2026-04-07,1,False,0.030444252129105842,-0.030444252129105842,False,True
REC_001187,USR_0061,2026-04-07,1,False,0.04212539025134393,-0.04212539025134393,False,True
REC_001263,USR_0065,2026-04-07,1,False,0.034431909015450735,-0.034431909015450735,False,True
REC_001322,USR_0068,2026-04-07,1,False,0.04682208140407046,-0.04682208140407046,False,True
REC_001348,USR_0069,2026-04-07,1,False,0.09246901748637315,-0.09246901748637315,False,True
REC_001412,USR_0072,2026-04-07,1,False,0.036510876426332384,-0.036510876426332384,False,True
REC_001497,USR_0076,2026-04-07,1,False,0.07933625596250837,-0.07933625596250837,False,True
REC_001533,USR_0078,2026-04-07,1,False,0.0201731240351688,-0.0201731240351688,False,True
REC_001596,USR_0081,2026-04-07,1,False,0.04490065720436204,-0.04490065720436204,False,True
REC_001634,USR_0083,2026-04-07,1,False,0.03125650426427323,-0.03125650426427323,False,True
REC_001657,USR_0084,2026-04-07,1,False,0.04324165938253022,-0.04324165938253022,False,True
REC_001681,USR_0085,2026-04-07,1,False,0.0830108938809902,-0.0830108938809902,False,True
REC_001857,USR_0094,2026-04-07,1,False,0.06402619627667727,-0.06402619627667727,False,True
REC_001926,USR_0098,2026-04-07,1,False,0.032785977539683486,-0.032785977539683486,False,True
REC_001953,USR_0099,2026-04-07,1,False,0.06408882308109565,-0.06408882308109565,False,True
REC_002021,USR_0102,2026-04-07,1,False,0.07305448893848088,-0.07305448893848088,True,False
REC_002082,USR_0105,2026-04-07,1,False,0.08617722473275902,-0.08617722473275902,False,True
REC_002123,USR_0107,2026-04-07,1,False,0.0889840589797094,-0.0889840589797094,False,True
REC_002200,USR_0111,2026-04-07,1,False,0.06891192532176127,-0.06891192532176127,False,True
REC_002237,USR_0113,2026-04-07,1,False,0.04387443158170973,-0.04387443158170973,False,True
REC_002295,USR_0116,2026-04-07,1,False,0.023543410840357493,-0.023543410840357493,False,True
REC_002640,USR_0133,2026-04-07,1,False,0.016241044383834335,-0.016241044383834335,False,True
REC_002720,USR_0137,2026-04-07,1,False,0.0758834542145615,-0.0758834542145615,False,True
REC_002758,USR_0139,2026-04-07,1,False,0.062323439181015405,-0.062323439181015405,False,True
REC_002778,USR_0140,2026-04-07,1,False,0.06606200414873231,-0.06606200414873231,False,True
REC_002887,USR_0145,2026-04-07,1,False,0.0659285090216285,-0.0659285090216285,False,True
REC_002923,USR_0147,2026-04-07,1,False,0.08180641770816116,-0.08180641770816116,False,True
REC_002968,USR_0149,2026-04-07,1,False,0.042425661652450875,-0.042425661652450875,False,True
REC_003084,USR_0155,2026-04-07,1,False,0.01176769049143156,-0.01176769049143156,False,True
REC_003176,USR_0160,2026-04-07,1,False,0.052448859137517956,-0.052448859137517956,False,True
REC_003271,USR_0165,2026-04-07,1,False,0.08975151423790301,-0.08975151423790301,False,True
REC_003315,USR_0167,2026-04-07,1,False,0.06514488950917491,-0.06514488950917491,False,True
REC_003372,USR_0170,2026-04-07,1,False,0.07426226403533126,-0.07426226403533126,False,True
REC_003651,USR_0184,2026-04-07,1,False,0.07342064506464174,-0.07342064506464174,False,True
REC_003788,USR_0191,2026-04-07,1,False,0.0699327109063374,-0.0699327109063374,False,True
REC_003975,USR_0200,2026-04-07,1,False,0.09239817711262471,-0.09239817711262471,False,True
REC_003996,USR_0201,2026-04-07,1,False,0.09141064986036185,-0.09141064986036185,False,True
REC_004135,USR_0208,2026-04-07,1,False,0.05834262662839457,-0.05834262662839457,False,True
REC_004238,USR_0213,2026-04-07,1,False,0.047563252959805735,-0.047563252959805735,False,True
REC_004289,USR_0215,2026-04-07,1,False,0.06341186557993628,-0.06341186557993628,False,True
REC_004371,USR_0219,2026-04-07,1,False,0.05313036762909418,-0.05313036762909418,False,True
REC_004621,USR_0232,2026-04-07,1,False,0.032043498918830016,-0.032043498918830016,False,True
REC_004659,USR_0234,2026-04-07,1,False,0.04870636147406027,-0.04870636147406027,False,True
REC_004788,USR_0240,2026-04-07,1,False,0.04828774855727502,-0.04828774855727502,False,True
REC_004970,USR_0249,2026-04-07,1,False,0.04091408985687989,-0.04091408985687989,False,True
REC_000021,USR_0002,2026-04-08,1,False,0.0635673680765439,-0.0635673680765439,False,True
REC_000126,USR_0007,2026-04-08,1,False,0.008510381110671816,-0.008510381110671816,False,True
REC_000432,USR_0022,2026-04-08,1,False,0.04098264184926642,-0.04098264184926642,False,True
REC_000534,USR_0027,2026-04-08,1,False,0.07969217173517396,-0.07969217173517396,False,True
REC_000621,USR_0031,2026-04-08,1,False,0.07726190481791911,-0.07726190481791911,False,True
REC_000766,USR_0040,2026-04-08,1,False,0.09083253914034922,-0.09083253914034922,False,True
REC_000825,USR_0043,2026-04-08,1,False,0.06716127585968718,-0.06716127585968718,False,True
REC_000891,USR_0046,2026-04-08,1,False,0.013801367909605955,-0.013801367909605955,False,True
REC_000990,USR_0051,2026-04-08,1,False,0.04101745619886532,-0.04101745619886532,False,True
REC_001049,USR_0054,2026-04-08,1,False,0.08120551008086557,-0.08120551008086557,False,True
REC_001089,USR_0056,2026-04-08,1,False,0.05202532002455512,-0.05202532002455512,False,True
REC_001110,USR_0057,2026-04-08,1,False,0.048922149311172836,-0.048922149311172836,False,True
REC_001170,USR_0060,2026-04-08,1,False,0.07680017745936635,-0.07680017745936635,False,True
REC_001188,USR_0061,2026-04-08,1,False,0.054548504613231796,-0.054548504613231796,False,True
REC_001434,USR_0073,2026-04-08,1,False,0.09762550752913007,-0.09762550752913007,False,True
REC_001534,USR_0078,2026-04-08,1,False,0.04724437226003669,-0.04724437226003669,False,True
REC_001615,USR_0082,2026-04-08,1,False,0.057947835161656136,-0.057947835161656136,False,True
REC_001658,USR_0084,2026-04-08,1,False,0.04583340488181531,-0.04583340488181531,False,True
REC_001832,USR_0093,2026-04-08,1,False,0.039142911808207226,-0.039142911808207226,False,True
REC_001954,USR_0099,2026-04-08,1,False,0.06422674348103907,-0.06422674348103907,False,True
REC_002186,USR_0110,2026-04-08,1,False,0.05386547652006901,-0.05386547652006901,False,True
REC_002261,USR_0114,2026-04-08,1,False,0.07246976058645438,-0.07246976058645438,False,True
REC_002277,USR_0115,2026-04-08,1,False,0.05576277570257143,-0.05576277570257143,False,True
REC_002496,USR_0126,2026-04-08,-1,True,-0.015459027590473129,0.015459027590473129,False,False
REC_002514,USR_0127,2026-04-08,1,False,0.06313396607334681,-0.06313396607334681,False,True
REC_002540,USR_0128,2026-04-08,1,False,0.07538706432483444,-0.07538706432483444,False,True
REC_002621,USR_0132,2026-04-08,1,False,0.060778661488112395,-0.060778661488112395,False,True
REC_002641,USR_0133,2026-04-08,1,False,0.009446556062365219,-0.009446556062365219,False,True
REC_002661,USR_0134,2026-04-08,1,False,0.04959864787551144,-0.04959864787551144,False,True
REC_002686,USR_0135,2026-04-08,1,False,0.06569160642244487,-0.06569160642244487,False,True
REC_002779,USR_0140,2026-04-08,1,False,0.05707245068233968,-0.05707245068233968,False,True
REC_002820,USR_0142,2026-04-08,1,False,0.03967078995483769,-0.03967078995483769,False,True
REC_002841,USR_0143,2026-04-08,1,False,0.033530873418171125,-0.033530873418171125,False,True
REC_002969,USR_0149,2026-04-08,1,False,0.06477389631590158,-0.06477389631590158,False,True
REC_003023,USR_0152,2026-04-08,1,False,0.07296772502382648,-0.07296772502382648,False,True
REC_003099,USR_0156,2026-04-08,1,False,0.08346592679094772,-0.08346592679094772,False,True
REC_003118,USR_0157,2026-04-08,1,False,0.06734729347268781,-0.06734729347268781,False,True
REC_003154,USR_0159,2026-04-08,1,False,0.09125240394124579,-0.09125240394124579,False,True
REC_003236,USR_0163,2026-04-08,1,False,0.06011841892369724,-0.06011841892369724,False,True
REC_003260,USR_0164,2026-04-08,1,False,0.0832189616989022,-0.0832189616989022,False,True
REC_003294,USR_0166,2026-04-08,1,False,0.025716568613148638,-0.025716568613148638,False,True
REC_003354,USR_0169,2026-04-08,1,False,0.042863099764857304,-0.042863099764857304,False,True
REC_003749,USR_0189,2026-04-08,1,False,0.018142268313017018,-0.018142268313017018,False,True
REC_003789,USR_0191,2026-04-08,1,False,0.07039545038360062,-0.07039545038360062,False,True
REC_003831,USR_0193,2026-04-08,1,False,0.058293271135993474,-0.058293271135993474,False,True
REC_003928,USR_0198,2026-04-08,1,False,0.03455722330747857,-0.03455722330747857,False,True
REC_004068,USR_0205,2026-04-08,1,False,0.08156730296382592,-0.08156730296382592,False,True
REC_004136,USR_0208,2026-04-08,1,False,0.05030481437164841,-0.05030481437164841,False,True
REC_004154,USR_0209,2026-04-08,1,False,0.03730243088703994,-0.03730243088703994,False,True
REC_004265,USR_0214,2026-04-08,1,False,0.06826923242807753,-0.06826923242807753,False,True
REC_004389,USR_0220,2026-04-08,1,False,0.039210138177233234,-0.039210138177233234,False,True
REC_004470,USR_0224,2026-04-08,1,False,0.07019653411713711,-0.07019653411713711,False,True
REC_004601,USR_0231,2026-04-08,1,False,0.020512762994225553,-0.020512762994225553,False,True
REC_004660,USR_0234,2026-04-08,1,False,0.06176610884136979,-0.06176610884136979,False,True
REC_004695,USR_0236,2026-04-08,1,False,0.026829105290101407,-0.026829105290101407,False,True
REC_004789,USR_0240,2026-04-08,1,False,0.04731601331789054,-0.04731601331789054,False,True
REC_004870,USR_0244,2026-04-08,1,False,0.08506478466848416,-0.08506478466848416,False,True
REC_004914,USR_0246,2026-04-08,1,False,0.050479978284061644,-0.050479978284061644,False,True
REC_004954,USR_0248,2026-04-08,1,False,0.03893974574724074,-0.03893974574724074,False,True
REC_000003,USR_0001,2026-04-09,1,False,0.07939795246982867,-0.07939795246982867,False,True
REC_000022,USR_0002,2026-04-09,1,False,0.01039835871995154,-0.01039835871995154,True,False
REC_000226,USR_0012,2026-04-09,1,False,0.07044822056072941,-0.07044822056072941,False,True
REC_000290,USR_0015,2026-04-09,1,False,0.06429777183343682,-0.06429777183343682,False,True
REC_000315,USR_0016,2026-04-09,1,False,0.050274600621151244,-0.050274600621151244,False,True
REC_000353,USR_0018,2026-04-09,1,False,0.03914244282028284,-0.03914244282028284,False,True
REC_000558,USR_0028,2026-04-09,1,False,0.08009104290834773,-0.08009104290834773,False,True
REC_000695,USR_0036,2026-04-09,1,False,0.044113134998470305,-0.044113134998470305,False,True
REC_000725,USR_0038,2026-04-09,1,False,0.03147599391860967,-0.03147599391860967,False,True
REC_000767,USR_0040,2026-04-09,1,False,0.05393224765039212,-0.05393224765039212,False,True
REC_000941,USR_0049,2026-04-09,1,False,0.06369190389854174,-0.06369190389854174,False,True
REC_001264,USR_0065,2026-04-09,1,False,0.026010262025664255,-0.026010262025664255,False,True
REC_001394,USR_0071,2026-04-09,1,False,0.0681918406168478,-0.0681918406168478,False,True
REC_001659,USR_0084,2026-04-09,1,False,0.03254975649056513,-0.03254975649056513,False,True
REC_001819,USR_0092,2026-04-09,1,False,0.08623314957339634,-0.08623314957339634,False,True
REC_001858,USR_0094,2026-04-09,1,False,0.07183683371643496,-0.07183683371643496,False,True
REC_001872,USR_0095,2026-04-09,1,False,0.08403079121541945,-0.08403079121541945,False,True
REC_001927,USR_0098,2026-04-09,1,False,0.0782876687336645,-0.0782876687336645,False,True
REC_001955,USR_0099,2026-04-09,1,False,0.08757178829322015,-0.08757178829322015,False,True
REC_002083,USR_0105,2026-04-09,1,False,0.07657489171083037,-0.07657489171083037,False,True
REC_002164,USR_0109,2026-04-09,1,False,0.0714165346098028,-0.0714165346098028,False,True
REC_002219,USR_0112,2026-04-09,1,False,0.08869325164457004,-0.08869325164457004,False,True
REC_002342,USR_0118,2026-04-09,-1,True,-0.011036299092244017,0.011036299092244017,False,False
REC_002410,USR_0121,2026-04-09,1,False,0.05303183600677214,-0.05303183600677214,False,True
REC_002462,USR_0124,2026-04-09,1,False,0.025315344157810615,-0.025315344157810615,True,False
REC_002497,USR_0126,2026-04-09,1,False,0.050016464365225166,-0.050016464365225166,False,True
REC_002580,USR_0130,2026-04-09,1,False,0.05846716055374557,-0.05846716055374557,False,True
REC_002642,USR_0133,2026-04-09,-1,True,-0.006100257170909895,0.006100257170909895,False,False
REC_002759,USR_0139,2026-04-09,1,False,0.054670785756465445,-0.054670785756465445,False,True
REC_002780,USR_0140,2026-04-09,1,False,0.04514793469085571,-0.04514793469085571,False,True
REC_002924,USR_0147,2026-04-09,1,False,0.08465078500872963,-0.08465078500872963,False,True
REC_003100,USR_0156,2026-04-09,1,False,0.057154916981813964,-0.057154916981813964,False,True
REC_003119,USR_0157,2026-04-09,1,False,0.04400719006467069,-0.04400719006467069,False,True
REC_003214,USR_0162,2026-04-09,1,False,0.02255364838217422,-0.02255364838217422,False,True
REC_003295,USR_0166,2026-04-09,1,False,0.005616750095941536,-0.005616750095941536,False,True
REC_003355,USR_0169,2026-04-09,1,False,0.03520018840999234,-0.03520018840999234,False,True
REC_003384,USR_0171,2026-04-09,1,False,0.053909555379343777,-0.053909555379343777,False,True
REC_003446,USR_0174,2026-04-09,1,False,0.08600225836286257,-0.08600225836286257,False,True
REC_003509,USR_0177,2026-04-09,1,False,0.021103503208604213,-0.021103503208604213,False,True
REC_003573,USR_0180,2026-04-09,1,False,0.0338550966429928,-0.0338550966429928,False,True
REC_003790,USR_0191,2026-04-09,1,False,0.07844261344606668,-0.07844261344606668,False,True
REC_003851,USR_0194,2026-04-09,1,False,0.039299125291794856,-0.039299125291794856,False,True
REC_004111,USR_0207,2026-04-09,1,False,0.052690662000116295,-0.052690662000116295,False,True
REC_004155,USR_0209,2026-04-09,1,False,0.05507569448076821,-0.05507569448076821,False,True
REC_004180,USR_0210,2026-04-09,1,False,0.06854244847966484,-0.06854244847966484,False,True
REC_004425,USR_0222,2026-04-09,1,False,0.06269102797206277,-0.06269102797206277,False,True
REC_004622,USR_0232,2026-04-09,-1,True,-0.03713207955053188,0.03713207955053188,True,True
REC_004674,USR_0235,2026-04-09,1,False,0.042230834977029896,-0.042230834977029896,False,True
REC_004696,USR_0236,2026-04-09,1,False,0.0377642722279396,-0.0377642722279396,False,True
REC_004720,USR_0237,2026-04-09,1,False,0.04379151464654685,-0.04379151464654685,False,True
REC_004871,USR_0244,2026-04-09,1,False,0.036964118332991236,-0.036964118332991236,False,True
REC_004915,USR_0246,2026-04-09,1,False,0.05361300451700529,-0.05361300451700529,False,True
REC_000047,USR_0003,2026-04-10,1,False,0.04353264020833314,-0.04353264020833314,False,True
REC_000249,USR_0013,2026-04-10,1,False,0.05802390344446873,-0.05802390344446873,False,True
REC_000476,USR_0024,2026-04-10,1,False,0.02755029260849834,-0.02755029260849834,True,False
REC_000499,USR_0025,2026-04-10,1,False,0.04563210908965981,-0.04563210908965981,False,True
REC_000513,USR_0026,2026-04-10,1,False,0.08361594599543803,-0.08361594599543803,False,True
REC_000671,USR_0034,2026-04-10,1,False,0.05859048987249266,-0.05859048987249266,False,True
REC_000726,USR_0038,2026-04-10,1,False,0.0726937970670552,-0.0726937970670552,False,True
REC_000872,USR_0045,2026-04-10,1,False,0.04507296696813767,-0.04507296696813767,False,True
REC_000908,USR_0047,2026-04-10,-1,True,-0.010782053639585065,0.010782053639585065,False,False
REC_001131,USR_0058,2026-04-10,1,False,0.045532532023529915,-0.045532532023529915,False,True
REC_001151,USR_0059,2026-04-10,1,False,0.08288548144344754,-0.08288548144344754,False,True
REC_001246,USR_0064,2026-04-10,1,False,0.050161963746853444,-0.050161963746853444,False,True
REC_001471,USR_0075,2026-04-10,1,False,0.04736867950705986,-0.04736867950705986,False,True
REC_001719,USR_0087,2026-04-10,1,False,0.059797533904331956,-0.059797533904331956,False,True
REC_001798,USR_0091,2026-04-10,-1,True,-0.025956043327324485,0.025956043327324485,False,False
REC_002124,USR_0107,2026-04-10,1,False,0.07503508587558289,-0.07503508587558289,False,True
REC_002144,USR_0108,2026-04-10,-1,True,-0.008603685687854634,0.008603685687854634,False,False
REC_002201,USR_0111,2026-04-10,1,False,0.09041718922419534,-0.09041718922419534,False,True
REC_002323,USR_0117,2026-04-10,1,False,0.05235553238756058,-0.05235553238756058,False,True
REC_002389,USR_0120,2026-04-10,1,False,0.05051519693096923,-0.05051519693096923,False,True
REC_002541,USR_0128,2026-04-10,1,False,0.047847134279562886,-0.047847134279562886,True,False
REC_002563,USR_0129,2026-04-10,1,False,0.10592942179378645,-0.10592942179378645,False,True
REC_002662,USR_0134,2026-04-10,1,False,0.01907570936039915,-0.01907570936039915,False,True
REC_002781,USR_0140,2026-04-10,1,False,0.08234176661929049,-0.08234176661929049,False,True
REC_002866,USR_0144,2026-04-10,1,False,0.042096865349503576,-0.042096865349503576,False,True
REC_002906,USR_0146,2026-04-10,1,False,0.06542467251351725,-0.06542467251351725,False,True
REC_002925,USR_0147,2026-04-10,1,False,0.0336982536609331,-0.0336982536609331,False,True
REC_002970,USR_0149,2026-04-10,1,False,0.06676928470563231,-0.06676928470563231,False,True
REC_003049,USR_0153,2026-04-10,1,False,0.0360297948215581,-0.0360297948215581,False,True
REC_003296,USR_0166,2026-04-10,1,False,0.07577581563761171,-0.07577581563761171,False,True
REC_003333,USR_0168,2026-04-10,-1,True,-0.02801792773501588,0.02801792773501588,True,True
REC_003423,USR_0173,2026-04-10,1,False,0.055607174515402924,-0.055607174515402924,False,True
REC_003510,USR_0177,2026-04-10,1,False,0.027071787613085485,-0.027071787613085485,False,True
REC_003533,USR_0178,2026-04-10,1,False,0.0614173474635924,-0.0614173474635924,False,True
REC_003574,USR_0180,2026-04-10,1,False,0.06348767328042182,-0.06348767328042182,False,True
REC_003592,USR_0181,2026-04-10,1,False,0.004953831297359712,-0.004953831297359712,False,True
REC_003726,USR_0188,2026-04-10,1,False,0.06499709868319781,-0.06499709868319781,False,True
REC_003750,USR_0189,2026-04-10,1,False,0.0320163426829691,-0.0320163426829691,False,True
REC_003852,USR_0194,2026-04-10,1,False,0.04530143081720883,-0.04530143081720883,False,True
REC_003910,USR_0197,2026-04-10,1,False,0.0385456227152734,-0.0385456227152734,False,True
REC_003997,USR_0201,2026-04-10,1,False,0.107404253184885,-0.107404253184885,False,True
REC_004266,USR_0214,2026-04-10,1,False,0.06652526496335975,-0.06652526496335975,False,True
REC_004405,USR_0221,2026-04-10,1,False,0.03388760658924378,-0.03388760658924378,False,True
REC_004675,USR_0235,2026-04-10,1,False,0.003718498677167892,-0.003718498677167892,False,True
REC_004697,USR_0236,2026-04-10,1,False,0.03380422397566474,-0.03380422397566474,False,True
REC_004760,USR_0239,2026-04-10,1,False,0.03843467966689862,-0.03843467966689862,False,True
REC_000171,USR_0009,2026-04-11,1,False,0.0441287023971807,-0.0441287023971807,False,True
REC_000213,USR_0011,2026-04-11,1,False,0.0625652073485069,-0.0625652073485069,False,True
REC_000370,USR_0019,2026-04-11,1,False,0.08803858877561199,-0.08803858877561199,False,True
REC_000386,USR_0020,2026-04-11,1,False,0.06580244690067738,-0.06580244690067738,False,True
REC_000451,USR_0023,2026-04-11,1,False,0.05637984907266985,-0.05637984907266985,False,True
REC_000580,USR_0029,2026-04-11,1,False,0.032377385362194866,-0.032377385362194866,False,True
REC_000672,USR_0034,2026-04-11,1,False,0.07649331988563507,-0.07649331988563507,False,True
REC_000696,USR_0036,2026-04-11,1,False,0.0670537668923612,-0.0670537668923612,False,True
REC_000727,USR_0038,2026-04-11,1,False,0.06992334237008918,-0.06992334237008918,False,True
REC_000768,USR_0040,2026-04-11,1,False,0.08241373221520926,-0.08241373221520926,False,True
REC_000826,USR_0043,2026-04-11,1,False,0.06256912555137456,-0.06256912555137456,False,True
REC_000854,USR_0044,2026-04-11,1,False,0.06944911094518541,-0.06944911094518541,False,True
REC_000873,USR_0045,2026-04-11,1,False,0.067651204033223,-0.067651204033223,False,True
REC_000923,USR_0048,2026-04-11,1,False,0.07782390008860424,-0.07782390008860424,False,True
REC_001029,USR_0053,2026-04-11,1,False,0.08549942675641381,-0.08549942675641381,False,True
REC_001073,USR_0055,2026-04-11,1,False,0.07034822779962396,-0.07034822779962396,False,True
REC_001090,USR_0056,2026-04-11,1,False,0.036565227423276114,-0.036565227423276114,False,True
REC_001132,USR_0058,2026-04-11,1,False,0.016897446529862137,-0.016897446529862137,False,True
REC_001189,USR_0061,2026-04-11,1,False,0.0811865152357541,-0.0811865152357541,False,True
REC_001285,USR_0066,2026-04-11,1,False,0.0441636249433352,-0.0441636249433352,False,True
REC_001472,USR_0075,2026-04-11,1,False,0.056916075429577495,-0.056916075429577495,False,True
REC_001535,USR_0078,2026-04-11,1,False,0.02874638353495057,-0.02874638353495057,False,True
REC_001635,USR_0083,2026-04-11,1,False,0.03544282940338367,-0.03544282940338367,True,False
REC_001695,USR_0086,2026-04-11,1,False,0.03074966731779505,-0.03074966731779505,False,True
REC_001720,USR_0087,2026-04-11,1,False,0.03539295835431666,-0.03539295835431666,False,True
REC_001758,USR_0089,2026-04-11,1,False,0.02763947715303605,-0.02763947715303605,False,True
REC_001799,USR_0091,2026-04-11,1,False,0.023141776141472337,-0.023141776141472337,False,True
REC_002037,USR_0103,2026-04-11,1,False,0.024430562107379095,-0.024430562107379095,False,True
REC_002053,USR_0104,2026-04-11,1,False,0.05789345592150513,-0.05789345592150513,False,True
REC_002238,USR_0113,2026-04-11,1,False,0.046469574256170654,-0.046469574256170654,False,True
REC_002324,USR_0117,2026-04-11,1,False,0.05127320383023509,-0.05127320383023509,False,True
REC_002430,USR_0122,2026-04-11,1,False,0.060248878745362944,-0.060248878745362944,False,True
REC_002542,USR_0128,2026-04-11,1,False,0.03857220828613306,-0.03857220828613306,False,True
REC_002907,USR_0146,2026-04-11,1,False,0.07643257093409883,-0.07643257093409883,False,True
REC_003120,USR_0157,2026-04-11,1,False,0.061839551443128804,-0.061839551443128804,False,True
REC_003155,USR_0159,2026-04-11,1,False,0.06992285955968014,-0.06992285955968014,False,True
REC_003197,USR_0161,2026-04-11,1,False,0.06084013279178907,-0.06084013279178907,False,True
REC_003215,USR_0162,2026-04-11,1,False,0.06667941903658803,-0.06667941903658803,False,True
REC_003237,USR_0163,2026-04-11,1,False,0.05757754377828833,-0.05757754377828833,False,True
REC_003272,USR_0165,2026-04-11,1,False,0.05448193291312059,-0.05448193291312059,False,True
REC_003334,USR_0168,2026-04-11,-1,True,-0.009447512686683313,0.009447512686683313,False,False
REC_003403,USR_0172,2026-04-11,1,False,0.04088045325694739,-0.04088045325694739,False,True
REC_003511,USR_0177,2026-04-11,1,False,0.02096453904073492,-0.02096453904073492,False,True
REC_003534,USR_0178,2026-04-11,1,False,0.06849500039845868,-0.06849500039845868,False,True
REC_003553,USR_0179,2026-04-11,1,False,0.03738712914124853,-0.03738712914124853,False,True
REC_003575,USR_0180,2026-04-11,1,False,0.03204457526756288,-0.03204457526756288,False,True
REC_003652,USR_0184,2026-04-11,1,False,0.07509106080434813,-0.07509106080434813,False,True
REC_003668,USR_0185,2026-04-11,1,False,0.055820951981825906,-0.055820951981825906,False,True
REC_003810,USR_0192,2026-04-11,1,False,0.05145491212338693,-0.05145491212338693,False,True
REC_003929,USR_0198,2026-04-11,1,False,0.04204057527573213,-0.04204057527573213,False,True
REC_004089,USR_0206,2026-04-11,1,False,0.01541446097045751,-0.01541446097045751,False,True
REC_004156,USR_0209,2026-04-11,1,False,0.07290453532225627,-0.07290453532225627,False,True
REC_004181,USR_0210,2026-04-11,1,False,0.07953872331055412,-0.07953872331055412,False,True
REC_004218,USR_0212,2026-04-11,1,False,0.06352740438554444,-0.06352740438554444,False,True
REC_004290,USR_0215,2026-04-11,1,False,0.04330916353595887,-0.04330916353595887,False,True
REC_004335,USR_0217,2026-04-11,1,False,0.035617010559192974,-0.035617010559192974,False,True
REC_004406,USR_0221,2026-04-11,1,False,0.054599034204618035,-0.054599034204618035,False,True
REC_004471,USR_0224,2026-04-11,1,False,0.07300065762227925,-0.07300065762227925,False,True
REC_004489,USR_0225,2026-04-11,1,False,0.05614332181285997,-0.05614332181285997,False,True
REC_004509,USR_0226,2026-04-11,1,False,0.014907789893291112,-0.014907789893291112,False,True
REC_004563,USR_0229,2026-04-11,1,False,0.06120087149558878,-0.06120087149558878,False,True
REC_004735,USR_0238,2026-04-11,1,False,0.08092908221716666,-0.08092908221716666,False,True
REC_000048,USR_0003,2026-04-12,1,False,0.04419886812232665,-0.04419886812232665,False,True
REC_000067,USR_0004,2026-04-12,1,False,0.0645373162997791,-0.0645373162997791,False,True
REC_000084,USR_0005,2026-04-12,1,False,0.07057180593635237,-0.07057180593635237,False,True
REC_000333,USR_0017,2026-04-12,1,False,0.08876785451981478,-0.08876785451981478,False,True
REC_000371,USR_0019,2026-04-12,1,False,0.08540835693667514,-0.08540835693667514,False,True
REC_000387,USR_0020,2026-04-12,1,False,0.0508627226953387,-0.0508627226953387,False,True
REC_000402,USR_0021,2026-04-12,1,False,0.0692457301774605,-0.0692457301774605,False,True
REC_000452,USR_0023,2026-04-12,1,False,0.05899069979619764,-0.05899069979619764,False,True
REC_000535,USR_0027,2026-04-12,1,False,0.04246035513912122,-0.04246035513912122,False,True
REC_000581,USR_0029,2026-04-12,1,False,0.06563740629457304,-0.06563740629457304,False,True
REC_000604,USR_0030,2026-04-12,1,False,0.044422495732878264,-0.044422495732878264,False,True
REC_000642,USR_0032,2026-04-12,1,False,0.08135345802465699,-0.08135345802465699,False,True
REC_000656,USR_0033,2026-04-12,1,False,0.03491830564853732,-0.03491830564853732,False,True
REC_000788,USR_0041,2026-04-12,1,False,0.04703073316839723,-0.04703073316839723,False,True
REC_000942,USR_0049,2026-04-12,1,False,0.06445538219384639,-0.06445538219384639,False,True
REC_000961,USR_0050,2026-04-12,1,False,0.06758192229591864,-0.06758192229591864,False,True
REC_000991,USR_0051,2026-04-12,1,False,0.0568098838563324,-0.0568098838563324,False,True
REC_001152,USR_0059,2026-04-12,1,False,0.08765364378956025,-0.08765364378956025,False,True
REC_001214,USR_0062,2026-04-12,1,False,0.04703178585101131,-0.04703178585101131,False,True
REC_001323,USR_0068,2026-04-12,1,False,0.07278372694778623,-0.07278372694778623,False,True
REC_001536,USR_0078,2026-04-12,1,False,0.021144719471494766,-0.021144719471494766,False,True
REC_001576,USR_0080,2026-04-12,1,False,0.09308535186727096,-0.09308535186727096,False,True
REC_001616,USR_0082,2026-04-12,1,False,0.01359782800954501,-0.01359782800954501,False,True
REC_001660,USR_0084,2026-04-12,1,False,0.05863891890385109,-0.05863891890385109,False,True
REC_001682,USR_0085,2026-04-12,1,False,0.08518172011032077,-0.08518172011032077,False,True
REC_001696,USR_0086,2026-04-12,1,False,0.016073234920873203,-0.016073234920873203,False,True
REC_001780,USR_0090,2026-04-12,1,False,0.06457641533386177,-0.06457641533386177,False,True
REC_001975,USR_0100,2026-04-12,1,False,0.006300530384955927,-0.006300530384955927,True,False
REC_002038,USR_0103,2026-04-12,1,False,0.1018708945469966,-0.1018708945469966,False,True
REC_002202,USR_0111,2026-04-12,1,False,0.07404414477964832,-0.07404414477964832,False,True
REC_002239,USR_0113,2026-04-12,1,False,0.04390703955220332,-0.04390703955220332,False,True
REC_002325,USR_0117,2026-04-12,1,False,0.03323015178210803,-0.03323015178210803,False,True
REC_002390,USR_0120,2026-04-12,1,False,0.05317436222628358,-0.05317436222628358,False,True
REC_002477,USR_0125,2026-04-12,1,False,0.06347293383989555,-0.06347293383989555,False,True
REC_002736,USR_0138,2026-04-12,1,False,0.005764939977485062,-0.005764939977485062,False,True
REC_003198,USR_0161,2026-04-12,1,False,0.07402358224390582,-0.07402358224390582,False,True
REC_003261,USR_0164,2026-04-12,1,False,0.049264014411409374,-0.049264014411409374,False,True
REC_003335,USR_0168,2026-04-12,1,False,0.04448307286300701,-0.04448307286300701,False,True
REC_003593,USR_0181,2026-04-12,1,False,0.05098186720481773,-0.05098186720481773,False,True
REC_003632,USR_0183,2026-04-12,1,False,0.028394539765820626,-0.028394539765820626,False,True
REC_003683,USR_0186,2026-04-12,1,False,0.06341000182469525,-0.06341000182469525,False,True
REC_003998,USR_0201,2026-04-12,1,False,0.055552968046470474,-0.055552968046470474,False,True
REC_004069,USR_0205,2026-04-12,1,False,0.080262181049643,-0.080262181049643,False,True
REC_004312,USR_0216,2026-04-12,1,False,0.06752198295110962,-0.06752198295110962,False,True
REC_004336,USR_0217,2026-04-12,1,False,0.0356164621218093,-0.0356164621218093,False,True
REC_004372,USR_0219,2026-04-12,1,False,0.0742403978097263,-0.0742403978097263,False,True
REC_004407,USR_0221,2026-04-12,1,False,0.035891062233810944,-0.035891062233810944,False,True
REC_004426,USR_0222,2026-04-12,1,False,0.06826291741841478,-0.06826291741841478,False,True
REC_004602,USR_0231,2026-04-12,1,False,0.008130081921774113,-0.008130081921774113,False,True
REC_004644,USR_0233,2026-04-12,1,False,0.07800867297752989,-0.07800867297752989,False,True
REC_004676,USR_0235,2026-04-12,1,False,0.05429468585931857,-0.05429468585931857,False,True
REC_004736,USR_0238,2026-04-12,1,False,0.051936433170358454,-0.051936433170358454,False,True
REC_004761,USR_0239,2026-04-12,1,False,0.031992148363526596,-0.031992148363526596,False,True
REC_004889,USR_0245,2026-04-12,1,False,0.0754627329570215,-0.0754627329570215,False,True
REC_004986,USR_0250,2026-04-12,1,False,0.0246182473885187,-0.0246182473885187,False,True
REC_000102,USR_0006,2026-04-13,1,False,0.0344654849950799,-0.0344654849950799,False,True
REC_000172,USR_0009,2026-04-13,1,False,0.06714349063930386,-0.06714349063930386,False,True
REC_000403,USR_0021,2026-04-13,1,False,0.08820208033448118,-0.08820208033448118,False,True
REC_000477,USR_0024,2026-04-13,1,False,0.06754018548058216,-0.06754018548058216,False,True
REC_000514,USR_0026,2026-04-13,1,False,0.025960430178416538,-0.025960430178416538,False,True
REC_000559,USR_0028,2026-04-13,1,False,0.05543738159535094,-0.05543738159535094,False,True
REC_000622,USR_0031,2026-04-13,1,False,0.07489385685576527,-0.07489385685576527,False,True
REC_000643,USR_0032,2026-04-13,1,False,0.06097729911995853,-0.06097729911995853,False,True
REC_000683,USR_0035,2026-04-13,1,False,0.053079225579590994,-0.053079225579590994,False,True
REC_000924,USR_0048,2026-04-13,1,False,0.061695244451379916,-0.061695244451379916,False,True
REC_000943,USR_0049,2026-04-13,1,False,0.033955611040322464,-0.033955611040322464,False,True
REC_001030,USR_0053,2026-04-13,1,False,0.05881990328130998,-0.05881990328130998,False,True
REC_001153,USR_0059,2026-04-13,1,False,0.03964070990928292,-0.03964070990928292,False,True
REC_001190,USR_0061,2026-04-13,1,False,0.07881172514508056,-0.07881172514508056,False,True
REC_001227,USR_0063,2026-04-13,1,False,0.034649077075424695,-0.034649077075424695,False,True
REC_001265,USR_0065,2026-04-13,1,False,0.04231641742238107,-0.04231641742238107,False,True
REC_001301,USR_0067,2026-04-13,1,False,0.019295583611060207,-0.019295583611060207,False,True
REC_001324,USR_0068,2026-04-13,1,False,0.08685494780794817,-0.08685494780794817,False,True
REC_001597,USR_0081,2026-04-13,1,False,0.034275342654338736,-0.034275342654338736,False,True
REC_001800,USR_0091,2026-04-13,1,False,0.03293810282761861,-0.03293810282761861,False,True
REC_001820,USR_0092,2026-04-13,1,False,0.07732873304157056,-0.07732873304157056,False,True
REC_001833,USR_0093,2026-04-13,1,False,0.01568430326214265,-0.01568430326214265,False,True
REC_001873,USR_0095,2026-04-13,1,False,0.05230239125750502,-0.05230239125750502,True,False
REC_002084,USR_0105,2026-04-13,1,False,0.003487043774059173,-0.003487043774059173,True,False
REC_002125,USR_0107,2026-04-13,1,False,0.10270871964218836,-0.10270871964218836,False,True
REC_002165,USR_0109,2026-04-13,1,False,0.07689934136621535,-0.07689934136621535,False,True
REC_002187,USR_0110,2026-04-13,1,False,0.06094530669087034,-0.06094530669087034,False,True
REC_002343,USR_0118,2026-04-13,-1,True,-0.005632735015275725,0.005632735015275725,False,False
REC_002515,USR_0127,2026-04-13,1,False,0.04154203582657667,-0.04154203582657667,False,True
REC_002543,USR_0128,2026-04-13,1,False,0.055385575565574885,-0.055385575565574885,False,True
REC_002581,USR_0130,2026-04-13,1,False,0.04678910495997701,-0.04678910495997701,False,True
REC_002602,USR_0131,2026-04-13,1,False,0.05162446381062147,-0.05162446381062147,False,True
REC_002908,USR_0146,2026-04-13,1,False,0.05438886208535254,-0.05438886208535254,False,True
REC_003121,USR_0157,2026-04-13,1,False,0.08103045311381596,-0.08103045311381596,False,True
REC_003199,USR_0161,2026-04-13,1,False,0.06254970704396345,-0.06254970704396345,False,True
REC_003238,USR_0163,2026-04-13,1,False,0.04331890037067332,-0.04331890037067332,False,True
REC_003336,USR_0168,2026-04-13,-1,True,-0.013774011335496494,0.013774011335496494,False,False
REC_003424,USR_0173,2026-04-13,1,False,0.08134207666633048,-0.08134207666633048,False,True
REC_003469,USR_0175,2026-04-13,1,False,0.02024887350302418,-0.02024887350302418,False,True
REC_003576,USR_0180,2026-04-13,1,False,0.0475256475796248,-0.0475256475796248,False,True
REC_003727,USR_0188,2026-04-13,1,False,0.04518080632345489,-0.04518080632345489,False,True
REC_003853,USR_0194,2026-04-13,1,False,0.0729781547760307,-0.0729781547760307,False,True
REC_003911,USR_0197,2026-04-13,1,False,0.024664986132674926,-0.024664986132674926,False,True
REC_003955,USR_0199,2026-04-13,1,False,0.05291001355844355,-0.05291001355844355,False,True
REC_004137,USR_0208,2026-04-13,1,False,0.07946364606066336,-0.07946364606066336,False,True
REC_004157,USR_0209,2026-04-13,1,False,0.08136591756847183,-0.08136591756847183,False,True
REC_004199,USR_0211,2026-04-13,1,False,0.03422395616663776,-0.03422395616663776,False,True
REC_004427,USR_0222,2026-04-13,1,False,0.06588585675586861,-0.06588585675586861,False,True
REC_004737,USR_0238,2026-04-13,1,False,0.06351813820556618,-0.06351813820556618,False,True
REC_004872,USR_0244,2026-04-13,1,False,0.09925142664073705,-0.09925142664073705,False,True
REC_000023,USR_0002,2026-04-14,1,False,0.002356308088888981,-0.002356308088888981,True,False
REC_000103,USR_0006,2026-04-14,1,False,0.06833041311292182,-0.06833041311292182,False,True
REC_000214,USR_0011,2026-04-14,1,False,0.012459835061514268,-0.012459835061514268,True,False
REC_000404,USR_0021,2026-04-14,1,False,0.053763501572109074,-0.053763501572109074,False,True
REC_000453,USR_0023,2026-04-14,1,False,0.036912818161807914,-0.036912818161807914,False,True
REC_000747,USR_0039,2026-04-14,1,False,0.045917111616864625,-0.045917111616864625,False,True
REC_000805,USR_0042,2026-04-14,1,False,0.06082978746735479,-0.06082978746735479,False,True
REC_000855,USR_0044,2026-04-14,1,False,0.07804914295693222,-0.07804914295693222,False,True
REC_000909,USR_0047,2026-04-14,1,False,0.08928207593660686,-0.08928207593660686,False,True
REC_000944,USR_0049,2026-04-14,1,False,0.07014152071572194,-0.07014152071572194,False,True
REC_001010,USR_0052,2026-04-14,1,False,0.07615758053153676,-0.07615758053153676,False,True
REC_001031,USR_0053,2026-04-14,1,False,0.06682686999106696,-0.06682686999106696,False,True
REC_001191,USR_0061,2026-04-14,1,False,0.025963549068280023,-0.025963549068280023,False,True
REC_001215,USR_0062,2026-04-14,1,False,0.03760030703061851,-0.03760030703061851,False,True
REC_001349,USR_0069,2026-04-14,1,False,0.08629230629482454,-0.08629230629482454,False,True
REC_001395,USR_0071,2026-04-14,1,False,0.04638761047677431,-0.04638761047677431,False,True
REC_001513,USR_0077,2026-04-14,1,False,0.04731502435063706,-0.04731502435063706,False,True
REC_001683,USR_0085,2026-04-14,1,False,0.061621274367045176,-0.061621274367045176,False,True
REC_001721,USR_0087,2026-04-14,1,False,0.036783660258637774,-0.036783660258637774,False,True
REC_001745,USR_0088,2026-04-14,1,False,0.03704236887467699,-0.03704236887467699,False,True
REC_001834,USR_0093,2026-04-14,1,False,0.06893461461881406,-0.06893461461881406,False,True
REC_001859,USR_0094,2026-04-14,1,False,0.04811966668443324,-0.04811966668443324,False,True
REC_001905,USR_0097,2026-04-14,1,False,0.07434137293682919,-0.07434137293682919,False,True
REC_002022,USR_0102,2026-04-14,1,False,0.060370514294373956,-0.060370514294373956,False,True
REC_002085,USR_0105,2026-04-14,1,False,0.03180455431410112,-0.03180455431410112,False,True
REC_002126,USR_0107,2026-04-14,1,False,0.08532184981017599,-0.08532184981017599,False,True
REC_002240,USR_0113,2026-04-14,1,False,0.07732776983515299,-0.07732776983515299,False,True
REC_002262,USR_0114,2026-04-14,1,False,0.09194161959897723,-0.09194161959897723,False,True
REC_002411,USR_0121,2026-04-14,1,False,0.020002658513465943,-0.020002658513465943,False,True
REC_002431,USR_0122,2026-04-14,1,False,0.069056694516894,-0.069056694516894,False,True
REC_002498,USR_0126,2026-04-14,1,False,0.08130806648991284,-0.08130806648991284,False,True
REC_002564,USR_0129,2026-04-14,1,False,0.07772299599514881,-0.07772299599514881,False,True
REC_002663,USR_0134,2026-04-14,1,False,0.018053212680921416,-0.018053212680921416,False,True
REC_002782,USR_0140,2026-04-14,1,False,0.060813274994449384,-0.060813274994449384,False,True
REC_002821,USR_0142,2026-04-14,1,False,0.09238891820784001,-0.09238891820784001,False,True
REC_002867,USR_0144,2026-04-14,1,False,0.04305704284932077,-0.04305704284932077,False,True
REC_002926,USR_0147,2026-04-14,1,False,0.06248863655885761,-0.06248863655885761,False,True
REC_002971,USR_0149,2026-04-14,1,False,0.06903410329525317,-0.06903410329525317,False,True
REC_003024,USR_0152,2026-04-14,1,False,0.07703289582412576,-0.07703289582412576,False,True
REC_003216,USR_0162,2026-04-14,1,False,0.032157696498703814,-0.032157696498703814,False,True
REC_003273,USR_0165,2026-04-14,1,False,0.05937177254578424,-0.05937177254578424,False,True
REC_003316,USR_0167,2026-04-14,1,False,0.03678790166341045,-0.03678790166341045,False,True
REC_003373,USR_0170,2026-04-14,1,False,0.07495297273759821,-0.07495297273759821,False,True
REC_003470,USR_0175,2026-04-14,-1,True,-0.021158693281908114,0.021158693281908114,False,False
REC_003486,USR_0176,2026-04-14,1,False,0.026836494167577774,-0.026836494167577774,False,True
REC_003577,USR_0180,2026-04-14,1,False,0.03240547341561811,-0.03240547341561811,False,True
REC_003708,USR_0187,2026-04-14,1,False,0.0748844006434114,-0.0748844006434114,False,True
REC_003791,USR_0191,2026-04-14,1,False,0.05547047793277471,-0.05547047793277471,False,True
REC_003811,USR_0192,2026-04-14,1,False,0.06848011886700489,-0.06848011886700489,False,True
REC_003832,USR_0193,2026-04-14,1,False,0.051764060067116924,-0.051764060067116924,False,True
REC_003854,USR_0194,2026-04-14,1,False,0.08199141618839573,-0.08199141618839573,False,True
REC_003892,USR_0196,2026-04-14,1,False,0.06933572883296674,-0.06933572883296674,False,True
REC_003999,USR_0201,2026-04-14,1,False,0.04154685275244835,-0.04154685275244835,True,False
REC_004267,USR_0214,2026-04-14,1,False,0.05555970090271878,-0.05555970090271878,False,True
REC_004373,USR_0219,2026-04-14,1,False,0.06850917303966009,-0.06850917303966009,False,True
REC_004428,USR_0222,2026-04-14,1,False,0.025497912753676855,-0.025497912753676855,False,True
REC_004472,USR_0224,2026-04-14,1,False,0.0539799293983636,-0.0539799293983636,False,True
REC_004526,USR_0227,2026-04-14,1,False,0.06430175768782592,-0.06430175768782592,False,True
REC_004545,USR_0228,2026-04-14,1,False,0.03971977756132722,-0.03971977756132722,False,True
REC_004564,USR_0229,2026-04-14,1,False,0.07137340129650777,-0.07137340129650777,False,True
REC_004790,USR_0240,2026-04-14,1,False,0.03848607336806159,-0.03848607336806159,False,True
REC_004828,USR_0242,2026-04-14,1,False,0.038265601429958274,-0.038265601429958274,False,True
REC_004890,USR_0245,2026-04-14,1,False,0.035879448599826,-0.035879448599826,False,True
REC_004916,USR_0246,2026-04-14,1,False,0.06439223013571543,-0.06439223013571543,False,True
REC_000068,USR_0004,2026-04-15,1,False,0.07279322207026606,-0.07279322207026606,False,True
REC_000147,USR_0008,2026-04-15,1,False,0.02278982598384277,-0.02278982598384277,False,True
REC_000291,USR_0015,2026-04-15,1,False,0.04907477468221816,-0.04907477468221816,False,True
REC_000405,USR_0021,2026-04-15,1,False,0.018709131343101038,-0.018709131343101038,True,False
REC_000454,USR_0023,2026-04-15,1,False,0.06307791630607901,-0.06307791630607901,False,True
REC_000536,USR_0027,2026-04-15,1,False,0.08533894503397449,-0.08533894503397449,False,True
REC_000582,USR_0029,2026-04-15,1,False,0.033892475597202765,-0.033892475597202765,False,True
REC_000684,USR_0035,2026-04-15,1,False,0.04844164788916455,-0.04844164788916455,False,True
REC_000827,USR_0043,2026-04-15,1,False,0.05480019003225245,-0.05480019003225245,False,True
REC_001171,USR_0060,2026-04-15,1,False,0.06212028918204204,-0.06212028918204204,False,True
REC_001266,USR_0065,2026-04-15,1,False,0.04222777676014716,-0.04222777676014716,False,True
REC_001577,USR_0080,2026-04-15,1,False,0.05461849223557502,-0.05461849223557502,False,True
REC_001661,USR_0084,2026-04-15,1,False,0.05001215855908242,-0.05001215855908242,False,True
REC_001835,USR_0093,2026-04-15,1,False,0.054215691981699676,-0.054215691981699676,False,True
REC_001956,USR_0099,2026-04-15,1,False,0.0661069865801317,-0.0661069865801317,False,True
REC_002023,USR_0102,2026-04-15,1,False,0.08093405467949977,-0.08093405467949977,False,True
REC_002039,USR_0103,2026-04-15,1,False,0.0455397743922803,-0.0455397743922803,False,True
REC_002106,USR_0106,2026-04-15,1,False,0.05576220947084076,-0.05576220947084076,False,True
REC_002127,USR_0107,2026-04-15,1,False,0.07924710688267572,-0.07924710688267572,False,True
REC_002263,USR_0114,2026-04-15,1,False,0.07809287109789048,-0.07809287109789048,False,True
REC_002369,USR_0119,2026-04-15,1,False,0.05156420131675876,-0.05156420131675876,False,True
REC_002391,USR_0120,2026-04-15,1,False,0.08216765573090251,-0.08216765573090251,False,True
REC_002499,USR_0126,2026-04-15,1,False,0.06438280155698556,-0.06438280155698556,False,True
REC_002565,USR_0129,2026-04-15,1,False,0.06225736037460161,-0.06225736037460161,False,True
REC_002687,USR_0135,2026-04-15,1,False,0.027843306537503554,-0.027843306537503554,False,True
REC_002721,USR_0137,2026-04-15,1,False,0.1003436417219134,-0.1003436417219134,False,True
REC_003072,USR_0154,2026-04-15,1,False,0.04153440799005553,-0.04153440799005553,False,True
REC_003177,USR_0160,2026-04-15,1,False,0.04196712176755529,-0.04196712176755529,False,True
REC_003217,USR_0162,2026-04-15,1,False,0.026911148099878823,-0.026911148099878823,False,True
REC_003274,USR_0165,2026-04-15,1,False,0.04967176305040466,-0.04967176305040466,False,True
REC_003385,USR_0171,2026-04-15,1,False,0.04607192702876406,-0.04607192702876406,False,True
REC_003404,USR_0172,2026-04-15,1,False,0.02742397280843778,-0.02742397280843778,False,True
REC_003535,USR_0178,2026-04-15,1,False,0.05502230059786689,-0.05502230059786689,False,True
REC_003669,USR_0185,2026-04-15,1,False,0.052572076748483854,-0.052572076748483854,False,True
REC_003751,USR_0189,2026-04-15,-1,True,-0.05022577159037178,0.05022577159037178,False,False
REC_003767,USR_0190,2026-04-15,1,False,0.037301147576351945,-0.037301147576351945,False,True
REC_003833,USR_0193,2026-04-15,1,False,0.07205030735792156,-0.07205030735792156,False,True
REC_003875,USR_0195,2026-04-15,1,False,0.07213789004605708,-0.07213789004605708,False,True
REC_003976,USR_0200,2026-04-15,1,False,0.09338975172515634,-0.09338975172515634,False,True
REC_004182,USR_0210,2026-04-15,1,False,0.06416193530820036,-0.06416193530820036,False,True
REC_004239,USR_0213,2026-04-15,1,False,0.042181197006574855,-0.042181197006574855,False,True
REC_004268,USR_0214,2026-04-15,1,False,0.058418144561338536,-0.058418144561338536,False,True
REC_004313,USR_0216,2026-04-15,1,False,0.05274928986336569,-0.05274928986336569,False,True
REC_004408,USR_0221,2026-04-15,1,False,0.052677088550307505,-0.052677088550307505,False,True
REC_004429,USR_0222,2026-04-15,1,False,0.0665361802163087,-0.0665361802163087,False,True
REC_004449,USR_0223,2026-04-15,1,False,0.026406990945028463,-0.026406990945028463,False,True
REC_004473,USR_0224,2026-04-15,1,False,0.053662331017000964,-0.053662331017000964,False,True
REC_004490,USR_0225,2026-04-15,1,False,0.08103207956338876,-0.08103207956338876,False,True
REC_004510,USR_0226,2026-04-15,-1,True,-0.02653387995167633,0.02653387995167633,False,False
REC_004645,USR_0233,2026-04-15,1,False,0.04785770385032717,-0.04785770385032717,False,True
REC_004808,USR_0241,2026-04-15,1,False,0.020107442251277252,-0.020107442251277252,False,True
REC_004829,USR_0242,2026-04-15,1,False,0.0517252639831291,-0.0517252639831291,False,True
REC_004850,USR_0243,2026-04-15,1,False,0.005387860244392639,-0.005387860244392639,False,True
REC_004873,USR_0244,2026-04-15,1,False,0.07845291543424449,-0.07845291543424449,False,True
REC_004917,USR_0246,2026-04-15,1,False,0.05846384356671702,-0.05846384356671702,False,True
REC_004971,USR_0249,2026-04-15,1,False,0.024503749598463853,-0.024503749598463853,False,True
REC_000049,USR_0003,2026-04-16,1,False,0.011868648538106208,-0.011868648538106208,False,True
REC_000250,USR_0013,2026-04-16,1,False,0.08194009076133085,-0.08194009076133085,False,True
REC_000292,USR_0015,2026-04-16,1,False,0.029959954896795427,-0.029959954896795427,False,True
REC_000354,USR_0018,2026-04-16,1,False,0.07188759509094872,-0.07188759509094872,False,True
REC_000372,USR_0019,2026-04-16,1,False,0.059923745650707294,-0.059923745650707294,False,True
REC_000406,USR_0021,2026-04-16,1,False,0.05814396063496724,-0.05814396063496724,False,True
REC_000560,USR_0028,2026-04-16,1,False,0.039098970876312256,-0.039098970876312256,False,True
REC_000605,USR_0030,2026-04-16,1,False,0.042625866249022315,-0.042625866249022315,False,True
REC_000644,USR_0032,2026-04-16,1,False,0.05125881826942358,-0.05125881826942358,False,True
REC_000697,USR_0036,2026-04-16,1,False,0.08486880101869243,-0.08486880101869243,False,True
REC_001091,USR_0056,2026-04-16,1,False,0.04349160332575053,-0.04349160332575053,False,True
REC_001267,USR_0065,2026-04-16,1,False,0.008435950964687633,-0.008435950964687633,False,True
REC_001372,USR_0070,2026-04-16,1,False,0.08125325313952975,-0.08125325313952975,False,True
REC_001413,USR_0072,2026-04-16,1,False,0.06284855186254856,-0.06284855186254856,False,True
REC_001473,USR_0075,2026-04-16,1,False,0.046962523518319366,-0.046962523518319366,False,True
REC_001514,USR_0077,2026-04-16,1,False,0.04802414117665127,-0.04802414117665127,False,True
REC_001537,USR_0078,2026-04-16,1,False,0.05936902260115995,-0.05936902260115995,False,True
REC_001636,USR_0083,2026-04-16,1,False,0.03161817255614363,-0.03161817255614363,False,True
REC_001759,USR_0089,2026-04-16,1,False,0.03432849116862613,-0.03432849116862613,False,True
REC_001801,USR_0091,2026-04-16,1,False,0.01895306146270781,-0.01895306146270781,False,True
REC_001889,USR_0096,2026-04-16,1,False,0.037214803233793226,-0.037214803233793226,False,True
REC_001906,USR_0097,2026-04-16,1,False,0.07005516747127788,-0.07005516747127788,False,True
REC_001997,USR_0101,2026-04-16,1,False,0.013260601282467088,-0.013260601282467088,False,True
REC_002024,USR_0102,2026-04-16,1,False,0.08454138163881153,-0.08454138163881153,False,True
REC_002203,USR_0111,2026-04-16,1,False,0.09338414351501745,-0.09338414351501745,False,True
REC_002241,USR_0113,2026-04-16,1,False,0.08593969170367477,-0.08593969170367477,False,True
REC_002264,USR_0114,2026-04-16,1,False,0.06325300546149293,-0.06325300546149293,False,True
REC_002344,USR_0118,2026-04-16,1,False,0.037620591119025104,-0.037620591119025104,False,True
REC_002478,USR_0125,2026-04-16,1,False,0.07052135846484203,-0.07052135846484203,False,True
REC_002566,USR_0129,2026-04-16,1,False,0.06684059074697474,-0.06684059074697474,False,True
REC_002582,USR_0130,2026-04-16,1,False,0.010628819946879808,-0.010628819946879808,False,True
REC_002737,USR_0138,2026-04-16,1,False,0.003412031181727282,-0.003412031181727282,False,True
REC_002798,USR_0141,2026-04-16,1,False,0.04144742541582408,-0.04144742541582408,False,True
REC_002868,USR_0144,2026-04-16,1,False,0.0697147610976025,-0.0697147610976025,False,True
REC_003005,USR_0151,2026-04-16,1,False,0.013854618090035076,-0.013854618090035076,False,True
REC_003200,USR_0161,2026-04-16,1,False,0.06921697204949012,-0.06921697204949012,False,True
REC_003239,USR_0163,2026-04-16,1,False,0.05620889073701568,-0.05620889073701568,False,True
REC_003275,USR_0165,2026-04-16,1,False,0.07289637273396338,-0.07289637273396338,False,True
REC_003386,USR_0171,2026-04-16,1,False,0.04356435386564739,-0.04356435386564739,False,True
REC_003512,USR_0177,2026-04-16,-1,True,-0.009456430315779585,0.009456430315779585,False,False
REC_003536,USR_0178,2026-04-16,1,False,0.060243076102914184,-0.060243076102914184,False,True
REC_003554,USR_0179,2026-04-16,1,False,0.05827955057375428,-0.05827955057375428,False,True
REC_003615,USR_0182,2026-04-16,1,False,0.0964440260095139,-0.0964440260095139,False,True
REC_003812,USR_0192,2026-04-16,1,False,0.0576029586609586,-0.0576029586609586,False,True
REC_003855,USR_0194,2026-04-16,1,False,0.07676827708222789,-0.07676827708222789,False,True
REC_003876,USR_0195,2026-04-16,1,False,0.07609570422951506,-0.07609570422951506,False,True
REC_003930,USR_0198,2026-04-16,1,False,0.034379391633767575,-0.034379391633767575,True,False
REC_004020,USR_0202,2026-04-16,1,False,0.06857525487715976,-0.06857525487715976,False,True
REC_004240,USR_0213,2026-04-16,1,False,0.05834571375792691,-0.05834571375792691,False,True
REC_004269,USR_0214,2026-04-16,1,False,0.05457542202543403,-0.05457542202543403,False,True
REC_004291,USR_0215,2026-04-16,1,False,0.03676122117980041,-0.03676122117980041,False,True
REC_004474,USR_0224,2026-04-16,1,False,0.0864360242312926,-0.0864360242312926,False,True
REC_004491,USR_0225,2026-04-16,1,False,0.04393915344997701,-0.04393915344997701,False,True
REC_004511,USR_0226,2026-04-16,1,False,0.026560771612708978,-0.026560771612708978,False,True
REC_004762,USR_0239,2026-04-16,1,False,0.018846390904723287,-0.018846390904723287,False,True
REC_004987,USR_0250,2026-04-16,1,False,0.0240002654068992,-0.0240002654068992,False,True
REC_000334,USR_0017,2026-04-17,1,False,0.015344571005908914,-0.015344571005908914,False,True
REC_000388,USR_0020,2026-04-17,1,False,0.08424420260835763,-0.08424420260835763,False,True
REC_000407,USR_0021,2026-04-17,1,False,0.03364328649720627,-0.03364328649720627,False,True
REC_000455,USR_0023,2026-04-17,1,False,0.022460642490468752,-0.022460642490468752,False,True
REC_000500,USR_0025,2026-04-17,1,False,0.060901503330628604,-0.060901503330628604,False,True
REC_000515,USR_0026,2026-04-17,1,False,0.0182306566410968,-0.0182306566410968,False,True
REC_000645,USR_0032,2026-04-17,1,False,0.029250700778498506,-0.029250700778498506,False,True
REC_000789,USR_0041,2026-04-17,1,False,0.04693002665992957,-0.04693002665992957,False,True
REC_000910,USR_0047,2026-04-17,1,False,0.05768049309761075,-0.05768049309761075,False,True
REC_000945,USR_0049,2026-04-17,1,False,0.07821381508178621,-0.07821381508178621,False,True
REC_001133,USR_0058,2026-04-17,1,False,0.035086007098564465,-0.035086007098564465,False,True
REC_001268,USR_0065,2026-04-17,1,False,0.054771870553469604,-0.054771870553469604,False,True
REC_001325,USR_0068,2026-04-17,1,False,0.08646292168750708,-0.08646292168750708,False,True
REC_001474,USR_0075,2026-04-17,1,False,0.03520627287739364,-0.03520627287739364,True,False
REC_001498,USR_0076,2026-04-17,1,False,0.04905148030547152,-0.04905148030547152,False,True
REC_001578,USR_0080,2026-04-17,1,False,0.0742016377989474,-0.0742016377989474,False,True
REC_001746,USR_0088,2026-04-17,1,False,0.09392172968509516,-0.09392172968509516,False,True
REC_001890,USR_0096,2026-04-17,1,False,0.06637212231977618,-0.06637212231977618,False,True
REC_001928,USR_0098,2026-04-17,1,False,0.05292594704971271,-0.05292594704971271,False,True
REC_002145,USR_0108,2026-04-17,1,False,0.021170687124111076,-0.021170687124111076,False,True
REC_002204,USR_0111,2026-04-17,1,False,0.05907657837954838,-0.05907657837954838,False,True
REC_002220,USR_0112,2026-04-17,1,False,0.06853691395502992,-0.06853691395502992,False,True
REC_002242,USR_0113,2026-04-17,1,False,0.08487937587403,-0.08487937587403,False,True
REC_002326,USR_0117,2026-04-17,1,False,0.0570711180252258,-0.0570711180252258,False,True
REC_002345,USR_0118,2026-04-17,1,False,0.07786033039101803,-0.07786033039101803,False,True
REC_002392,USR_0120,2026-04-17,1,False,0.06582547505525027,-0.06582547505525027,False,True
REC_002500,USR_0126,2026-04-17,1,False,0.034214953219424915,-0.034214953219424915,False,True
REC_002603,USR_0131,2026-04-17,1,False,0.05338396272970558,-0.05338396272970558,False,True
REC_002664,USR_0134,2026-04-17,1,False,0.05873822185711236,-0.05873822185711236,False,True
REC_002927,USR_0147,2026-04-17,1,False,0.059026757595473156,-0.059026757595473156,False,True
REC_002987,USR_0150,2026-04-17,1,False,0.08155645357692465,-0.08155645357692465,False,True
REC_003025,USR_0152,2026-04-17,1,False,0.03998666545828061,-0.03998666545828061,False,True
REC_003122,USR_0157,2026-04-17,1,False,0.0796650315377686,-0.0796650315377686,False,True
REC_003136,USR_0158,2026-04-17,1,False,0.087414412613664,-0.087414412613664,False,True
REC_003178,USR_0160,2026-04-17,1,False,0.018968602351972508,-0.018968602351972508,False,True
REC_003709,USR_0187,2026-04-17,1,False,0.06139018036482202,-0.06139018036482202,False,True
REC_003792,USR_0191,2026-04-17,1,False,0.03740288300759498,-0.03740288300759498,False,True
REC_003856,USR_0194,2026-04-17,1,False,0.02571479838606866,-0.02571479838606866,False,True
REC_003893,USR_0196,2026-04-17,1,False,0.05841138434902676,-0.05841138434902676,False,True
REC_003931,USR_0198,2026-04-17,1,False,0.06926817305232019,-0.06926817305232019,False,True
REC_004000,USR_0201,2026-04-17,1,False,0.06074005090890794,-0.06074005090890794,False,True
REC_004241,USR_0213,2026-04-17,1,False,0.048395271176365606,-0.048395271176365606,False,True
REC_004337,USR_0217,2026-04-17,1,False,0.01731195220945736,-0.01731195220945736,False,True
REC_004475,USR_0224,2026-04-17,1,False,0.07941613089911259,-0.07941613089911259,False,True
REC_004583,USR_0230,2026-04-17,1,False,0.007787924284755943,-0.007787924284755943,False,True
REC_004646,USR_0233,2026-04-17,1,False,0.08829783722156193,-0.08829783722156193,False,True
REC_004677,USR_0235,2026-04-17,1,False,0.029928796002598623,-0.029928796002598623,False,True
REC_004763,USR_0239,2026-04-17,1,False,0.0036288339635528466,-0.0036288339635528466,False,True
REC_004830,USR_0242,2026-04-17,1,False,0.024695962226961632,-0.024695962226961632,True,False
REC_004851,USR_0243,2026-04-17,1,False,0.004261901873101381,-0.004261901873101381,False,True
REC_004891,USR_0245,2026-04-17,1,False,0.051521638472923625,-0.051521638472923625,False,True
REC_004955,USR_0248,2026-04-17,1,False,0.055271215280402686,-0.055271215280402686,False,True
REC_000024,USR_0002,2026-04-18,1,False,0.05086391940776669,-0.05086391940776669,False,True
REC_000069,USR_0004,2026-04-18,1,False,0.07896162187497335,-0.07896162187497335,False,True
REC_000085,USR_0005,2026-04-18,1,False,0.033589275311953104,-0.033589275311953104,False,True
REC_000104,USR_0006,2026-04-18,1,False,0.05828878682723937,-0.05828878682723937,False,True
REC_000188,USR_0010,2026-04-18,1,False,0.06667185019319816,-0.06667185019319816,False,True
REC_000227,USR_0012,2026-04-18,1,False,0.049394743966591936,-0.049394743966591936,False,True
REC_000478,USR_0024,2026-04-18,1,False,0.064206596511517,-0.064206596511517,False,True
REC_000501,USR_0025,2026-04-18,1,False,0.08068632385356284,-0.08068632385356284,False,True
REC_000537,USR_0027,2026-04-18,1,False,0.052348599849126376,-0.052348599849126376,False,True
REC_000657,USR_0033,2026-04-18,1,False,0.09109426728822473,-0.09109426728822473,False,True
REC_001050,USR_0054,2026-04-18,1,False,0.008944910956233953,-0.008944910956233953,False,True
REC_001074,USR_0055,2026-04-18,1,False,0.037341656615078433,-0.037341656615078433,False,True
REC_001134,USR_0058,2026-04-18,1,False,0.07566849306558143,-0.07566849306558143,False,True
REC_001247,USR_0064,2026-04-18,1,False,0.019547579389380454,-0.019547579389380454,False,True
REC_001350,USR_0069,2026-04-18,1,False,0.1017397663304988,-0.1017397663304988,False,True
REC_001396,USR_0071,2026-04-18,1,False,0.04938927078322175,-0.04938927078322175,False,True
REC_001435,USR_0073,2026-04-18,1,False,0.06388145009819607,-0.06388145009819607,False,True
REC_001451,USR_0074,2026-04-18,1,False,0.07543468994260022,-0.07543468994260022,False,True
REC_001558,USR_0079,2026-04-18,1,False,0.02530741488790189,-0.02530741488790189,False,True
REC_001637,USR_0083,2026-04-18,1,False,0.05098978341348337,-0.05098978341348337,False,True
REC_001760,USR_0089,2026-04-18,1,False,0.062326908839927475,-0.062326908839927475,False,True
REC_001836,USR_0093,2026-04-18,1,False,0.07440660901163604,-0.07440660901163604,False,True
REC_001891,USR_0096,2026-04-18,1,False,0.08008624832349853,-0.08008624832349853,False,True
REC_001907,USR_0097,2026-04-18,1,False,0.05885147206936531,-0.05885147206936531,False,True
REC_002054,USR_0104,2026-04-18,1,False,0.020554552658204717,-0.020554552658204717,False,True
REC_002296,USR_0116,2026-04-18,1,False,0.0841379994401501,-0.0841379994401501,False,True
REC_002346,USR_0118,2026-04-18,1,False,0.07092027443801596,-0.07092027443801596,False,True
REC_002393,USR_0120,2026-04-18,1,False,0.055923984724398024,-0.055923984724398024,False,True
REC_002463,USR_0124,2026-04-18,1,False,0.02328473703275047,-0.02328473703275047,False,True
REC_002722,USR_0137,2026-04-18,1,False,0.07314962335598302,-0.07314962335598302,False,True
REC_002738,USR_0138,2026-04-18,1,False,0.050072181289092244,-0.050072181289092244,False,True
REC_002822,USR_0142,2026-04-18,1,False,0.05821967637675968,-0.05821967637675968,False,True
REC_002949,USR_0148,2026-04-18,1,False,0.024044338107145347,-0.024044338107145347,False,True
REC_002988,USR_0150,2026-04-18,1,False,0.027308704636020642,-0.027308704636020642,False,True
REC_003050,USR_0153,2026-04-18,1,False,0.0657540711364682,-0.0657540711364682,False,True
REC_003137,USR_0158,2026-04-18,1,False,0.07957559896379751,-0.07957559896379751,False,True
REC_003201,USR_0161,2026-04-18,1,False,0.05556474945976697,-0.05556474945976697,False,True
REC_003240,USR_0163,2026-04-18,1,False,0.05804247396161216,-0.05804247396161216,False,True
REC_003262,USR_0164,2026-04-18,1,False,0.0716322549806746,-0.0716322549806746,False,True
REC_003374,USR_0170,2026-04-18,1,False,0.0689566116244017,-0.0689566116244017,False,True
REC_003425,USR_0173,2026-04-18,1,False,0.024414498278948926,-0.024414498278948926,False,True
REC_003447,USR_0174,2026-04-18,1,False,0.061098240598299214,-0.061098240598299214,False,True
REC_003487,USR_0176,2026-04-18,1,False,0.044458595709594706,-0.044458595709594706,False,True
REC_003555,USR_0179,2026-04-18,1,False,0.032131653402946214,-0.032131653402946214,False,True
REC_003728,USR_0188,2026-04-18,1,False,0.06528866068553046,-0.06528866068553046,False,True
REC_003768,USR_0190,2026-04-18,1,False,0.01739987242519414,-0.01739987242519414,False,True
REC_003932,USR_0198,2026-04-18,1,False,0.033628453749488585,-0.033628453749488585,False,True
REC_004052,USR_0204,2026-04-18,1,False,0.03604257822063173,-0.03604257822063173,False,True
REC_004112,USR_0207,2026-04-18,1,False,0.07113134340574728,-0.07113134340574728,False,True
REC_004158,USR_0209,2026-04-18,1,False,0.09542816917710961,-0.09542816917710961,False,True
REC_004270,USR_0214,2026-04-18,1,False,0.04222702327601324,-0.04222702327601324,False,True
REC_004450,USR_0223,2026-04-18,1,False,0.05758576800063425,-0.05758576800063425,False,True
REC_004527,USR_0227,2026-04-18,1,False,0.07480463478986255,-0.07480463478986255,False,True
REC_004565,USR_0229,2026-04-18,1,False,0.08988172078258333,-0.08988172078258333,False,True
REC_004603,USR_0231,2026-04-18,1,False,0.04012425666315422,-0.04012425666315422,False,True
REC_004764,USR_0239,2026-04-18,1,False,0.01529953057817357,-0.01529953057817357,False,True
REC_004791,USR_0240,2026-04-18,1,False,0.019206854351175306,-0.019206854351175306,False,True
REC_004932,USR_0247,2026-04-18,1,False,0.019561341162837143,-0.019561341162837143,False,True
REC_004988,USR_0250,2026-04-18,1,False,0.029377029636448115,-0.029377029636448115,False,True
REC_000070,USR_0004,2026-04-19,1,False,0.08596295439476792,-0.08596295439476792,False,True
REC_000105,USR_0006,2026-04-19,1,False,0.06375809119932568,-0.06375809119932568,False,True
REC_000189,USR_0010,2026-04-19,1,False,0.04368597288443127,-0.04368597288443127,False,True
REC_000251,USR_0013,2026-04-19,1,False,0.08498596760683091,-0.08498596760683091,False,True
REC_000456,USR_0023,2026-04-19,1,False,0.06233557516992061,-0.06233557516992061,False,True
REC_000502,USR_0025,2026-04-19,1,False,0.019981959889048273,-0.019981959889048273,False,True
REC_000561,USR_0028,2026-04-19,1,False,0.05577959727044546,-0.05577959727044546,False,True
REC_000623,USR_0031,2026-04-19,1,False,0.0701367964774337,-0.0701367964774337,False,True
REC_000728,USR_0038,2026-04-19,1,False,0.08615960288974911,-0.08615960288974911,False,True
REC_000828,USR_0043,2026-04-19,1,False,0.023790297441556862,-0.023790297441556862,False,True
REC_000874,USR_0045,2026-04-19,1,False,0.08785194549088648,-0.08785194549088648,False,True
REC_001075,USR_0055,2026-04-19,1,False,0.08818569117746017,-0.08818569117746017,False,True
REC_001111,USR_0057,2026-04-19,1,False,0.06327476958367834,-0.06327476958367834,False,True
REC_001172,USR_0060,2026-04-19,1,False,0.05009800730490038,-0.05009800730490038,False,True
REC_001248,USR_0064,2026-04-19,1,False,0.03428680295038766,-0.03428680295038766,False,True
REC_001302,USR_0067,2026-04-19,1,False,0.06757546806624914,-0.06757546806624914,False,True
REC_001373,USR_0070,2026-04-19,1,False,0.06313956829743606,-0.06313956829743606,False,True
REC_001397,USR_0071,2026-04-19,1,False,0.07096576721130265,-0.07096576721130265,False,True
REC_001414,USR_0072,2026-04-19,1,False,0.032614028864875966,-0.032614028864875966,False,True
REC_001598,USR_0081,2026-04-19,1,False,0.030434154208672404,-0.030434154208672404,False,True
REC_001638,USR_0083,2026-04-19,1,False,0.028123139950910148,-0.028123139950910148,False,True
REC_001697,USR_0086,2026-04-19,1,False,0.026128383922321474,-0.026128383922321474,False,True
REC_002146,USR_0108,2026-04-19,1,False,0.03251984679610703,-0.03251984679610703,False,True
REC_002166,USR_0109,2026-04-19,1,False,0.031785707046410705,-0.031785707046410705,False,True
REC_002278,USR_0115,2026-04-19,1,False,0.06781309024639814,-0.06781309024639814,False,True
REC_002297,USR_0116,2026-04-19,1,False,0.08208781914508034,-0.08208781914508034,False,True
REC_002347,USR_0118,2026-04-19,1,False,0.03448312421712646,-0.03448312421712646,False,True
REC_002394,USR_0120,2026-04-19,1,False,0.0666456349509742,-0.0666456349509742,False,True
REC_002449,USR_0123,2026-04-19,1,False,0.06197962278964775,-0.06197962278964775,False,True
REC_002544,USR_0128,2026-04-19,1,False,0.06895294693032661,-0.06895294693032661,False,True
REC_002567,USR_0129,2026-04-19,1,False,0.04349300151659247,-0.04349300151659247,False,True
REC_002604,USR_0131,2026-04-19,1,False,0.05422228086048303,-0.05422228086048303,False,True
REC_002643,USR_0133,2026-04-19,1,False,0.04323941766670969,-0.04323941766670969,False,True
REC_002739,USR_0138,2026-04-19,1,False,0.0333249057656157,-0.0333249057656157,False,True
REC_002842,USR_0143,2026-04-19,1,False,0.08701747151027323,-0.08701747151027323,False,True
REC_002928,USR_0147,2026-04-19,1,False,0.04227912784376453,-0.04227912784376453,False,True
REC_003026,USR_0152,2026-04-19,1,False,0.03161320558204783,-0.03161320558204783,True,False
REC_003051,USR_0153,2026-04-19,1,False,0.09271245143940299,-0.09271245143940299,False,True
REC_003179,USR_0160,2026-04-19,1,False,0.04966345380949044,-0.04966345380949044,False,True
REC_003405,USR_0172,2026-04-19,1,False,0.0685508659397217,-0.0685508659397217,False,True
REC_003448,USR_0174,2026-04-19,1,False,0.0831597936081766,-0.0831597936081766,False,True
REC_003513,USR_0177,2026-04-19,1,False,0.03417719572566397,-0.03417719572566397,False,True
REC_003537,USR_0178,2026-04-19,1,False,0.05471250000794403,-0.05471250000794403,False,True
REC_003556,USR_0179,2026-04-19,1,False,0.04576287066586532,-0.04576287066586532,False,True
REC_003616,USR_0182,2026-04-19,1,False,0.06877132069945774,-0.06877132069945774,False,True
REC_003633,USR_0183,2026-04-19,1,False,0.04982223399570862,-0.04982223399570862,False,True
REC_003729,USR_0188,2026-04-19,1,False,0.08427671529831715,-0.08427671529831715,False,True
REC_003769,USR_0190,2026-04-19,1,False,0.018522099317683782,-0.018522099317683782,False,True
REC_003813,USR_0192,2026-04-19,1,False,0.08213445480994375,-0.08213445480994375,False,True
REC_004001,USR_0201,2026-04-19,1,False,0.07875809571445047,-0.07875809571445047,False,True
REC_004021,USR_0202,2026-04-19,1,False,0.05254233933554309,-0.05254233933554309,False,True
REC_004070,USR_0205,2026-04-19,1,False,0.061382196094404706,-0.061382196094404706,False,True
REC_004113,USR_0207,2026-04-19,1,False,0.0839393984543807,-0.0839393984543807,False,True
REC_004242,USR_0213,2026-04-19,1,False,0.04767682754704522,-0.04767682754704522,False,True
REC_004353,USR_0218,2026-04-19,1,False,0.026460785170637213,-0.026460785170637213,False,True
REC_004374,USR_0219,2026-04-19,1,False,0.04629403154206013,-0.04629403154206013,False,True
REC_004409,USR_0221,2026-04-19,1,False,0.08421920286427398,-0.08421920286427398,False,True
REC_004430,USR_0222,2026-04-19,1,False,0.04408199490164172,-0.04408199490164172,False,True
REC_004528,USR_0227,2026-04-19,1,False,0.05258236509762598,-0.05258236509762598,False,True
REC_004604,USR_0231,2026-04-19,1,False,0.035896939745966805,-0.035896939745966805,False,True
REC_004623,USR_0232,2026-04-19,1,False,0.03169981146911094,-0.03169981146911094,False,True
REC_004698,USR_0236,2026-04-19,1,False,0.03252139550849065,-0.03252139550849065,False,True
REC_004721,USR_0237,2026-04-19,1,False,0.07486891717691685,-0.07486891717691685,False,True
REC_004809,USR_0241,2026-04-19,1,False,0.052287949786368915,-0.052287949786368915,False,True
REC_004831,USR_0242,2026-04-19,1,False,0.0508885272824216,-0.0508885272824216,False,True
REC_004874,USR_0244,2026-04-19,1,False,0.06979930184214134,-0.06979930184214134,False,True
REC_000004,USR_0001,2026-04-20,1,False,0.04606397022049463,-0.04606397022049463,False,True
REC_000025,USR_0002,2026-04-20,1,False,0.062275470083985984,-0.062275470083985984,False,True
REC_000127,USR_0007,2026-04-20,1,False,0.01888151848361541,-0.01888151848361541,False,True
REC_000228,USR_0012,2026-04-20,1,False,0.06431663588991327,-0.06431663588991327,False,True
REC_000355,USR_0018,2026-04-20,1,False,0.06846072023220356,-0.06846072023220356,False,True
REC_000457,USR_0023,2026-04-20,1,False,0.062243275476167426,-0.062243275476167426,False,True
REC_000538,USR_0027,2026-04-20,1,False,0.08188580555251446,-0.08188580555251446,False,True
REC_000583,USR_0029,2026-04-20,1,False,0.04014444075961554,-0.04014444075961554,False,True
REC_000606,USR_0030,2026-04-20,1,False,0.04710429189846915,-0.04710429189846915,False,True
REC_000698,USR_0036,2026-04-20,1,False,0.06761701924542973,-0.06761701924542973,False,True
REC_000769,USR_0040,2026-04-20,1,False,0.0424676700797455,-0.0424676700797455,False,True
REC_000962,USR_0050,2026-04-20,1,False,0.01811422820526376,-0.01811422820526376,False,True
REC_001076,USR_0055,2026-04-20,1,False,0.02958168201952155,-0.02958168201952155,False,True
REC_001112,USR_0057,2026-04-20,1,False,0.05629591483209262,-0.05629591483209262,True,False
REC_001192,USR_0061,2026-04-20,1,False,0.03792180507397647,-0.03792180507397647,False,True
REC_001374,USR_0070,2026-04-20,1,False,0.09056266065703727,-0.09056266065703727,False,True
REC_001452,USR_0074,2026-04-20,1,False,0.05624741307599462,-0.05624741307599462,False,True
REC_001698,USR_0086,2026-04-20,1,False,0.01821877906949332,-0.01821877906949332,False,True
REC_001892,USR_0096,2026-04-20,1,False,0.04487731156642799,-0.04487731156642799,False,True
REC_001908,USR_0097,2026-04-20,1,False,0.08802946880861467,-0.08802946880861467,False,True
REC_001957,USR_0099,2026-04-20,1,False,0.030112968769762438,-0.030112968769762438,True,False
REC_002221,USR_0112,2026-04-20,1,False,0.06718226980084496,-0.06718226980084496,False,True
REC_002265,USR_0114,2026-04-20,1,False,0.07270276288065453,-0.07270276288065453,False,True
REC_002395,USR_0120,2026-04-20,1,False,0.06797856088249321,-0.06797856088249321,False,True
REC_002412,USR_0121,2026-04-20,1,False,0.03453001902592506,-0.03453001902592506,False,True
REC_002516,USR_0127,2026-04-20,1,False,0.04263360513800024,-0.04263360513800024,False,True
REC_002583,USR_0130,2026-04-20,1,False,0.03736523088199328,-0.03736523088199328,False,True
REC_002869,USR_0144,2026-04-20,1,False,0.07077554918959628,-0.07077554918959628,True,False
REC_002909,USR_0146,2026-04-20,1,False,0.06066387841287302,-0.06066387841287302,False,True
REC_002950,USR_0148,2026-04-20,1,False,0.020772292268480097,-0.020772292268480097,False,True
REC_002989,USR_0150,2026-04-20,1,False,0.034388741604392925,-0.034388741604392925,False,True
REC_003027,USR_0152,2026-04-20,1,False,0.06365690740748409,-0.06365690740748409,False,True
REC_003101,USR_0156,2026-04-20,-1,True,-0.0027957028650652527,0.0027957028650652527,False,False
REC_003297,USR_0166,2026-04-20,1,False,0.019675774963442416,-0.019675774963442416,False,True
REC_003471,USR_0175,2026-04-20,-1,True,-0.01398357848077103,0.01398357848077103,False,False
REC_003488,USR_0176,2026-04-20,1,False,0.04784936972356535,-0.04784936972356535,False,True
REC_003514,USR_0177,2026-04-20,1,False,0.06749889572920953,-0.06749889572920953,False,True
REC_003578,USR_0180,2026-04-20,1,False,0.08268272247053582,-0.08268272247053582,False,True
REC_003653,USR_0184,2026-04-20,1,False,0.07663007779469416,-0.07663007779469416,False,True
REC_003814,USR_0192,2026-04-20,1,False,0.027815168142356128,-0.027815168142356128,False,True
REC_003857,USR_0194,2026-04-20,1,False,0.04998776920994774,-0.04998776920994774,False,True
REC_004022,USR_0202,2026-04-20,1,False,0.007243726885216573,-0.007243726885216573,False,True
REC_004053,USR_0204,2026-04-20,1,False,0.06048542839643206,-0.06048542839643206,True,False
REC_004183,USR_0210,2026-04-20,1,False,0.09161252751718085,-0.09161252751718085,False,True
REC_004200,USR_0211,2026-04-20,1,False,0.03677089399963529,-0.03677089399963529,False,True
REC_004338,USR_0217,2026-04-20,1,False,0.008112318356409909,-0.008112318356409909,False,True
REC_004431,USR_0222,2026-04-20,1,False,0.0678011160252665,-0.0678011160252665,False,True
REC_004451,USR_0223,2026-04-20,1,False,0.05136806427743967,-0.05136806427743967,False,True
REC_004546,USR_0228,2026-04-20,1,False,0.058149717797030764,-0.058149717797030764,False,True
REC_004624,USR_0232,2026-04-20,1,False,0.021492826115886765,-0.021492826115886765,False,True
REC_004699,USR_0236,2026-04-20,1,False,0.04783614854850071,-0.04783614854850071,False,True
REC_004738,USR_0238,2026-04-20,1,False,0.06044591508770397,-0.06044591508770397,False,True
REC_000026,USR_0002,2026-04-21,1,False,0.04471657858272465,-0.04471657858272465,False,True
REC_000050,USR_0003,2026-04-21,1,False,0.023122877224521998,-0.023122877224521998,False,True
REC_000148,USR_0008,2026-04-21,1,False,0.05279685210761792,-0.05279685210761792,False,True
REC_000190,USR_0010,2026-04-21,1,False,0.031164335354831374,-0.031164335354831374,False,True
REC_000252,USR_0013,2026-04-21,1,False,0.051609520379436225,-0.051609520379436225,False,True
REC_000335,USR_0017,2026-04-21,1,False,0.07457167637741718,-0.07457167637741718,False,True
REC_000408,USR_0021,2026-04-21,1,False,0.06569768179020202,-0.06569768179020202,False,True
REC_000458,USR_0023,2026-04-21,1,False,0.02734658065954787,-0.02734658065954787,False,True
REC_000539,USR_0027,2026-04-21,1,False,0.039889921460765865,-0.039889921460765865,False,True
REC_000685,USR_0035,2026-04-21,1,False,0.02329236522860112,-0.02329236522860112,False,True
REC_000790,USR_0041,2026-04-21,1,False,0.09711120103985005,-0.09711120103985005,False,True
REC_000946,USR_0049,2026-04-21,1,False,0.0933322770986158,-0.0933322770986158,False,True
REC_000963,USR_0050,2026-04-21,1,False,0.02443133913036888,-0.02443133913036888,False,True
REC_001051,USR_0054,2026-04-21,1,False,0.007645332344857092,-0.007645332344857092,False,True
REC_001193,USR_0061,2026-04-21,1,False,0.05498851355007284,-0.05498851355007284,False,True
REC_001269,USR_0065,2026-04-21,1,False,0.05409391685035547,-0.05409391685035547,False,True
REC_001375,USR_0070,2026-04-21,1,False,0.09458575342012049,-0.09458575342012049,False,True
REC_001415,USR_0072,2026-04-21,1,False,0.029477643207998838,-0.029477643207998838,False,True
REC_001475,USR_0075,2026-04-21,1,False,0.04519213088175972,-0.04519213088175972,False,True
REC_001499,USR_0076,2026-04-21,1,False,0.033818814218572024,-0.033818814218572024,False,True
REC_001559,USR_0079,2026-04-21,1,False,0.07766753909363155,-0.07766753909363155,False,True
REC_001599,USR_0081,2026-04-21,1,False,0.04892070473875043,-0.04892070473875043,False,True
REC_001639,USR_0083,2026-04-21,1,False,0.06451018156136656,-0.06451018156136656,True,False
REC_001662,USR_0084,2026-04-21,1,False,0.054888587476638495,-0.054888587476638495,False,True
REC_001821,USR_0092,2026-04-21,1,False,0.09417758323743386,-0.09417758323743386,False,True
REC_001976,USR_0100,2026-04-21,1,False,0.0011325600340306163,-0.0011325600340306163,False,True
REC_002128,USR_0107,2026-04-21,1,False,0.06462648544451494,-0.06462648544451494,False,True
REC_002167,USR_0109,2026-04-21,1,False,0.03578187214689549,-0.03578187214689549,False,True
REC_002222,USR_0112,2026-04-21,1,False,0.09350301251399601,-0.09350301251399601,False,True
REC_002243,USR_0113,2026-04-21,1,False,0.07502603321486456,-0.07502603321486456,False,True
REC_002266,USR_0114,2026-04-21,1,False,0.07648810337116291,-0.07648810337116291,False,True
REC_002279,USR_0115,2026-04-21,1,False,0.0423251231142181,-0.0423251231142181,False,True
REC_002298,USR_0116,2026-04-21,1,False,0.07175018189445853,-0.07175018189445853,False,True
REC_002517,USR_0127,2026-04-21,1,False,0.05517642402530826,-0.05517642402530826,False,True
REC_002545,USR_0128,2026-04-21,1,False,0.0371298720129285,-0.0371298720129285,False,True
REC_002665,USR_0134,2026-04-21,1,False,0.035900772076490894,-0.035900772076490894,False,True
REC_002760,USR_0139,2026-04-21,1,False,0.0863831231243179,-0.0863831231243179,False,True
REC_002799,USR_0141,2026-04-21,1,False,0.014827470945004473,-0.014827470945004473,False,True
REC_002870,USR_0144,2026-04-21,1,False,0.054653663112814554,-0.054653663112814554,True,False
REC_003052,USR_0153,2026-04-21,1,False,0.05638644384935798,-0.05638644384935798,False,True
REC_003180,USR_0160,2026-04-21,1,False,0.043269479872501126,-0.043269479872501126,False,True
REC_003241,USR_0163,2026-04-21,1,False,0.05450547240453113,-0.05450547240453113,True,False
REC_003426,USR_0173,2026-04-21,1,False,0.05507605666673904,-0.05507605666673904,False,True
REC_003670,USR_0185,2026-04-21,1,False,0.024028942651600327,-0.024028942651600327,False,True
REC_003770,USR_0190,2026-04-21,1,False,0.039682572742736566,-0.039682572742736566,False,True
REC_003793,USR_0191,2026-04-21,1,False,0.04530849517932162,-0.04530849517932162,False,True
REC_003877,USR_0195,2026-04-21,1,False,0.02275879092817734,-0.02275879092817734,False,True
REC_004002,USR_0201,2026-04-21,1,False,0.06565551009179149,-0.06565551009179149,False,True
REC_004071,USR_0205,2026-04-21,1,False,0.07679877271397711,-0.07679877271397711,False,True
REC_004114,USR_0207,2026-04-21,1,False,0.047032612560188036,-0.047032612560188036,False,True
REC_004292,USR_0215,2026-04-21,1,False,0.078469695050085,-0.078469695050085,False,True
REC_004339,USR_0217,2026-04-21,1,False,0.015425406262706609,-0.015425406262706609,False,True
REC_004354,USR_0218,2026-04-21,1,False,0.036877859500476506,-0.036877859500476506,False,True
REC_004375,USR_0219,2026-04-21,1,False,0.05491684159134169,-0.05491684159134169,False,True
REC_004390,USR_0220,2026-04-21,1,False,0.02129002060374341,-0.02129002060374341,False,True
REC_004432,USR_0222,2026-04-21,1,False,0.05300452465844968,-0.05300452465844968,False,True
REC_004512,USR_0226,2026-04-21,1,False,0.04237059107134883,-0.04237059107134883,True,False
REC_004661,USR_0234,2026-04-21,1,False,0.03344068129414418,-0.03344068129414418,False,True
REC_004739,USR_0238,2026-04-21,1,False,0.07153564446222083,-0.07153564446222083,False,True
REC_004792,USR_0240,2026-04-21,1,False,0.04887868012464919,-0.04887868012464919,False,True
REC_004892,USR_0245,2026-04-21,1,False,0.009450309205768392,-0.009450309205768392,False,True
REC_000027,USR_0002,2026-04-22,-1,True,-0.0048220189554951665,0.0048220189554951665,False,False
REC_000128,USR_0007,2026-04-22,1,False,0.06663775872716537,-0.06663775872716537,False,True
REC_000149,USR_0008,2026-04-22,1,False,0.022858376492965737,-0.022858376492965737,False,True
REC_000356,USR_0018,2026-04-22,1,False,0.08138749396163902,-0.08138749396163902,False,True
REC_000503,USR_0025,2026-04-22,1,False,0.05867017469659214,-0.05867017469659214,False,True
REC_000562,USR_0028,2026-04-22,1,False,0.05814275656302015,-0.05814275656302015,False,True
REC_000584,USR_0029,2026-04-22,1,False,0.025057070263373782,-0.025057070263373782,False,True
REC_000748,USR_0039,2026-04-22,1,False,0.05442243474387909,-0.05442243474387909,False,True
REC_000770,USR_0040,2026-04-22,1,False,0.0644645823640444,-0.0644645823640444,False,True
REC_000911,USR_0047,2026-04-22,1,False,0.001497878952769205,-0.001497878952769205,False,True
REC_000925,USR_0048,2026-04-22,1,False,0.07542777395873557,-0.07542777395873557,False,True
REC_000964,USR_0050,2026-04-22,1,False,0.03530961101478902,-0.03530961101478902,False,True
REC_001011,USR_0052,2026-04-22,1,False,0.03811953345772834,-0.03811953345772834,False,True
REC_001154,USR_0059,2026-04-22,1,False,0.04882195687858293,-0.04882195687858293,False,True
REC_001173,USR_0060,2026-04-22,1,False,0.04916604214474113,-0.04916604214474113,False,True
REC_001228,USR_0063,2026-04-22,1,False,0.03389806274326701,-0.03389806274326701,False,True
REC_001303,USR_0067,2026-04-22,1,False,0.025778518122887062,-0.025778518122887062,False,True
REC_001351,USR_0069,2026-04-22,1,False,0.0874919282336169,-0.0874919282336169,False,True
REC_001476,USR_0075,2026-04-22,1,False,0.050539151572640384,-0.050539151572640384,False,True
REC_001515,USR_0077,2026-04-22,1,False,0.03190658441605504,-0.03190658441605504,False,True
REC_001600,USR_0081,2026-04-22,1,False,0.031544664268265354,-0.031544664268265354,False,True
REC_001699,USR_0086,2026-04-22,1,False,0.03918582575299889,-0.03918582575299889,False,True
REC_001761,USR_0089,2026-04-22,1,False,0.06905076341542588,-0.06905076341542588,False,True
REC_001781,USR_0090,2026-04-22,1,False,0.06228497228819213,-0.06228497228819213,False,True
REC_001822,USR_0092,2026-04-22,1,False,0.09433996470444772,-0.09433996470444772,False,True
REC_001929,USR_0098,2026-04-22,1,False,0.07004176527239164,-0.07004176527239164,False,True
REC_001958,USR_0099,2026-04-22,1,False,0.08370388994904687,-0.08370388994904687,False,True
REC_001977,USR_0100,2026-04-22,1,False,0.0352001185177227,-0.0352001185177227,False,True
REC_002205,USR_0111,2026-04-22,1,False,0.06912370057786305,-0.06912370057786305,False,True
REC_002280,USR_0115,2026-04-22,1,False,0.08319878454805496,-0.08319878454805496,False,True
REC_002348,USR_0118,2026-04-22,1,False,0.0953885911125833,-0.0953885911125833,False,True
REC_002413,USR_0121,2026-04-22,1,False,0.06407985333711536,-0.06407985333711536,True,False
REC_002518,USR_0127,2026-04-22,1,False,0.033363716692221046,-0.033363716692221046,False,True
REC_002584,USR_0130,2026-04-22,-1,True,-0.012909756530086969,0.012909756530086969,True,True
REC_002740,USR_0138,2026-04-22,-1,True,-0.025326490162131177,0.025326490162131177,False,False
REC_002972,USR_0149,2026-04-22,1,False,0.04821130557740627,-0.04821130557740627,False,True
REC_003006,USR_0151,2026-04-22,1,False,0.03465230500301569,-0.03465230500301569,False,True
REC_003053,USR_0153,2026-04-22,1,False,0.06815527183391462,-0.06815527183391462,False,True
REC_003181,USR_0160,2026-04-22,1,False,0.03368806926029244,-0.03368806926029244,False,True
REC_003202,USR_0161,2026-04-22,1,False,0.03415659155783568,-0.03415659155783568,False,True
REC_003298,USR_0166,2026-04-22,1,False,0.08648136230454412,-0.08648136230454412,False,True
REC_003427,USR_0173,2026-04-22,1,False,0.060497069338335874,-0.060497069338335874,False,True
REC_003449,USR_0174,2026-04-22,1,False,0.08884528488042209,-0.08884528488042209,False,True
REC_003557,USR_0179,2026-04-22,1,False,0.0029864149907709026,-0.0029864149907709026,False,True
REC_003654,USR_0184,2026-04-22,1,False,0.05376831132079235,-0.05376831132079235,False,True
REC_003794,USR_0191,2026-04-22,1,False,0.059219308284033045,-0.059219308284033045,False,True
REC_003834,USR_0193,2026-04-22,1,False,0.022349214327066047,-0.022349214327066047,False,True
REC_003878,USR_0195,2026-04-22,1,False,0.06538064733687443,-0.06538064733687443,False,True
REC_003933,USR_0198,2026-04-22,1,False,0.04568678449184371,-0.04568678449184371,False,True
REC_003956,USR_0199,2026-04-22,1,False,0.07035432903712108,-0.07035432903712108,False,True
REC_004072,USR_0205,2026-04-22,1,False,0.017320166360647593,-0.017320166360647593,True,False
REC_004115,USR_0207,2026-04-22,1,False,0.015562683741129901,-0.015562683741129901,False,True
REC_004184,USR_0210,2026-04-22,1,False,0.09604625879439999,-0.09604625879439999,False,True
REC_004219,USR_0212,2026-04-22,-1,True,-0.003581960861905653,0.003581960861905653,False,False
REC_004314,USR_0216,2026-04-22,1,False,0.07461362364979901,-0.07461362364979901,False,True
REC_004547,USR_0228,2026-04-22,1,False,0.07692652905748393,-0.07692652905748393,False,True
REC_004678,USR_0235,2026-04-22,1,False,0.01998614187816239,-0.01998614187816239,False,True
REC_004740,USR_0238,2026-04-22,1,False,0.08648296706162012,-0.08648296706162012,False,True
REC_004810,USR_0241,2026-04-22,1,False,0.02437576739109082,-0.02437576739109082,False,True
REC_004918,USR_0246,2026-04-22,1,False,0.06786070889782492,-0.06786070889782492,False,True
REC_004989,USR_0250,2026-04-22,1,False,0.044893566122747086,-0.044893566122747086,False,True
REC_000028,USR_0002,2026-04-23,1,False,0.05468806917865199,-0.05468806917865199,False,True
REC_000173,USR_0009,2026-04-23,1,False,0.0597015210156851,-0.0597015210156851,False,True
REC_000229,USR_0012,2026-04-23,1,False,0.05814659689006185,-0.05814659689006185,False,True
REC_000253,USR_0013,2026-04-23,1,False,0.06325517839839445,-0.06325517839839445,False,True
REC_000459,USR_0023,2026-04-23,1,False,0.024182928276178683,-0.024182928276178683,False,True
REC_000504,USR_0025,2026-04-23,1,False,0.037625353643224446,-0.037625353643224446,False,True
REC_000673,USR_0034,2026-04-23,1,False,0.057845567224471206,-0.057845567224471206,False,True
REC_000699,USR_0036,2026-04-23,1,False,0.04763719338437766,-0.04763719338437766,False,True
REC_000965,USR_0050,2026-04-23,1,False,0.05029258142922638,-0.05029258142922638,False,True
REC_001012,USR_0052,2026-04-23,1,False,0.07628854472484331,-0.07628854472484331,False,True
REC_001113,USR_0057,2026-04-23,1,False,0.08436133548601282,-0.08436133548601282,False,True
REC_001155,USR_0059,2026-04-23,1,False,0.06841310852948546,-0.06841310852948546,False,True
REC_001216,USR_0062,2026-04-23,1,False,0.08535985290317871,-0.08535985290317871,False,True
REC_001500,USR_0076,2026-04-23,1,False,0.07405997598824066,-0.07405997598824066,False,True
REC_001663,USR_0084,2026-04-23,1,False,0.029516044711817957,-0.029516044711817957,False,True
REC_001722,USR_0087,2026-04-23,1,False,0.07523489465697342,-0.07523489465697342,False,True
REC_001747,USR_0088,2026-04-23,1,False,0.06868634616985075,-0.06868634616985075,False,True
REC_001802,USR_0091,2026-04-23,1,False,0.018707704287065807,-0.018707704287065807,False,True
REC_001837,USR_0093,2026-04-23,1,False,0.06496054439814303,-0.06496054439814303,False,True
REC_001874,USR_0095,2026-04-23,1,False,0.044914885947733685,-0.044914885947733685,False,True
REC_001893,USR_0096,2026-04-23,1,False,0.029545381386354708,-0.029545381386354708,False,True
REC_002025,USR_0102,2026-04-23,1,False,0.049494804984109575,-0.049494804984109575,False,True
REC_002086,USR_0105,2026-04-23,1,False,0.04130335324059131,-0.04130335324059131,False,True
REC_002107,USR_0106,2026-04-23,1,False,0.05135011520698912,-0.05135011520698912,False,True
REC_002244,USR_0113,2026-04-23,1,False,0.07661994520889931,-0.07661994520889931,False,True
REC_002327,USR_0117,2026-04-23,1,False,0.04026022003221097,-0.04026022003221097,False,True
REC_002432,USR_0122,2026-04-23,1,False,0.07235949216955323,-0.07235949216955323,False,True
REC_002568,USR_0129,2026-04-23,1,False,0.07860430335828877,-0.07860430335828877,False,True
REC_002585,USR_0130,2026-04-23,-1,True,-0.00563868270562462,0.00563868270562462,False,False
REC_002644,USR_0133,2026-04-23,-1,True,-0.009198351538926897,0.009198351538926897,False,False
REC_002761,USR_0139,2026-04-23,1,False,0.07981119600741182,-0.07981119600741182,False,True
REC_002783,USR_0140,2026-04-23,1,False,0.06355559970567765,-0.06355559970567765,False,True
REC_002823,USR_0142,2026-04-23,1,False,0.033712657436722804,-0.033712657436722804,True,False
REC_003054,USR_0153,2026-04-23,1,False,0.05800536201286394,-0.05800536201286394,False,True
REC_003123,USR_0157,2026-04-23,1,False,0.014863306389550135,-0.014863306389550135,False,True
REC_003156,USR_0159,2026-04-23,1,False,0.02756413758574411,-0.02756413758574411,False,True
REC_003337,USR_0168,2026-04-23,1,False,0.03478730414824527,-0.03478730414824527,False,True
REC_003450,USR_0174,2026-04-23,1,False,0.0768067245116702,-0.0768067245116702,False,True
REC_003594,USR_0181,2026-04-23,1,False,0.07985571217141824,-0.07985571217141824,False,True
REC_003684,USR_0186,2026-04-23,1,False,0.07657439540474753,-0.07657439540474753,False,True
REC_003752,USR_0189,2026-04-23,-1,True,-0.018025549779999706,0.018025549779999706,False,False
REC_003815,USR_0192,2026-04-23,1,False,0.04393651084127759,-0.04393651084127759,False,True
REC_003957,USR_0199,2026-04-23,1,False,0.05044307869240766,-0.05044307869240766,False,True
REC_004023,USR_0202,2026-04-23,1,False,0.004119594138109806,-0.004119594138109806,False,True
REC_004116,USR_0207,2026-04-23,1,False,0.04285950149136336,-0.04285950149136336,False,True
REC_004185,USR_0210,2026-04-23,1,False,0.07456635119866017,-0.07456635119866017,False,True
REC_004293,USR_0215,2026-04-23,-1,True,-0.003018957774885811,0.003018957774885811,False,False
REC_004315,USR_0216,2026-04-23,1,False,0.034992365790315505,-0.034992365790315505,False,True
REC_004452,USR_0223,2026-04-23,1,False,0.015209147038079962,-0.015209147038079962,False,True
REC_004566,USR_0229,2026-04-23,1,False,0.06205385347979575,-0.06205385347979575,False,True
REC_004584,USR_0230,2026-04-23,1,False,0.020662786983760673,-0.020662786983760673,False,True
REC_004605,USR_0231,2026-04-23,1,False,0.009236068998591529,-0.009236068998591529,False,True
REC_004625,USR_0232,2026-04-23,-1,True,-0.02446444720668084,0.02446444720668084,False,False
REC_004679,USR_0235,2026-04-23,1,False,0.026874347379898522,-0.026874347379898522,False,True
REC_004933,USR_0247,2026-04-23,1,False,0.0343406710430747,-0.0343406710430747,False,True
REC_000150,USR_0008,2026-04-24,1,False,0.028766019271885157,-0.028766019271885157,False,True
REC_000174,USR_0009,2026-04-24,1,False,0.05202992454927308,-0.05202992454927308,False,True
REC_000271,USR_0014,2026-04-24,1,False,0.05282416451254657,-0.05282416451254657,False,True
REC_000316,USR_0016,2026-04-24,1,False,0.07606025765646124,-0.07606025765646124,False,True
REC_000373,USR_0019,2026-04-24,1,False,0.07793105275750284,-0.07793105275750284,False,True
REC_000389,USR_0020,2026-04-24,1,False,0.08735136979989516,-0.08735136979989516,False,True
REC_000409,USR_0021,2026-04-24,1,False,0.01949733228911732,-0.01949733228911732,False,True
REC_000540,USR_0027,2026-04-24,1,False,0.066581014616511,-0.066581014616511,False,True
REC_000875,USR_0045,2026-04-24,1,False,0.055538112471611,-0.055538112471611,False,True
REC_000947,USR_0049,2026-04-24,1,False,0.04487415438865966,-0.04487415438865966,False,True
REC_001156,USR_0059,2026-04-24,1,False,0.06794574769116374,-0.06794574769116374,False,True
REC_001174,USR_0060,2026-04-24,1,False,0.0649911922147629,-0.0649911922147629,False,True
REC_001217,USR_0062,2026-04-24,1,False,0.04186963413465389,-0.04186963413465389,False,True
REC_001229,USR_0063,2026-04-24,1,False,0.05036202669015993,-0.05036202669015993,False,True
REC_001436,USR_0073,2026-04-24,1,False,0.08248138302857067,-0.08248138302857067,False,True
REC_001579,USR_0080,2026-04-24,1,False,0.060574603156794804,-0.060574603156794804,False,True
REC_001640,USR_0083,2026-04-24,1,False,0.059705552508175164,-0.059705552508175164,False,True
REC_001782,USR_0090,2026-04-24,1,False,0.0684932459880227,-0.0684932459880227,False,True
REC_002055,USR_0104,2026-04-24,1,False,0.062107876292634645,-0.062107876292634645,False,True
REC_002087,USR_0105,2026-04-24,1,False,0.02761768968765277,-0.02761768968765277,False,True
REC_002168,USR_0109,2026-04-24,1,False,0.04288201191513924,-0.04288201191513924,False,True
REC_002188,USR_0110,2026-04-24,1,False,0.08300692949971306,-0.08300692949971306,False,True
REC_002245,USR_0113,2026-04-24,1,False,0.06210588452380078,-0.06210588452380078,False,True
REC_002396,USR_0120,2026-04-24,1,False,0.05390919222337953,-0.05390919222337953,False,True
REC_002501,USR_0126,2026-04-24,1,False,0.05137910722988426,-0.05137910722988426,False,True
REC_002666,USR_0134,2026-04-24,-1,True,-0.0019707151895166364,0.0019707151895166364,False,False
REC_002800,USR_0141,2026-04-24,-1,True,-0.0023953747799623226,0.0023953747799623226,False,False
REC_002951,USR_0148,2026-04-24,1,False,0.04578081960188729,-0.04578081960188729,False,True
REC_002990,USR_0150,2026-04-24,1,False,0.04568095747447476,-0.04568095747447476,False,True
REC_003073,USR_0154,2026-04-24,1,False,0.042382136809650195,-0.042382136809650195,False,True
REC_003182,USR_0160,2026-04-24,1,False,0.024651795736543358,-0.024651795736543358,False,True
REC_003218,USR_0162,2026-04-24,1,False,0.0352570712800056,-0.0352570712800056,False,True
REC_003276,USR_0165,2026-04-24,1,False,0.08505912978718122,-0.08505912978718122,False,True
REC_003406,USR_0172,2026-04-24,1,False,0.0603964426455994,-0.0603964426455994,False,True
REC_003558,USR_0179,2026-04-24,1,False,0.02137739270047634,-0.02137739270047634,False,True
REC_003595,USR_0181,2026-04-24,1,False,0.07345441032013067,-0.07345441032013067,False,True
REC_003685,USR_0186,2026-04-24,1,False,0.058810279920811726,-0.058810279920811726,False,True
REC_003710,USR_0187,2026-04-24,1,False,0.07298820106369547,-0.07298820106369547,False,True
REC_003730,USR_0188,2026-04-24,1,False,0.051924847130083995,-0.051924847130083995,False,True
REC_003977,USR_0200,2026-04-24,1,False,0.06725038262835448,-0.06725038262835448,False,True
REC_004090,USR_0206,2026-04-24,1,False,0.058136710112943135,-0.058136710112943135,False,True
REC_004243,USR_0213,2026-04-24,1,False,0.041564184147629746,-0.041564184147629746,False,True
REC_004271,USR_0214,2026-04-24,1,False,0.05380654818242758,-0.05380654818242758,False,True
REC_004391,USR_0220,2026-04-24,1,False,0.041208606000704195,-0.041208606000704195,False,True
REC_004433,USR_0222,2026-04-24,1,False,0.035995812186767784,-0.035995812186767784,False,True
REC_004453,USR_0223,2026-04-24,1,False,0.02526811900885556,-0.02526811900885556,False,True
REC_004513,USR_0226,2026-04-24,1,False,0.052839817273521605,-0.052839817273521605,False,True
REC_004548,USR_0228,2026-04-24,1,False,0.03869631046183353,-0.03869631046183353,False,True
REC_004585,USR_0230,2026-04-24,1,False,0.03760383454468863,-0.03760383454468863,False,True
REC_004700,USR_0236,2026-04-24,1,False,0.036510712329554385,-0.036510712329554385,False,True
REC_004741,USR_0238,2026-04-24,1,False,0.08077181516243137,-0.08077181516243137,False,True
REC_004765,USR_0239,2026-04-24,1,False,0.05047179749576153,-0.05047179749576153,False,True
REC_004934,USR_0247,2026-04-24,1,False,0.02112692388628956,-0.02112692388628956,False,True
REC_000191,USR_0010,2026-04-25,1,False,0.05076347710188872,-0.05076347710188872,False,True
REC_000336,USR_0017,2026-04-25,1,False,0.07375726886251,-0.07375726886251,False,True
REC_000357,USR_0018,2026-04-25,1,False,0.06844078883744453,-0.06844078883744453,False,True
REC_000624,USR_0031,2026-04-25,1,False,0.08259104938737433,-0.08259104938737433,False,True
REC_000700,USR_0036,2026-04-25,1,False,0.046327457916799264,-0.046327457916799264,False,True
REC_000791,USR_0041,2026-04-25,1,False,0.048078503469581424,-0.048078503469581424,False,True
REC_000829,USR_0043,2026-04-25,1,False,0.05763825117714372,-0.05763825117714372,False,True
REC_000892,USR_0046,2026-04-25,1,False,0.002336227523090817,-0.002336227523090817,False,True
REC_000966,USR_0050,2026-04-25,1,False,0.038414900944973907,-0.038414900944973907,False,True
REC_001032,USR_0053,2026-04-25,1,False,0.08566108641375275,-0.08566108641375275,False,True
REC_001092,USR_0056,2026-04-25,1,False,0.08023931506165555,-0.08023931506165555,False,True
REC_001194,USR_0061,2026-04-25,1,False,0.019357373944834166,-0.019357373944834166,False,True
REC_001352,USR_0069,2026-04-25,1,False,0.056941579168932055,-0.056941579168932055,False,True
REC_001437,USR_0073,2026-04-25,1,False,0.06029919464018091,-0.06029919464018091,False,True
REC_001538,USR_0078,2026-04-25,1,False,0.06563079809412276,-0.06563079809412276,False,True
REC_001560,USR_0079,2026-04-25,1,False,0.056563778779145535,-0.056563778779145535,False,True
REC_001723,USR_0087,2026-04-25,-1,True,-0.004364088252898135,0.004364088252898135,False,False
REC_001783,USR_0090,2026-04-25,1,False,0.0827339567660002,-0.0827339567660002,False,True
REC_001894,USR_0096,2026-04-25,1,False,0.04723261705750037,-0.04723261705750037,False,True
REC_002056,USR_0104,2026-04-25,1,False,0.022941246824252026,-0.022941246824252026,False,True
REC_002370,USR_0119,2026-04-25,1,False,0.07407248976445713,-0.07407248976445713,True,False
REC_002414,USR_0121,2026-04-25,1,False,0.06576765540889501,-0.06576765540889501,False,True
REC_002645,USR_0133,2026-04-25,1,False,0.02120863349215696,-0.02120863349215696,False,True
REC_002688,USR_0135,2026-04-25,1,False,0.04380283633578674,-0.04380283633578674,False,True
REC_002705,USR_0136,2026-04-25,1,False,0.07040175034012858,-0.07040175034012858,False,True
REC_002824,USR_0142,2026-04-25,1,False,0.04592698844045179,-0.04592698844045179,True,False
REC_002952,USR_0148,2026-04-25,1,False,0.02264459714744671,-0.02264459714744671,False,True
REC_002973,USR_0149,2026-04-25,1,False,0.07345297436793974,-0.07345297436793974,False,True
REC_003028,USR_0152,2026-04-25,1,False,0.05814933676034706,-0.05814933676034706,False,True
REC_003085,USR_0155,2026-04-25,-1,True,-0.059189677430461884,0.059189677430461884,False,False
REC_003338,USR_0168,2026-04-25,1,False,0.00803610487546258,-0.00803610487546258,False,True
REC_003356,USR_0169,2026-04-25,1,False,0.07807549578626627,-0.07807549578626627,False,True
REC_003472,USR_0175,2026-04-25,1,False,0.02802210035540048,-0.02802210035540048,False,True
REC_003559,USR_0179,2026-04-25,1,False,0.04944440832268343,-0.04944440832268343,False,True
REC_003686,USR_0186,2026-04-25,1,False,0.0381300441294562,-0.0381300441294562,False,True
REC_003711,USR_0187,2026-04-25,1,False,0.030695434278909195,-0.030695434278909195,False,True
REC_003771,USR_0190,2026-04-25,1,False,0.0037700771257087595,-0.0037700771257087595,False,True
REC_003795,USR_0191,2026-04-25,1,False,0.05459720957067343,-0.05459720957067343,False,True
REC_003816,USR_0192,2026-04-25,1,False,0.03639776629816088,-0.03639776629816088,False,True
REC_003879,USR_0195,2026-04-25,1,False,0.08142366196602607,-0.08142366196602607,False,True
REC_003894,USR_0196,2026-04-25,1,False,0.028535785662010094,-0.028535785662010094,False,True
REC_003934,USR_0198,2026-04-25,1,False,0.08125231815678446,-0.08125231815678446,False,True
REC_003978,USR_0200,2026-04-25,1,False,0.026230705994277292,-0.026230705994277292,False,True
REC_004220,USR_0212,2026-04-25,1,False,0.05924722264265764,-0.05924722264265764,False,True
REC_004272,USR_0214,2026-04-25,1,False,0.08884016852686322,-0.08884016852686322,False,True
REC_004316,USR_0216,2026-04-25,1,False,0.034397808247571715,-0.034397808247571715,False,True
REC_004355,USR_0218,2026-04-25,1,False,0.046256516060514674,-0.046256516060514674,False,True
REC_004392,USR_0220,2026-04-25,1,False,0.03319195029140176,-0.03319195029140176,False,True
REC_004476,USR_0224,2026-04-25,1,False,0.04061896002780052,-0.04061896002780052,False,True
REC_004514,USR_0226,2026-04-25,1,False,0.02051038919669712,-0.02051038919669712,False,True
REC_004722,USR_0237,2026-04-25,1,False,0.030051086897855794,-0.030051086897855794,False,True
REC_004793,USR_0240,2026-04-25,1,False,0.06426721462586027,-0.06426721462586027,False,True
REC_004832,USR_0242,2026-04-25,1,False,0.06304896068691146,-0.06304896068691146,False,True
REC_004919,USR_0246,2026-04-25,1,False,0.07854293328764644,-0.07854293328764644,False,True
REC_004935,USR_0247,2026-04-25,-1,True,-0.023953971764027027,0.023953971764027027,False,False
REC_000005,USR_0001,2026-04-26,1,False,0.08260948446675132,-0.08260948446675132,False,True
REC_000051,USR_0003,2026-04-26,1,False,0.0005615426817143776,-0.0005615426817143776,False,True
REC_000106,USR_0006,2026-04-26,1,False,0.043542720091140075,-0.043542720091140075,False,True
REC_000151,USR_0008,2026-04-26,1,False,0.040812876775465634,-0.040812876775465634,False,True
REC_000254,USR_0013,2026-04-26,1,False,0.03512638436958043,-0.03512638436958043,True,False
REC_000293,USR_0015,2026-04-26,1,False,0.04671720339041957,-0.04671720339041957,False,True
REC_000433,USR_0022,2026-04-26,1,False,0.026814059280549918,-0.026814059280549918,False,True
REC_000479,USR_0024,2026-04-26,1,False,0.052994832178419715,-0.052994832178419715,False,True
REC_000658,USR_0033,2026-04-26,1,False,0.04311847173655187,-0.04311847173655187,False,True
REC_000686,USR_0035,2026-04-26,1,False,0.07045550836902492,-0.07045550836902492,False,True
REC_000701,USR_0036,2026-04-26,1,False,0.06908604071256286,-0.06908604071256286,False,True
REC_000713,USR_0037,2026-04-26,1,False,0.07798219391066602,-0.07798219391066602,False,True
REC_000792,USR_0041,2026-04-26,1,False,0.046909514046544754,-0.046909514046544754,False,True
REC_000926,USR_0048,2026-04-26,1,False,0.07718590166465522,-0.07718590166465522,False,True
REC_000967,USR_0050,2026-04-26,1,False,0.04326115715427015,-0.04326115715427015,False,True
REC_000992,USR_0051,2026-04-26,1,False,0.04754653729774139,-0.04754653729774139,False,True
REC_001013,USR_0052,2026-04-26,1,False,0.026641538886872984,-0.026641538886872984,False,True
REC_001230,USR_0063,2026-04-26,1,False,0.05241724323155034,-0.05241724323155034,False,True
REC_001398,USR_0071,2026-04-26,1,False,0.06853306634695938,-0.06853306634695938,False,True
REC_001453,USR_0074,2026-04-26,1,False,0.09795861382096194,-0.09795861382096194,False,True
REC_001561,USR_0079,2026-04-26,1,False,0.0913813751894727,-0.0913813751894727,False,True
REC_001823,USR_0092,2026-04-26,1,False,0.08421130920120712,-0.08421130920120712,False,True
REC_001930,USR_0098,2026-04-26,1,False,0.03508705681305185,-0.03508705681305185,False,True
REC_002026,USR_0102,2026-04-26,1,False,0.04110033382799766,-0.04110033382799766,False,True
REC_002040,USR_0103,2026-04-26,1,False,0.07278412949199375,-0.07278412949199375,False,True
REC_002057,USR_0104,2026-04-26,1,False,0.0291411203184882,-0.0291411203184882,False,True
REC_002147,USR_0108,2026-04-26,1,False,0.006283152909502321,-0.006283152909502321,False,True
REC_002267,USR_0114,2026-04-26,1,False,0.08995476106118189,-0.08995476106118189,False,True
REC_002299,USR_0116,2026-04-26,1,False,0.0925693497148039,-0.0925693497148039,False,True
REC_002450,USR_0123,2026-04-26,1,False,0.0833362114349428,-0.0833362114349428,False,True
REC_002586,USR_0130,2026-04-26,1,False,0.013313159322863255,-0.013313159322863255,False,True
REC_002622,USR_0132,2026-04-26,1,False,0.09073373114609168,-0.09073373114609168,False,True
REC_002953,USR_0148,2026-04-26,1,False,0.04295356132656869,-0.04295356132656869,False,True
REC_002974,USR_0149,2026-04-26,1,False,0.058750898762444326,-0.058750898762444326,False,True
REC_003029,USR_0152,2026-04-26,1,False,0.07237911273256703,-0.07237911273256703,False,True
REC_003138,USR_0158,2026-04-26,1,False,0.02231114092632136,-0.02231114092632136,False,True
REC_003299,USR_0166,2026-04-26,1,False,0.07651520289920971,-0.07651520289920971,False,True
REC_003339,USR_0168,2026-04-26,1,False,0.021687164131014347,-0.021687164131014347,False,True
REC_003407,USR_0172,2026-04-26,1,False,0.08503598552421415,-0.08503598552421415,False,True
REC_003489,USR_0176,2026-04-26,1,False,0.023431449993885578,-0.023431449993885578,True,False
REC_003579,USR_0180,2026-04-26,1,False,0.07806365809937466,-0.07806365809937466,False,True
REC_003617,USR_0182,2026-04-26,1,False,0.06535909493818154,-0.06535909493818154,False,True
REC_003912,USR_0197,2026-04-26,1,False,0.025936372086502846,-0.025936372086502846,False,True
REC_004003,USR_0201,2026-04-26,1,False,0.09064503414446584,-0.09064503414446584,False,True
REC_004024,USR_0202,2026-04-26,1,False,0.02936439046452255,-0.02936439046452255,False,True
REC_004159,USR_0209,2026-04-26,1,False,0.0888165665840508,-0.0888165665840508,False,True
REC_004294,USR_0215,2026-04-26,1,False,0.021125739998849258,-0.021125739998849258,False,True
REC_004356,USR_0218,2026-04-26,1,False,0.037032377181318965,-0.037032377181318965,False,True
REC_004376,USR_0219,2026-04-26,1,False,0.0566133468677843,-0.0566133468677843,False,True
REC_004477,USR_0224,2026-04-26,1,False,0.05793762726866769,-0.05793762726866769,False,True
REC_004492,USR_0225,2026-04-26,1,False,0.053318570381369834,-0.053318570381369834,False,True
REC_004529,USR_0227,2026-04-26,1,False,0.07552999374554098,-0.07552999374554098,False,True
REC_004567,USR_0229,2026-04-26,1,False,0.056505594029653994,-0.056505594029653994,False,True
REC_004606,USR_0231,2026-04-26,1,False,0.0433662176699976,-0.0433662176699976,False,True
REC_004626,USR_0232,2026-04-26,-1,True,-0.003884809671178213,0.003884809671178213,False,False
REC_004766,USR_0239,2026-04-26,1,False,0.0529731924279741,-0.0529731924279741,False,True
REC_004811,USR_0241,2026-04-26,1,False,0.058057861870141225,-0.058057861870141225,False,True
REC_004972,USR_0249,2026-04-26,1,False,0.043738862970973735,-0.043738862970973735,False,True
REC_000192,USR_0010,2026-04-27,1,False,0.045334926076869564,-0.045334926076869564,False,True
REC_000317,USR_0016,2026-04-27,-1,True,-0.015135718433041734,0.015135718433041734,False,False
REC_000374,USR_0019,2026-04-27,1,False,0.06865933674449859,-0.06865933674449859,False,True
REC_000505,USR_0025,2026-04-27,1,False,0.07435099618164759,-0.07435099618164759,False,True
REC_000563,USR_0028,2026-04-27,1,False,0.02122962760733793,-0.02122962760733793,False,True
REC_000806,USR_0042,2026-04-27,1,False,0.04604764830605901,-0.04604764830605901,False,True
REC_000856,USR_0044,2026-04-27,1,False,0.04527334295749835,-0.04527334295749835,False,True
REC_001052,USR_0054,2026-04-27,1,False,0.04903567074846488,-0.04903567074846488,False,True
REC_001114,USR_0057,2026-04-27,1,False,0.05191777469303355,-0.05191777469303355,False,True
REC_001286,USR_0066,2026-04-27,1,False,0.0688516138167175,-0.0688516138167175,False,True
REC_001304,USR_0067,2026-04-27,1,False,0.058872174121198495,-0.058872174121198495,False,True
REC_001326,USR_0068,2026-04-27,-1,True,-0.003467003669733071,0.003467003669733071,False,False
REC_001353,USR_0069,2026-04-27,1,False,0.08221041826463743,-0.08221041826463743,False,True
REC_001762,USR_0089,2026-04-27,1,False,0.049556923998058,-0.049556923998058,False,True
REC_001860,USR_0094,2026-04-27,1,False,0.014556140016498187,-0.014556140016498187,True,False
REC_001875,USR_0095,2026-04-27,1,False,0.034072413000789115,-0.034072413000789115,False,True
REC_001959,USR_0099,2026-04-27,1,False,0.06865613247162228,-0.06865613247162228,False,True
REC_002027,USR_0102,2026-04-27,1,False,0.044199697132451476,-0.044199697132451476,False,True
REC_002268,USR_0114,2026-04-27,1,False,0.10027443559934424,-0.10027443559934424,False,True
REC_002397,USR_0120,2026-04-27,1,False,0.07415237480233683,-0.07415237480233683,False,True
REC_002433,USR_0122,2026-04-27,1,False,0.0837815714377787,-0.0837815714377787,False,True
REC_002546,USR_0128,2026-04-27,1,False,0.052597221334113875,-0.052597221334113875,False,True
REC_002623,USR_0132,2026-04-27,1,False,0.09530123882664288,-0.09530123882664288,False,True
REC_002667,USR_0134,2026-04-27,-1,True,-0.02414721350571747,0.02414721350571747,False,False
REC_002689,USR_0135,2026-04-27,1,False,0.0006772079255600305,-0.0006772079255600305,False,True
REC_002706,USR_0136,2026-04-27,1,False,0.05604236421533604,-0.05604236421533604,False,True
REC_002723,USR_0137,2026-04-27,1,False,0.09050902030678565,-0.09050902030678565,False,True
REC_002741,USR_0138,2026-04-27,1,False,0.024605921308416656,-0.024605921308416656,False,True
REC_002784,USR_0140,2026-04-27,1,False,0.028379751728914215,-0.028379751728914215,False,True
REC_002843,USR_0143,2026-04-27,1,False,0.026589412412117763,-0.026589412412117763,False,True
REC_002929,USR_0147,2026-04-27,1,False,0.006036072488447952,-0.006036072488447952,False,True
REC_002954,USR_0148,2026-04-27,1,False,0.01112173917152326,-0.01112173917152326,False,True
REC_002975,USR_0149,2026-04-27,1,False,0.05805152601791541,-0.05805152601791541,False,True
REC_002991,USR_0150,2026-04-27,1,False,0.01913310830628201,-0.01913310830628201,False,True
REC_003055,USR_0153,2026-04-27,1,False,0.08408525690879204,-0.08408525690879204,False,True
REC_003183,USR_0160,2026-04-27,1,False,0.03325789482675734,-0.03325789482675734,False,True
REC_003219,USR_0162,2026-04-27,1,False,0.08161796956177941,-0.08161796956177941,False,True
REC_003317,USR_0167,2026-04-27,1,False,0.0270485412607675,-0.0270485412607675,False,True
REC_003655,USR_0184,2026-04-27,1,False,0.06869683370279761,-0.06869683370279761,False,True
REC_003687,USR_0186,2026-04-27,1,False,0.05388865335130655,-0.05388865335130655,False,True
REC_003913,USR_0197,2026-04-27,1,False,0.06893730211711446,-0.06893730211711446,False,True
REC_003958,USR_0199,2026-04-27,1,False,0.07851704329585657,-0.07851704329585657,False,True
REC_004073,USR_0205,2026-04-27,1,False,0.07261041074748525,-0.07261041074748525,False,True
REC_004201,USR_0211,2026-04-27,1,False,0.05445643599808103,-0.05445643599808103,False,True
REC_004221,USR_0212,2026-04-27,1,False,0.042525203701621994,-0.042525203701621994,False,True
REC_004244,USR_0213,2026-04-27,1,False,0.056710727837038066,-0.056710727837038066,False,True
REC_004530,USR_0227,2026-04-27,1,False,0.055218246610643174,-0.055218246610643174,False,True
REC_004607,USR_0231,2026-04-27,1,False,0.0446019536674665,-0.0446019536674665,False,True
REC_004627,USR_0232,2026-04-27,-1,True,-0.004519885966730586,0.004519885966730586,False,False
REC_004742,USR_0238,2026-04-27,1,False,0.08970271515649425,-0.08970271515649425,False,True
REC_004956,USR_0248,2026-04-27,1,False,0.06865947172132436,-0.06865947172132436,False,True
REC_004973,USR_0249,2026-04-27,1,False,0.03647787002898889,-0.03647787002898889,False,True
REC_000052,USR_0003,2026-04-28,1,False,0.04686243318641087,-0.04686243318641087,False,True
REC_000152,USR_0008,2026-04-28,1,False,0.03640207052170835,-0.03640207052170835,False,True
REC_000215,USR_0011,2026-04-28,1,False,0.0686040734470662,-0.0686040734470662,False,True
REC_000255,USR_0013,2026-04-28,1,False,0.06038855452026337,-0.06038855452026337,False,True
REC_000390,USR_0020,2026-04-28,1,False,0.023932250188428095,-0.023932250188428095,False,True
REC_000434,USR_0022,2026-04-28,1,False,0.030248424471175595,-0.030248424471175595,False,True
REC_000674,USR_0034,2026-04-28,1,False,0.07051540708876602,-0.07051540708876602,False,True
REC_000729,USR_0038,2026-04-28,1,False,0.0480011183315433,-0.0480011183315433,False,True
REC_000793,USR_0041,2026-04-28,1,False,0.08420073343864687,-0.08420073343864687,False,True
REC_000857,USR_0044,2026-04-28,1,False,0.08652181105220835,-0.08652181105220835,False,True
REC_000912,USR_0047,2026-04-28,1,False,0.06545240973964273,-0.06545240973964273,False,True
REC_000968,USR_0050,2026-04-28,1,False,0.038600244785867543,-0.038600244785867543,False,True
REC_001115,USR_0057,2026-04-28,1,False,0.026140384416557305,-0.026140384416557305,False,True
REC_001249,USR_0064,2026-04-28,1,False,0.04914992292824116,-0.04914992292824116,False,True
REC_001270,USR_0065,2026-04-28,1,False,0.06253320551280384,-0.06253320551280384,False,True
REC_001354,USR_0069,2026-04-28,1,False,0.07754261230485476,-0.07754261230485476,False,True
REC_001641,USR_0083,2026-04-28,1,False,0.05265435078547265,-0.05265435078547265,False,True
REC_001664,USR_0084,2026-04-28,1,False,0.006572273163538367,-0.006572273163538367,False,True
REC_001700,USR_0086,2026-04-28,1,False,0.007274073480946774,-0.007274073480946774,False,True
REC_001824,USR_0092,2026-04-28,1,False,0.05684783263728821,-0.05684783263728821,False,True
REC_001861,USR_0094,2026-04-28,-1,True,-0.016623659422431047,0.016623659422431047,False,False
REC_001931,USR_0098,2026-04-28,1,False,0.07689379450905504,-0.07689379450905504,False,True
REC_001998,USR_0101,2026-04-28,-1,True,-0.017123332059898244,0.017123332059898244,False,False
REC_002129,USR_0107,2026-04-28,1,False,0.0734418975914698,-0.0734418975914698,False,True
REC_002206,USR_0111,2026-04-28,1,False,0.07849047850364965,-0.07849047850364965,False,True
REC_002300,USR_0116,2026-04-28,1,False,0.09361634818362474,-0.09361634818362474,False,True
REC_002398,USR_0120,2026-04-28,1,False,0.07460210184183247,-0.07460210184183247,False,True
REC_002434,USR_0122,2026-04-28,1,False,0.09952604480000005,-0.09952604480000005,False,True
REC_002519,USR_0127,2026-04-28,1,False,0.031636073936503306,-0.031636073936503306,False,True
REC_002605,USR_0131,2026-04-28,1,False,0.042507703296119026,-0.042507703296119026,False,True
REC_002690,USR_0135,2026-04-28,1,False,0.03412088834142735,-0.03412088834142735,False,True
REC_002825,USR_0142,2026-04-28,1,False,0.07818758290760308,-0.07818758290760308,False,True
REC_002992,USR_0150,2026-04-28,1,False,0.03523974574115796,-0.03523974574115796,False,True
REC_003074,USR_0154,2026-04-28,1,False,0.06755164105620881,-0.06755164105620881,False,True
REC_003139,USR_0158,2026-04-28,1,False,0.09560234348838403,-0.09560234348838403,False,True
REC_003157,USR_0159,2026-04-28,1,False,0.06693742353221682,-0.06693742353221682,False,True
REC_003184,USR_0160,2026-04-28,1,False,0.04626873345791893,-0.04626873345791893,False,True
REC_003242,USR_0163,2026-04-28,1,False,0.07046277750229535,-0.07046277750229535,False,True
REC_003387,USR_0171,2026-04-28,1,False,0.012473709326042526,-0.012473709326042526,False,True
REC_003473,USR_0175,2026-04-28,1,False,0.008365072527212303,-0.008365072527212303,False,True
REC_003634,USR_0183,2026-04-28,1,False,0.037395763552947714,-0.037395763552947714,False,True
REC_003817,USR_0192,2026-04-28,1,False,0.03797901249260971,-0.03797901249260971,False,True
REC_004004,USR_0201,2026-04-28,1,False,0.09219867105378104,-0.09219867105378104,False,True
REC_004074,USR_0205,2026-04-28,1,False,0.0720386518248034,-0.0720386518248034,False,True
REC_004117,USR_0207,2026-04-28,1,False,0.0403255135031379,-0.0403255135031379,False,True
REC_004160,USR_0209,2026-04-28,1,False,0.04491059291190724,-0.04491059291190724,False,True
REC_004549,USR_0228,2026-04-28,1,False,0.0553837702515973,-0.0553837702515973,False,True
REC_004701,USR_0236,2026-04-28,1,False,0.07149444129536475,-0.07149444129536475,False,True
REC_004723,USR_0237,2026-04-28,1,False,0.04724103779156069,-0.04724103779156069,False,True
REC_004767,USR_0239,2026-04-28,1,False,0.058177223511479026,-0.058177223511479026,False,True
REC_004852,USR_0243,2026-04-28,1,False,0.014565048502462874,-0.014565048502462874,False,True
REC_004875,USR_0244,2026-04-28,1,False,0.0392874874789545,-0.0392874874789545,False,True
REC_000071,USR_0004,2026-04-29,1,False,0.035562405936908514,-0.035562405936908514,False,True
REC_000086,USR_0005,2026-04-29,1,False,0.065120455034052,-0.065120455034052,False,True
REC_000153,USR_0008,2026-04-29,1,False,0.030443380469174386,-0.030443380469174386,False,True
REC_000216,USR_0011,2026-04-29,1,False,0.007563343416355561,-0.007563343416355561,False,True
REC_000460,USR_0023,2026-04-29,1,False,0.08890297431161437,-0.08890297431161437,False,True
REC_000516,USR_0026,2026-04-29,1,False,0.05056509640226858,-0.05056509640226858,False,True
REC_000702,USR_0036,2026-04-29,1,False,0.07896173287906194,-0.07896173287906194,False,True
REC_000771,USR_0040,2026-04-29,1,False,0.061766344604343104,-0.061766344604343104,False,True
REC_000969,USR_0050,2026-04-29,1,False,0.022615803450051486,-0.022615803450051486,False,True
REC_000993,USR_0051,2026-04-29,1,False,0.035497249946653986,-0.035497249946653986,False,True
REC_001014,USR_0052,2026-04-29,1,False,0.06470054967638683,-0.06470054967638683,False,True
REC_001175,USR_0060,2026-04-29,1,False,0.034998832455613305,-0.034998832455613305,False,True
REC_001195,USR_0061,2026-04-29,1,False,0.07656037181761155,-0.07656037181761155,False,True
REC_001327,USR_0068,2026-04-29,1,False,0.05037565363615254,-0.05037565363615254,False,True
REC_001477,USR_0075,2026-04-29,1,False,0.03685327004397404,-0.03685327004397404,False,True
REC_001539,USR_0078,2026-04-29,1,False,0.06507538428533538,-0.06507538428533538,False,True
REC_001562,USR_0079,2026-04-29,1,False,0.04709452787911583,-0.04709452787911583,False,True
REC_001601,USR_0081,2026-04-29,1,False,0.03346844361614837,-0.03346844361614837,False,True
REC_001617,USR_0082,2026-04-29,1,False,0.025451192091092256,-0.025451192091092256,False,True
REC_001763,USR_0089,2026-04-29,1,False,0.023370088272097356,-0.023370088272097356,True,False
REC_001932,USR_0098,2026-04-29,1,False,0.05956674788056088,-0.05956674788056088,False,True
REC_001999,USR_0101,2026-04-29,1,False,0.03080965278125275,-0.03080965278125275,False,True
REC_002041,USR_0103,2026-04-29,1,False,0.049207227290201605,-0.049207227290201605,False,True
REC_002169,USR_0109,2026-04-29,1,False,0.04814180609672769,-0.04814180609672769,False,True
REC_002246,USR_0113,2026-04-29,1,False,0.03867998932546468,-0.03867998932546468,False,True
REC_002269,USR_0114,2026-04-29,1,False,0.060930524386235696,-0.060930524386235696,False,True
REC_002349,USR_0118,2026-04-29,1,False,0.05348353129155231,-0.05348353129155231,False,True
REC_002502,USR_0126,2026-04-29,1,False,0.07521644843998099,-0.07521644843998099,False,True
REC_002520,USR_0127,2026-04-29,1,False,0.06999540164861007,-0.06999540164861007,False,True
REC_002569,USR_0129,2026-04-29,1,False,0.059469968067690615,-0.059469968067690615,False,True
REC_002606,USR_0131,2026-04-29,1,False,0.05473761403993166,-0.05473761403993166,False,True
REC_002668,USR_0134,2026-04-29,1,False,0.027805053932776047,-0.027805053932776047,False,True
REC_002993,USR_0150,2026-04-29,1,False,0.06760191447935582,-0.06760191447935582,False,True
REC_003056,USR_0153,2026-04-29,1,False,0.0667860185474467,-0.0667860185474467,False,True
REC_003277,USR_0165,2026-04-29,1,False,0.08928696768064465,-0.08928696768064465,False,True
REC_003318,USR_0167,2026-04-29,1,False,0.049575393866358564,-0.049575393866358564,False,True
REC_003408,USR_0172,2026-04-29,1,False,0.04528873444546094,-0.04528873444546094,False,True
REC_003490,USR_0176,2026-04-29,1,False,0.0514943959977755,-0.0514943959977755,False,True
REC_003688,USR_0186,2026-04-29,1,False,0.025157159861116607,-0.025157159861116607,False,True
REC_003712,USR_0187,2026-04-29,1,False,0.0715223693308012,-0.0715223693308012,False,True
REC_003858,USR_0194,2026-04-29,1,False,0.06315205568209836,-0.06315205568209836,False,True
REC_004005,USR_0201,2026-04-29,1,False,0.0930673444125219,-0.0930673444125219,False,True
REC_004091,USR_0206,2026-04-29,1,False,0.07871518641127934,-0.07871518641127934,False,True
REC_004118,USR_0207,2026-04-29,1,False,0.08072772935607453,-0.08072772935607453,False,True
REC_004138,USR_0208,2026-04-29,1,False,0.059300092872266674,-0.059300092872266674,False,True
REC_004357,USR_0218,2026-04-29,1,False,0.01562978206487209,-0.01562978206487209,False,True
REC_004454,USR_0223,2026-04-29,1,False,0.03791227529122432,-0.03791227529122432,False,True
REC_004531,USR_0227,2026-04-29,1,False,0.05721000351793032,-0.05721000351793032,False,True
REC_004702,USR_0236,2026-04-29,1,False,0.0569355788781995,-0.0569355788781995,False,True
REC_004853,USR_0243,2026-04-29,-1,True,-0.01847290250718492,0.01847290250718492,False,False
REC_004920,USR_0246,2026-04-29,1,False,0.08667873677677573,-0.08667873677677573,False,True
REC_000193,USR_0010,2026-04-30,1,False,0.04775042493726306,-0.04775042493726306,False,True
REC_000272,USR_0014,2026-04-30,1,False,0.04052783269660226,-0.04052783269660226,False,True
REC_000358,USR_0018,2026-04-30,1,False,0.08343795120009578,-0.08343795120009578,False,True
REC_000375,USR_0019,2026-04-30,1,False,0.0623628744481689,-0.0623628744481689,False,True
REC_000391,USR_0020,2026-04-30,1,False,0.03386076928017312,-0.03386076928017312,False,True
REC_000480,USR_0024,2026-04-30,1,False,0.043240792047905985,-0.043240792047905985,False,True
REC_000564,USR_0028,2026-04-30,1,False,0.06291028910535279,-0.06291028910535279,False,True
REC_000585,USR_0029,2026-04-30,1,False,0.05051272088209047,-0.05051272088209047,False,True
REC_000794,USR_0041,2026-04-30,1,False,0.0943899705227571,-0.0943899705227571,False,True
REC_001033,USR_0053,2026-04-30,1,False,0.09968475696478885,-0.09968475696478885,False,True
REC_001053,USR_0054,2026-04-30,1,False,0.04609423860825029,-0.04609423860825029,False,True
REC_001116,USR_0057,2026-04-30,1,False,0.060764559313315814,-0.060764559313315814,False,True
REC_001196,USR_0061,2026-04-30,1,False,0.07571047007891368,-0.07571047007891368,False,True
REC_001218,USR_0062,2026-04-30,1,False,0.006716855024663015,-0.006716855024663015,False,True
REC_001231,USR_0063,2026-04-30,1,False,0.050093690362183474,-0.050093690362183474,False,True
REC_001305,USR_0067,2026-04-30,1,False,0.040602563772362044,-0.040602563772362044,False,True
REC_001438,USR_0073,2026-04-30,1,False,0.04265945339014976,-0.04265945339014976,False,True
REC_001540,USR_0078,2026-04-30,1,False,0.06163288293339175,-0.06163288293339175,False,True
REC_001602,USR_0081,2026-04-30,1,False,0.05792161701590948,-0.05792161701590948,False,True
REC_001701,USR_0086,2026-04-30,1,False,0.062037390621191235,-0.062037390621191235,False,True
REC_001862,USR_0094,2026-04-30,1,False,0.06362200354461856,-0.06362200354461856,False,True
REC_001933,USR_0098,2026-04-30,1,False,0.07381638277278602,-0.07381638277278602,False,True
REC_002399,USR_0120,2026-04-30,1,False,0.0629352494557161,-0.0629352494557161,False,True
REC_002435,USR_0122,2026-04-30,1,False,0.08896246255179835,-0.08896246255179835,False,True
REC_002479,USR_0125,2026-04-30,1,False,0.006014732352348062,-0.006014732352348062,False,True
REC_002521,USR_0127,2026-04-30,1,False,0.04637025381684007,-0.04637025381684007,False,True
REC_002801,USR_0141,2026-04-30,1,False,0.005539675272473121,-0.005539675272473121,False,True
REC_003057,USR_0153,2026-04-30,1,False,0.07017314539902036,-0.07017314539902036,False,True
REC_003140,USR_0158,2026-04-30,1,False,0.07008832954585509,-0.07008832954585509,False,True
REC_003158,USR_0159,2026-04-30,1,False,0.030639198212686125,-0.030639198212686125,False,True
REC_003185,USR_0160,2026-04-30,-1,True,-0.0065440277429295035,0.0065440277429295035,False,False
REC_003388,USR_0171,2026-04-30,1,False,0.05026803125773266,-0.05026803125773266,False,True
REC_003580,USR_0180,2026-04-30,1,False,0.07317121308805741,-0.07317121308805741,False,True
REC_003772,USR_0190,2026-04-30,1,False,0.031034249616123055,-0.031034249616123055,False,True
REC_003796,USR_0191,2026-04-30,1,False,0.06483952211598115,-0.06483952211598115,False,True
REC_003835,USR_0193,2026-04-30,1,False,0.05198774312038873,-0.05198774312038873,False,True
REC_003880,USR_0195,2026-04-30,1,False,0.07517314237595324,-0.07517314237595324,False,True
REC_003959,USR_0199,2026-04-30,1,False,0.07252091999331556,-0.07252091999331556,False,True
REC_004039,USR_0203,2026-04-30,1,False,0.06936554280554902,-0.06936554280554902,False,True
REC_004245,USR_0213,2026-04-30,1,False,0.04658680294938966,-0.04658680294938966,False,True
REC_004410,USR_0221,2026-04-30,1,False,0.06584208499736582,-0.06584208499736582,False,True
REC_004586,USR_0230,2026-04-30,1,False,0.0023578874890370916,-0.0023578874890370916,False,True
REC_000006,USR_0001,2026-05-01,1,False,0.09371966184988373,-0.09371966184988373,False,True
REC_000337,USR_0017,2026-05-01,1,False,0.09515595714704483,-0.09515595714704483,False,True
REC_000359,USR_0018,2026-05-01,1,False,0.04470715094213212,-0.04470715094213212,False,True
REC_000392,USR_0020,2026-05-01,1,False,0.06481962164998123,-0.06481962164998123,False,True
REC_000410,USR_0021,2026-05-01,1,False,0.07420260901860404,-0.07420260901860404,False,True
REC_000461,USR_0023,2026-05-01,1,False,0.06990067994066146,-0.06990067994066146,False,True
REC_000586,USR_0029,2026-05-01,1,False,0.05137469561136604,-0.05137469561136604,False,True
REC_000772,USR_0040,2026-05-01,1,False,0.046613965931095014,-0.046613965931095014,False,True
REC_000876,USR_0045,2026-05-01,1,False,0.051895912955540247,-0.051895912955540247,False,True
REC_001034,USR_0053,2026-05-01,1,False,0.0807231847662746,-0.0807231847662746,False,True
REC_001287,USR_0066,2026-05-01,1,False,0.060929326457803634,-0.060929326457803634,False,True
REC_001306,USR_0067,2026-05-01,1,False,0.01727297366328795,-0.01727297366328795,False,True
REC_001355,USR_0069,2026-05-01,1,False,0.08119475846714014,-0.08119475846714014,False,True
REC_001541,USR_0078,2026-05-01,1,False,0.051998116235369596,-0.051998116235369596,False,True
REC_001580,USR_0080,2026-05-01,1,False,0.08227613326150152,-0.08227613326150152,False,True
REC_001764,USR_0089,2026-05-01,1,False,0.0523133359817477,-0.0523133359817477,False,True
REC_001784,USR_0090,2026-05-01,1,False,0.04335291505901373,-0.04335291505901373,False,True
REC_001876,USR_0095,2026-05-01,1,False,0.06557329101023751,-0.06557329101023751,False,True
REC_001895,USR_0096,2026-05-01,1,False,0.042823807838142325,-0.042823807838142325,False,True
REC_001934,USR_0098,2026-05-01,1,False,0.04361939715537727,-0.04361939715537727,False,True
REC_001978,USR_0100,2026-05-01,1,False,0.0022731484692843917,-0.0022731484692843917,False,True
REC_002042,USR_0103,2026-05-01,1,False,0.020501810810876098,-0.020501810810876098,False,True
REC_002148,USR_0108,2026-05-01,1,False,0.019224401388295953,-0.019224401388295953,False,True
REC_002281,USR_0115,2026-05-01,1,False,0.08050780762220622,-0.08050780762220622,False,True
REC_002301,USR_0116,2026-05-01,1,False,0.06516822788539361,-0.06516822788539361,False,True
REC_002328,USR_0117,2026-05-01,1,False,0.01981174763526483,-0.01981174763526483,False,True
REC_002350,USR_0118,2026-05-01,1,False,0.07815682760278031,-0.07815682760278031,False,True
REC_002547,USR_0128,2026-05-01,1,False,0.08797695388008547,-0.08797695388008547,True,False
REC_002646,USR_0133,2026-05-01,1,False,0.014570362652439273,-0.014570362652439273,False,True
REC_002669,USR_0134,2026-05-01,1,False,0.07551444579349037,-0.07551444579349037,False,True
REC_003030,USR_0152,2026-05-01,1,False,0.006015590968558748,-0.006015590968558748,False,True
REC_003058,USR_0153,2026-05-01,1,False,0.07514567668261474,-0.07514567668261474,False,True
REC_003186,USR_0160,2026-05-01,1,False,0.041781184803057425,-0.041781184803057425,False,True
REC_003203,USR_0161,2026-05-01,1,False,0.03976396729769699,-0.03976396729769699,False,True
REC_003278,USR_0165,2026-05-01,1,False,0.05387790102083334,-0.05387790102083334,False,True
REC_003319,USR_0167,2026-05-01,1,False,0.07460570642888742,-0.07460570642888742,False,True
REC_003491,USR_0176,2026-05-01,1,False,0.028737138345235336,-0.028737138345235336,False,True
REC_003560,USR_0179,2026-05-01,1,False,0.061384192042014396,-0.061384192042014396,False,True
REC_003596,USR_0181,2026-05-01,1,False,0.08498427802121761,-0.08498427802121761,False,True
REC_003635,USR_0183,2026-05-01,1,False,0.026218766080146616,-0.026218766080146616,False,True
REC_003656,USR_0184,2026-05-01,1,False,0.06730145232451734,-0.06730145232451734,False,True
REC_003689,USR_0186,2026-05-01,1,False,0.04737778067085219,-0.04737778067085219,False,True
REC_003836,USR_0193,2026-05-01,1,False,0.0471086575810693,-0.0471086575810693,False,True
REC_003859,USR_0194,2026-05-01,1,False,0.01667206037606661,-0.01667206037606661,False,True
REC_004006,USR_0201,2026-05-01,1,False,0.03407173336161817,-0.03407173336161817,False,True
REC_004139,USR_0208,2026-05-01,1,False,0.04692868512096926,-0.04692868512096926,False,True
REC_004358,USR_0218,2026-05-01,1,False,0.009122640702321272,-0.009122640702321272,False,True
REC_004393,USR_0220,2026-05-01,1,False,0.03022398816147165,-0.03022398816147165,False,True
REC_004587,USR_0230,2026-05-01,1,False,0.05300459311380856,-0.05300459311380856,False,True
REC_004662,USR_0234,2026-05-01,1,False,0.08155464646568406,-0.08155464646568406,False,True
REC_004812,USR_0241,2026-05-01,1,False,0.055474566609282905,-0.055474566609282905,False,True
REC_004876,USR_0244,2026-05-01,1,False,0.08332182965188922,-0.08332182965188922,False,True
REC_004893,USR_0245,2026-05-01,1,False,0.05562981176732906,-0.05562981176732906,False,True
REC_000007,USR_0001,2026-05-02,1,False,0.07607236360376146,-0.07607236360376146,False,True
REC_000154,USR_0008,2026-05-02,1,False,0.05959982426314614,-0.05959982426314614,False,True
REC_000194,USR_0010,2026-05-02,1,False,0.020264669665390533,-0.020264669665390533,False,True
REC_000273,USR_0014,2026-05-02,1,False,0.06290880206840033,-0.06290880206840033,False,True
REC_000411,USR_0021,2026-05-02,1,False,0.04475108673127626,-0.04475108673127626,True,False
REC_000517,USR_0026,2026-05-02,1,False,0.05606789444351412,-0.05606789444351412,False,True
REC_000607,USR_0030,2026-05-02,1,False,0.04230682536965641,-0.04230682536965641,False,True
REC_000625,USR_0031,2026-05-02,1,False,0.08553294778097847,-0.08553294778097847,False,True
REC_000659,USR_0033,2026-05-02,1,False,0.023905487584908236,-0.023905487584908236,False,True
REC_000749,USR_0039,2026-05-02,1,False,0.05817956828634302,-0.05817956828634302,False,True
REC_000877,USR_0045,2026-05-02,1,False,0.056244895764218594,-0.056244895764218594,False,True
REC_000970,USR_0050,2026-05-02,1,False,0.025944589761267123,-0.025944589761267123,False,True
REC_001054,USR_0054,2026-05-02,1,False,0.018907506676367314,-0.018907506676367314,False,True
REC_001157,USR_0059,2026-05-02,1,False,0.0770267217759606,-0.0770267217759606,False,True
REC_001176,USR_0060,2026-05-02,1,False,0.03777495671991604,-0.03777495671991604,False,True
REC_001232,USR_0063,2026-05-02,1,False,0.026330978072813982,-0.026330978072813982,False,True
REC_001288,USR_0066,2026-05-02,1,False,0.03866881618781154,-0.03866881618781154,False,True
REC_001328,USR_0068,2026-05-02,1,False,0.022858381417530382,-0.022858381417530382,False,True
REC_001356,USR_0069,2026-05-02,1,False,0.06720151004031533,-0.06720151004031533,False,True
REC_001439,USR_0073,2026-05-02,1,False,0.03677636943304374,-0.03677636943304374,False,True
REC_001563,USR_0079,2026-05-02,1,False,0.06884191845843002,-0.06884191845843002,False,True
REC_001642,USR_0083,2026-05-02,1,False,0.05233249823587588,-0.05233249823587588,False,True
REC_001765,USR_0089,2026-05-02,1,False,0.04932836572099725,-0.04932836572099725,False,True
REC_001825,USR_0092,2026-05-02,1,False,0.09734964836298782,-0.09734964836298782,False,True
REC_002028,USR_0102,2026-05-02,1,False,0.06585070445458951,-0.06585070445458951,False,True
REC_002058,USR_0104,2026-05-02,1,False,0.04477021595799069,-0.04477021595799069,False,True
REC_002302,USR_0116,2026-05-02,1,False,0.03831547367684274,-0.03831547367684274,False,True
REC_002329,USR_0117,2026-05-02,1,False,0.023090855499272922,-0.023090855499272922,False,True
REC_002351,USR_0118,2026-05-02,1,False,0.0820163056582211,-0.0820163056582211,False,True
REC_002464,USR_0124,2026-05-02,1,False,0.04383750203226644,-0.04383750203226644,False,True
REC_002480,USR_0125,2026-05-02,1,False,0.03985434749263539,-0.03985434749263539,False,True
REC_002522,USR_0127,2026-05-02,1,False,0.0783190944920869,-0.0783190944920869,False,True
REC_002624,USR_0132,2026-05-02,1,False,0.08526600837903475,-0.08526600837903475,False,True
REC_002742,USR_0138,2026-05-02,1,False,0.029740874987813748,-0.029740874987813748,False,True
REC_002930,USR_0147,2026-05-02,1,False,0.057818582550419995,-0.057818582550419995,False,True
REC_002976,USR_0149,2026-05-02,1,False,0.043311927931823035,-0.043311927931823035,False,True
REC_003007,USR_0151,2026-05-02,1,False,0.03476619018546834,-0.03476619018546834,False,True
REC_003220,USR_0162,2026-05-02,1,False,0.03908059049282231,-0.03908059049282231,False,True
REC_003357,USR_0169,2026-05-02,1,False,0.0656288127294028,-0.0656288127294028,False,True
REC_003492,USR_0176,2026-05-02,1,False,0.020051952704233655,-0.020051952704233655,False,True
REC_003515,USR_0177,2026-05-02,1,False,0.07500070177644919,-0.07500070177644919,False,True
REC_003538,USR_0178,2026-05-02,1,False,0.0219476459345751,-0.0219476459345751,False,True
REC_003753,USR_0189,2026-05-02,-1,True,-0.014889690197265493,0.014889690197265493,False,False
REC_003860,USR_0194,2026-05-02,1,False,0.06439618226092814,-0.06439618226092814,False,True
REC_003979,USR_0200,2026-05-02,1,False,0.08439633807498026,-0.08439633807498026,False,True
REC_004092,USR_0206,2026-05-02,1,False,0.03310516059591656,-0.03310516059591656,False,True
REC_004246,USR_0213,2026-05-02,1,False,0.06576978398843464,-0.06576978398843464,False,True
REC_004340,USR_0217,2026-05-02,1,False,0.05915773729294388,-0.05915773729294388,False,True
REC_004550,USR_0228,2026-05-02,1,False,0.024433145007450696,-0.024433145007450696,False,True
REC_004588,USR_0230,2026-05-02,1,False,0.018294608504070498,-0.018294608504070498,False,True
REC_004703,USR_0236,2026-05-02,1,False,0.0641773292278241,-0.0641773292278241,False,True
REC_004743,USR_0238,2026-05-02,1,False,0.08044641300838917,-0.08044641300838917,False,True
REC_004974,USR_0249,2026-05-02,1,False,0.01362131329000782,-0.01362131329000782,False,True
REC_000029,USR_0002,2026-05-03,1,False,0.0464995464634253,-0.0464995464634253,False,True
REC_000072,USR_0004,2026-05-03,1,False,0.07632564623507071,-0.07632564623507071,False,True
REC_000087,USR_0005,2026-05-03,-1,True,-0.014211880246415731,0.014211880246415731,False,False
REC_000155,USR_0008,2026-05-03,1,False,0.05495509820229655,-0.05495509820229655,False,True
REC_000230,USR_0012,2026-05-03,1,False,0.04790952546244376,-0.04790952546244376,False,True
REC_000274,USR_0014,2026-05-03,1,False,0.0435177636370942,-0.0435177636370942,False,True
REC_000360,USR_0018,2026-05-03,1,False,0.010512468189327606,-0.010512468189327606,False,True
REC_000435,USR_0022,2026-05-03,1,False,0.03786708794843069,-0.03786708794843069,False,True
REC_000608,USR_0030,2026-05-03,1,False,0.0563301333278734,-0.0563301333278734,False,True
REC_000878,USR_0045,2026-05-03,1,False,0.059802329314074865,-0.059802329314074865,False,True
REC_000927,USR_0048,2026-05-03,1,False,0.033996021551167654,-0.033996021551167654,False,True
REC_001035,USR_0053,2026-05-03,1,False,0.05459539041251249,-0.05459539041251249,False,True
REC_001055,USR_0054,2026-05-03,1,False,0.015804341240849062,-0.015804341240849062,False,True
REC_001077,USR_0055,2026-05-03,1,False,0.08702138136359688,-0.08702138136359688,False,True
REC_001117,USR_0057,2026-05-03,1,False,0.06364140819219027,-0.06364140819219027,False,True
REC_001135,USR_0058,2026-05-03,1,False,0.05931975531435563,-0.05931975531435563,False,True
REC_001271,USR_0065,2026-05-03,1,False,0.04299087205623375,-0.04299087205623375,False,True
REC_001376,USR_0070,2026-05-03,1,False,0.036507999113476075,-0.036507999113476075,False,True
REC_001542,USR_0078,2026-05-03,1,False,0.062184513370574346,-0.062184513370574346,False,True
REC_001564,USR_0079,2026-05-03,1,False,0.09911487001375635,-0.09911487001375635,False,True
REC_001684,USR_0085,2026-05-03,1,False,0.030480797349267008,-0.030480797349267008,False,True
REC_001702,USR_0086,2026-05-03,1,False,0.00806407859391034,-0.00806407859391034,False,True
REC_001785,USR_0090,2026-05-03,1,False,0.06437570409953675,-0.06437570409953675,False,True
REC_002000,USR_0101,2026-05-03,1,False,0.06306798772426447,-0.06306798772426447,False,True
REC_002088,USR_0105,2026-05-03,1,False,0.08272470728308517,-0.08272470728308517,False,True
REC_002223,USR_0112,2026-05-03,1,False,0.09484326843116797,-0.09484326843116797,False,True
REC_002465,USR_0124,2026-05-03,1,False,0.03587668452345316,-0.03587668452345316,False,True
REC_002503,USR_0126,2026-05-03,1,False,0.05177168420414924,-0.05177168420414924,False,True
REC_002607,USR_0131,2026-05-03,1,False,0.06682750425409895,-0.06682750425409895,False,True
REC_002743,USR_0138,2026-05-03,1,False,0.04529015577800832,-0.04529015577800832,False,True
REC_002826,USR_0142,2026-05-03,1,False,0.09812360029768769,-0.09812360029768769,False,True
REC_002844,USR_0143,2026-05-03,1,False,0.050666002167372604,-0.050666002167372604,True,False
REC_002910,USR_0146,2026-05-03,1,False,0.055013240841232214,-0.055013240841232214,False,True
REC_003008,USR_0151,2026-05-03,1,False,0.06012177508807398,-0.06012177508807398,False,True
REC_003031,USR_0152,2026-05-03,1,False,0.05950990933619282,-0.05950990933619282,False,True
REC_003075,USR_0154,2026-05-03,1,False,0.05400311659268303,-0.05400311659268303,False,True
REC_003358,USR_0169,2026-05-03,1,False,0.040620515471926244,-0.040620515471926244,False,True
REC_003451,USR_0174,2026-05-03,1,False,0.0656295982215242,-0.0656295982215242,False,True
REC_003597,USR_0181,2026-05-03,1,False,0.023830508407028328,-0.023830508407028328,False,True
REC_003690,USR_0186,2026-05-03,1,False,0.019143230847290194,-0.019143230847290194,False,True
REC_003914,USR_0197,2026-05-03,1,False,0.018341303015890986,-0.018341303015890986,False,True
REC_003935,USR_0198,2026-05-03,1,False,0.061438842010191674,-0.061438842010191674,False,True
REC_004202,USR_0211,2026-05-03,1,False,0.051448623262556614,-0.051448623262556614,False,True
REC_004341,USR_0217,2026-05-03,1,False,0.049390158789040184,-0.049390158789040184,False,True
REC_004411,USR_0221,2026-05-03,1,False,0.01775470126408818,-0.01775470126408818,False,True
REC_004434,USR_0222,2026-05-03,1,False,0.05946948151504622,-0.05946948151504622,False,True
REC_004455,USR_0223,2026-05-03,1,False,0.09519163342937492,-0.09519163342937492,False,True
REC_004551,USR_0228,2026-05-03,1,False,0.07468759293321764,-0.07468759293321764,False,True
REC_004704,USR_0236,2026-05-03,1,False,0.06658167188337583,-0.06658167188337583,False,True
REC_004936,USR_0247,2026-05-03,1,False,0.0039255572674297134,-0.0039255572674297134,False,True
REC_004957,USR_0248,2026-05-03,1,False,0.08173059043478081,-0.08173059043478081,False,True
REC_000008,USR_0001,2026-05-04,1,False,0.08919345909625193,-0.08919345909625193,False,True
REC_000107,USR_0006,2026-05-04,1,False,0.034841333507210026,-0.034841333507210026,False,True
REC_000256,USR_0013,2026-05-04,1,False,0.055708658396435295,-0.055708658396435295,True,False
REC_000275,USR_0014,2026-05-04,1,False,0.06272063909566061,-0.06272063909566061,False,True
REC_000436,USR_0022,2026-05-04,1,False,0.00800423259611549,-0.00800423259611549,False,True
REC_000506,USR_0025,2026-05-04,1,False,0.06140778515812634,-0.06140778515812634,False,True
REC_000703,USR_0036,2026-05-04,1,False,0.07194636885390543,-0.07194636885390543,False,True
REC_000858,USR_0044,2026-05-04,1,False,0.07953489762280924,-0.07953489762280924,False,True
REC_000913,USR_0047,2026-05-04,1,False,0.032046419663394665,-0.032046419663394665,False,True
REC_000971,USR_0050,2026-05-04,1,False,0.05189708424458811,-0.05189708424458811,False,True
REC_001036,USR_0053,2026-05-04,1,False,0.06956963941374217,-0.06956963941374217,False,True
REC_001056,USR_0054,2026-05-04,1,False,0.047913079044946294,-0.047913079044946294,False,True
REC_001078,USR_0055,2026-05-04,1,False,0.05833407077319219,-0.05833407077319219,False,True
REC_001197,USR_0061,2026-05-04,1,False,0.0863349082515551,-0.0863349082515551,False,True
REC_001289,USR_0066,2026-05-04,1,False,0.0577275003417001,-0.0577275003417001,False,True
REC_001307,USR_0067,2026-05-04,1,False,0.007200920005162592,-0.007200920005162592,False,True
REC_001329,USR_0068,2026-05-04,1,False,0.06437570601341447,-0.06437570601341447,False,True
REC_001377,USR_0070,2026-05-04,1,False,0.07307537360147215,-0.07307537360147215,False,True
REC_001454,USR_0074,2026-05-04,1,False,0.09919785154577021,-0.09919785154577021,False,True
REC_001618,USR_0082,2026-05-04,1,False,0.0014860807370498108,-0.0014860807370498108,False,True
REC_001643,USR_0083,2026-05-04,1,False,0.06394619561443249,-0.06394619561443249,False,True
REC_001724,USR_0087,2026-05-04,1,False,0.021452729559772732,-0.021452729559772732,False,True
REC_001838,USR_0093,2026-05-04,1,False,0.03265616637423646,-0.03265616637423646,False,True
REC_001979,USR_0100,2026-05-04,1,False,0.045255847863718945,-0.045255847863718945,False,True
REC_002001,USR_0101,2026-05-04,1,False,0.04023151705354677,-0.04023151705354677,False,True
REC_002303,USR_0116,2026-05-04,1,False,0.08178610631479616,-0.08178610631479616,False,True
REC_002371,USR_0119,2026-05-04,1,False,0.07184839543397797,-0.07184839543397797,False,True
REC_002451,USR_0123,2026-05-04,1,False,0.0776912137594607,-0.0776912137594607,False,True
REC_002466,USR_0124,2026-05-04,1,False,0.05484017969957822,-0.05484017969957822,False,True
REC_002504,USR_0126,2026-05-04,1,False,0.0800482622507615,-0.0800482622507615,False,True
REC_002570,USR_0129,2026-05-04,1,False,0.0669020447160889,-0.0669020447160889,False,True
REC_002625,USR_0132,2026-05-04,1,False,0.0872793769368524,-0.0872793769368524,False,True
REC_002670,USR_0134,2026-05-04,1,False,0.06216849370741456,-0.06216849370741456,False,True
REC_002762,USR_0139,2026-05-04,1,False,0.06125889786154881,-0.06125889786154881,False,True
REC_002845,USR_0143,2026-05-04,1,False,0.04450627323560863,-0.04450627323560863,False,True
REC_002955,USR_0148,2026-05-04,1,False,0.005152838971699714,-0.005152838971699714,False,True
REC_003059,USR_0153,2026-05-04,1,False,0.08550449577154762,-0.08550449577154762,False,True
REC_003086,USR_0155,2026-05-04,1,False,0.016129945091323705,-0.016129945091323705,False,True
REC_003159,USR_0159,2026-05-04,1,False,0.048193850493010504,-0.048193850493010504,False,True
REC_003340,USR_0168,2026-05-04,1,False,0.01908382775915296,-0.01908382775915296,False,True
REC_003389,USR_0171,2026-05-04,1,False,0.004682218395922977,-0.004682218395922977,True,False
REC_003561,USR_0179,2026-05-04,1,False,0.04949470785331267,-0.04949470785331267,False,True
REC_003598,USR_0181,2026-05-04,1,False,0.017417320230274203,-0.017417320230274203,False,True
REC_003657,USR_0184,2026-05-04,1,False,0.02920278125139958,-0.02920278125139958,False,True
REC_003773,USR_0190,2026-05-04,1,False,0.061728373075059406,-0.061728373075059406,False,True
REC_003895,USR_0196,2026-05-04,1,False,0.015913043163684137,-0.015913043163684137,False,True
REC_004054,USR_0204,2026-05-04,1,False,0.022929427481695852,-0.022929427481695852,False,True
REC_004222,USR_0212,2026-05-04,1,False,0.013150690653981778,-0.013150690653981778,False,True
REC_004295,USR_0215,2026-05-04,1,False,0.056943173771362154,-0.056943173771362154,False,True
REC_004435,USR_0222,2026-05-04,1,False,0.08774231690800227,-0.08774231690800227,False,True
REC_004515,USR_0226,2026-05-04,-1,True,-0.007527922417355004,0.007527922417355004,True,True
REC_004589,USR_0230,2026-05-04,1,False,0.010399930631245113,-0.010399930631245113,False,True
REC_004894,USR_0245,2026-05-04,1,False,0.050901390576856,-0.050901390576856,False,True
REC_004990,USR_0250,2026-05-04,1,False,0.03708198651435085,-0.03708198651435085,False,True
REC_000073,USR_0004,2026-05-05,1,False,0.06196066460272398,-0.06196066460272398,False,True
REC_000156,USR_0008,2026-05-05,1,False,0.055374420643442335,-0.055374420643442335,False,True
REC_000175,USR_0009,2026-05-05,1,False,0.0645241782536986,-0.0645241782536986,False,True
REC_000361,USR_0018,2026-05-05,-1,True,-0.010173121926400741,0.010173121926400741,False,False
REC_000437,USR_0022,2026-05-05,1,False,0.02191636196715896,-0.02191636196715896,False,True
REC_000518,USR_0026,2026-05-05,1,False,0.07354361013966165,-0.07354361013966165,False,True
REC_000541,USR_0027,2026-05-05,1,False,0.09025728337485472,-0.09025728337485472,False,True
REC_000565,USR_0028,2026-05-05,1,False,0.043265841800360916,-0.043265841800360916,True,False
REC_000587,USR_0029,2026-05-05,1,False,0.03388266100016274,-0.03388266100016274,False,True
REC_000795,USR_0041,2026-05-05,1,False,0.0746494837413254,-0.0746494837413254,False,True
REC_000830,USR_0043,2026-05-05,1,False,0.02914732955372551,-0.02914732955372551,False,True
REC_000928,USR_0048,2026-05-05,1,False,0.03518836159627625,-0.03518836159627625,False,True
REC_000972,USR_0050,2026-05-05,1,False,0.0389980746603375,-0.0389980746603375,False,True
REC_001057,USR_0054,2026-05-05,1,False,0.04933191707107443,-0.04933191707107443,False,True
REC_001158,USR_0059,2026-05-05,1,False,0.09047029878423024,-0.09047029878423024,False,True
REC_001177,USR_0060,2026-05-05,1,False,0.06366734113718348,-0.06366734113718348,False,True
REC_001219,USR_0062,2026-05-05,-1,True,-0.0031787540320824537,0.0031787540320824537,False,False
REC_001516,USR_0077,2026-05-05,1,False,0.06409350177833306,-0.06409350177833306,False,True
REC_001619,USR_0082,2026-05-05,1,False,0.04190347424801405,-0.04190347424801405,False,True
REC_001644,USR_0083,2026-05-05,1,False,0.043966831161800723,-0.043966831161800723,False,True
REC_001725,USR_0087,2026-05-05,1,False,0.050029461296305644,-0.050029461296305644,False,True
REC_001786,USR_0090,2026-05-05,1,False,0.07329408149245825,-0.07329408149245825,False,True
REC_001909,USR_0097,2026-05-05,1,False,0.0756702001762038,-0.0756702001762038,False,True
REC_001960,USR_0099,2026-05-05,1,False,0.024113096715988824,-0.024113096715988824,False,True
REC_002149,USR_0108,2026-05-05,1,False,0.02930595968755839,-0.02930595968755839,False,True
REC_002330,USR_0117,2026-05-05,1,False,0.022185727302254543,-0.022185727302254543,False,True
REC_002352,USR_0118,2026-05-05,1,False,0.08598706538533035,-0.08598706538533035,False,True
REC_002436,USR_0122,2026-05-05,1,False,0.0475081169789775,-0.0475081169789775,False,True
REC_002744,USR_0138,2026-05-05,1,False,0.03795423900687894,-0.03795423900687894,False,True
REC_002802,USR_0141,2026-05-05,1,False,0.04986393323249272,-0.04986393323249272,False,True
REC_003141,USR_0158,2026-05-05,1,False,0.05808441971119954,-0.05808441971119954,False,True
REC_003160,USR_0159,2026-05-05,1,False,0.0646425270158088,-0.0646425270158088,False,True
REC_003221,USR_0162,2026-05-05,1,False,0.057761343473628435,-0.057761343473628435,False,True
REC_003279,USR_0165,2026-05-05,1,False,0.0706670644777741,-0.0706670644777741,False,True
REC_003452,USR_0174,2026-05-05,1,False,0.08981586213768156,-0.08981586213768156,False,True
REC_003516,USR_0177,2026-05-05,1,False,0.08258365118791638,-0.08258365118791638,False,True
REC_003562,USR_0179,2026-05-05,1,False,0.042311365930862044,-0.042311365930862044,False,True
REC_003599,USR_0181,2026-05-05,1,False,0.01891087818668158,-0.01891087818668158,False,True
REC_003960,USR_0199,2026-05-05,1,False,0.06394725733354883,-0.06394725733354883,False,True
REC_004007,USR_0201,2026-05-05,1,False,0.051990119349345,-0.051990119349345,False,True
REC_004040,USR_0203,2026-05-05,1,False,0.02121753040486596,-0.02121753040486596,False,True
REC_004055,USR_0204,2026-05-05,1,False,0.05177032507971324,-0.05177032507971324,False,True
REC_004119,USR_0207,2026-05-05,1,False,0.06993348376665931,-0.06993348376665931,False,True
REC_004161,USR_0209,2026-05-05,1,False,0.026487270010859765,-0.026487270010859765,False,True
REC_004203,USR_0211,2026-05-05,1,False,0.03715636840903397,-0.03715636840903397,False,True
REC_004247,USR_0213,2026-05-05,1,False,0.06679955077619903,-0.06679955077619903,False,True
REC_004377,USR_0219,2026-05-05,1,False,0.056767726817094966,-0.056767726817094966,False,True
REC_004394,USR_0220,2026-05-05,1,False,0.00034225360448736364,-0.00034225360448736364,False,True
REC_004493,USR_0225,2026-05-05,1,False,0.050581454066357445,-0.050581454066357445,False,True
REC_004552,USR_0228,2026-05-05,1,False,0.056091767700037654,-0.056091767700037654,False,True
REC_004568,USR_0229,2026-05-05,1,False,0.06670439765569869,-0.06670439765569869,False,True
REC_004608,USR_0231,2026-05-05,1,False,0.03831123136347969,-0.03831123136347969,False,True
REC_004833,USR_0242,2026-05-05,1,False,0.05330728327129003,-0.05330728327129003,False,True
REC_004937,USR_0247,2026-05-05,1,False,0.0047973536275340845,-0.0047973536275340845,False,True
REC_000009,USR_0001,2026-05-06,1,False,0.07475659957811098,-0.07475659957811098,False,True
REC_000053,USR_0003,2026-05-06,1,False,0.034222106872705826,-0.034222106872705826,False,True
REC_000108,USR_0006,2026-05-06,1,False,0.04518264167574909,-0.04518264167574909,False,True
REC_000217,USR_0011,2026-05-06,1,False,0.02005266427103758,-0.02005266427103758,False,True
REC_000231,USR_0012,2026-05-06,1,False,0.055275176411492266,-0.055275176411492266,False,True
REC_000376,USR_0019,2026-05-06,1,False,0.08415548042349436,-0.08415548042349436,False,True
REC_000393,USR_0020,2026-05-06,1,False,0.08624698094704486,-0.08624698094704486,False,True
REC_000412,USR_0021,2026-05-06,1,False,0.06894709584672903,-0.06894709584672903,False,True
REC_000438,USR_0022,2026-05-06,1,False,0.02563037170760213,-0.02563037170760213,False,True
REC_000519,USR_0026,2026-05-06,1,False,0.058557520493904336,-0.058557520493904336,False,True
REC_000626,USR_0031,2026-05-06,1,False,0.040485458025814935,-0.040485458025814935,False,True
REC_000730,USR_0038,2026-05-06,1,False,0.0710525950416323,-0.0710525950416323,False,True
REC_000893,USR_0046,2026-05-06,1,False,0.024810759943917793,-0.024810759943917793,False,True
REC_001015,USR_0052,2026-05-06,1,False,0.08277937212715941,-0.08277937212715941,False,True
REC_001079,USR_0055,2026-05-06,1,False,0.04343158836684874,-0.04343158836684874,False,True
REC_001093,USR_0056,2026-05-06,1,False,0.062363845628917225,-0.062363845628917225,False,True
REC_001118,USR_0057,2026-05-06,1,False,0.058092920974116447,-0.058092920974116447,False,True
REC_001198,USR_0061,2026-05-06,1,False,0.06334410056509576,-0.06334410056509576,False,True
REC_001250,USR_0064,2026-05-06,1,False,0.004523999808607293,-0.004523999808607293,False,True
REC_001272,USR_0065,2026-05-06,1,False,0.054215341545849616,-0.054215341545849616,False,True
REC_001330,USR_0068,2026-05-06,1,False,0.07616822126430334,-0.07616822126430334,False,True
REC_001357,USR_0069,2026-05-06,1,False,0.061598448465603695,-0.061598448465603695,False,True
REC_001399,USR_0071,2026-05-06,1,False,0.0494234641727771,-0.0494234641727771,False,True
REC_001455,USR_0074,2026-05-06,1,False,0.09245962202105035,-0.09245962202105035,False,True
REC_001501,USR_0076,2026-05-06,1,False,0.0670568637905507,-0.0670568637905507,False,True
REC_001581,USR_0080,2026-05-06,1,False,0.05716634692338757,-0.05716634692338757,False,True
REC_001703,USR_0086,2026-05-06,1,False,0.01575218078012397,-0.01575218078012397,False,True
REC_001726,USR_0087,2026-05-06,1,False,0.06540385644122326,-0.06540385644122326,False,True
REC_001839,USR_0093,2026-05-06,1,False,0.053246603088147215,-0.053246603088147215,False,True
REC_001961,USR_0099,2026-05-06,1,False,0.07536239081661528,-0.07536239081661528,False,True
REC_001980,USR_0100,2026-05-06,-1,True,-0.010567570603818854,0.010567570603818854,False,False
REC_002002,USR_0101,2026-05-06,1,False,0.04085087485501154,-0.04085087485501154,False,True
REC_002029,USR_0102,2026-05-06,1,False,0.07325714732682026,-0.07325714732682026,False,True
REC_002089,USR_0105,2026-05-06,1,False,0.030721465252422975,-0.030721465252422975,False,True
REC_002150,USR_0108,2026-05-06,1,False,0.02325150169220963,-0.02325150169220963,False,True
REC_002304,USR_0116,2026-05-06,1,False,0.07776302696896159,-0.07776302696896159,False,True
REC_002372,USR_0119,2026-05-06,1,False,0.07418879902277364,-0.07418879902277364,False,True
REC_002415,USR_0121,2026-05-06,1,False,0.05735863406437591,-0.05735863406437591,False,True
REC_002452,USR_0123,2026-05-06,1,False,0.03933760285521526,-0.03933760285521526,False,True
REC_002467,USR_0124,2026-05-06,1,False,0.01858432000697874,-0.01858432000697874,False,True
REC_002505,USR_0126,2026-05-06,1,False,0.05172658804088648,-0.05172658804088648,False,True
REC_002523,USR_0127,2026-05-06,1,False,0.06943424302357615,-0.06943424302357615,False,True
REC_002548,USR_0128,2026-05-06,1,False,0.06242865048621726,-0.06242865048621726,False,True
REC_002763,USR_0139,2026-05-06,1,False,0.07649408883818198,-0.07649408883818198,False,True
REC_002803,USR_0141,2026-05-06,1,False,0.026609802169431873,-0.026609802169431873,False,True
REC_002871,USR_0144,2026-05-06,1,False,0.0559617766004486,-0.0559617766004486,False,True
REC_002888,USR_0145,2026-05-06,1,False,0.06431797533125472,-0.06431797533125472,False,True
REC_002931,USR_0147,2026-05-06,1,False,0.0632008755025466,-0.0632008755025466,False,True
REC_002977,USR_0149,2026-05-06,1,False,0.04370745336897808,-0.04370745336897808,False,True
REC_002994,USR_0150,2026-05-06,1,False,0.040007643016768124,-0.040007643016768124,False,True
REC_003009,USR_0151,2026-05-06,1,False,0.06460229882415719,-0.06460229882415719,False,True
REC_003032,USR_0152,2026-05-06,1,False,0.061664089733389216,-0.061664089733389216,False,True
REC_003087,USR_0155,2026-05-06,1,False,0.03601278383201867,-0.03601278383201867,False,True
REC_003243,USR_0163,2026-05-06,1,False,0.03830555174866496,-0.03830555174866496,False,True
REC_003390,USR_0171,2026-05-06,1,False,0.05246761187358484,-0.05246761187358484,False,True
REC_003563,USR_0179,2026-05-06,1,False,0.032023209438819034,-0.032023209438819034,False,True
REC_003671,USR_0185,2026-05-06,1,False,0.007742643375989067,-0.007742643375989067,False,True
REC_003818,USR_0192,2026-05-06,1,False,0.04089644957334487,-0.04089644957334487,False,True
REC_003936,USR_0198,2026-05-06,1,False,0.049906280568036754,-0.049906280568036754,False,True
REC_004041,USR_0203,2026-05-06,1,False,0.006843138917184133,-0.006843138917184133,False,True
REC_004120,USR_0207,2026-05-06,1,False,0.07766371834649771,-0.07766371834649771,False,True
REC_004140,USR_0208,2026-05-06,1,False,0.05381386347639999,-0.05381386347639999,False,True
REC_004162,USR_0209,2026-05-06,1,False,0.08276810847980537,-0.08276810847980537,False,True
REC_004186,USR_0210,2026-05-06,1,False,0.05061331718600992,-0.05061331718600992,False,True
REC_004248,USR_0213,2026-05-06,1,False,0.06814800819633104,-0.06814800819633104,False,True
REC_004273,USR_0214,2026-05-06,1,False,0.05099110593497036,-0.05099110593497036,False,True
REC_004744,USR_0238,2026-05-06,1,False,0.07731778065772871,-0.07731778065772871,False,True
REC_004768,USR_0239,2026-05-06,1,False,0.040593380296188586,-0.040593380296188586,False,True
REC_004975,USR_0249,2026-05-06,1,False,0.03293981445652516,-0.03293981445652516,False,True
REC_000054,USR_0003,2026-05-07,1,False,0.037882110495609356,-0.037882110495609356,False,True
REC_000157,USR_0008,2026-05-07,1,False,0.04173494973064512,-0.04173494973064512,False,True
REC_000362,USR_0018,2026-05-07,1,False,0.048704492833363755,-0.048704492833363755,False,True
REC_000413,USR_0021,2026-05-07,1,False,0.061598066980349364,-0.061598066980349364,False,True
REC_000439,USR_0022,2026-05-07,1,False,0.045547400728066956,-0.045547400728066956,False,True
REC_000481,USR_0024,2026-05-07,1,False,0.058763363545304814,-0.058763363545304814,False,True
REC_000520,USR_0026,2026-05-07,1,False,0.04158043235298153,-0.04158043235298153,False,True
REC_000609,USR_0030,2026-05-07,1,False,0.013509827492151238,-0.013509827492151238,False,True
REC_000627,USR_0031,2026-05-07,1,False,0.08340001021931631,-0.08340001021931631,False,True
REC_000807,USR_0042,2026-05-07,1,False,0.0652860051844873,-0.0652860051844873,False,True
REC_000994,USR_0051,2026-05-07,1,False,0.05873845645506953,-0.05873845645506953,False,True
REC_001016,USR_0052,2026-05-07,1,False,0.033011372700009645,-0.033011372700009645,False,True
REC_001178,USR_0060,2026-05-07,1,False,0.06894929997717825,-0.06894929997717825,False,True
REC_001199,USR_0061,2026-05-07,1,False,0.05991177072121029,-0.05991177072121029,False,True
REC_001331,USR_0068,2026-05-07,1,False,0.09551496148415595,-0.09551496148415595,False,True
REC_001645,USR_0083,2026-05-07,1,False,0.07092423219753774,-0.07092423219753774,False,True
REC_001665,USR_0084,2026-05-07,1,False,0.047552511765400984,-0.047552511765400984,False,True
REC_001840,USR_0093,2026-05-07,1,False,0.0824392042822153,-0.0824392042822153,False,True
REC_001935,USR_0098,2026-05-07,1,False,0.05772768989594251,-0.05772768989594251,False,True
REC_001981,USR_0100,2026-05-07,1,False,0.021762725200049404,-0.021762725200049404,False,True
REC_002003,USR_0101,2026-05-07,1,False,0.006732762211275389,-0.006732762211275389,False,True
REC_002090,USR_0105,2026-05-07,1,False,0.05994188178892518,-0.05994188178892518,False,True
REC_002108,USR_0106,2026-05-07,1,False,0.061537941086602654,-0.061537941086602654,False,True
REC_002207,USR_0111,2026-05-07,1,False,0.10034729997349301,-0.10034729997349301,False,True
REC_002587,USR_0130,2026-05-07,1,False,0.0020038504300075033,-0.0020038504300075033,False,True
REC_002608,USR_0131,2026-05-07,1,False,0.03081046290437034,-0.03081046290437034,False,True
REC_002724,USR_0137,2026-05-07,1,False,0.042819100884903094,-0.042819100884903094,False,True
REC_002827,USR_0142,2026-05-07,1,False,0.08942540046421005,-0.08942540046421005,False,True
REC_002911,USR_0146,2026-05-07,1,False,0.06993035421157717,-0.06993035421157717,False,True
REC_003010,USR_0151,2026-05-07,1,False,0.08988189579565692,-0.08988189579565692,False,True
REC_003124,USR_0157,2026-05-07,1,False,0.011025038929738606,-0.011025038929738606,False,True
REC_003187,USR_0160,2026-05-07,1,False,0.06554184702050786,-0.06554184702050786,False,True
REC_003244,USR_0163,2026-05-07,1,False,0.03233393691249564,-0.03233393691249564,False,True
REC_003263,USR_0164,2026-05-07,1,False,0.08455158342880398,-0.08455158342880398,False,True
REC_003320,USR_0167,2026-05-07,1,False,0.039374001436392025,-0.039374001436392025,False,True
REC_003453,USR_0174,2026-05-07,1,False,0.06774078502834857,-0.06774078502834857,False,True
REC_003474,USR_0175,2026-05-07,1,False,0.058704467013474815,-0.058704467013474815,False,True
REC_003493,USR_0176,2026-05-07,1,False,0.02358418631298398,-0.02358418631298398,False,True
REC_003539,USR_0178,2026-05-07,1,False,0.05245588429147241,-0.05245588429147241,False,True
REC_003636,USR_0183,2026-05-07,1,False,0.022475665074648266,-0.022475665074648266,False,True
REC_003672,USR_0185,2026-05-07,1,False,0.043086873272398685,-0.043086873272398685,False,True
REC_004056,USR_0204,2026-05-07,1,False,0.032637275086702555,-0.032637275086702555,False,True
REC_004141,USR_0208,2026-05-07,1,False,0.04450397454752186,-0.04450397454752186,False,True
REC_004494,USR_0225,2026-05-07,1,False,0.0882164222502001,-0.0882164222502001,False,True
REC_004609,USR_0231,2026-05-07,1,False,0.024646059848838164,-0.024646059848838164,False,True
REC_004663,USR_0234,2026-05-07,1,False,0.05776511713625693,-0.05776511713625693,False,True
REC_004705,USR_0236,2026-05-07,1,False,0.0639484917383123,-0.0639484917383123,False,True
REC_004834,USR_0242,2026-05-07,1,False,0.05742972505711447,-0.05742972505711447,False,True
REC_004877,USR_0244,2026-05-07,1,False,0.09717155149584672,-0.09717155149584672,False,True
REC_004895,USR_0245,2026-05-07,1,False,0.03141641697856601,-0.03141641697856601,True,False
REC_000010,USR_0001,2026-05-08,1,False,0.08815060730991703,-0.08815060730991703,False,True
REC_000195,USR_0010,2026-05-08,1,False,0.06251241236828614,-0.06251241236828614,False,True
REC_000294,USR_0015,2026-05-08,1,False,0.051711703821657906,-0.051711703821657906,False,True
REC_000338,USR_0017,2026-05-08,1,False,0.07740657724659872,-0.07740657724659872,False,True
REC_000394,USR_0020,2026-05-08,1,False,0.07516301131327802,-0.07516301131327802,False,True
REC_000414,USR_0021,2026-05-08,1,False,0.060304885931661445,-0.060304885931661445,False,True
REC_000482,USR_0024,2026-05-08,1,False,0.023343596142612666,-0.023343596142612666,False,True
REC_000566,USR_0028,2026-05-08,1,False,0.05340302355222265,-0.05340302355222265,False,True
REC_000628,USR_0031,2026-05-08,1,False,0.0687732086224136,-0.0687732086224136,False,True
REC_000704,USR_0036,2026-05-08,1,False,0.010935560191091098,-0.010935560191091098,False,True
REC_000731,USR_0038,2026-05-08,1,False,0.07834262146542875,-0.07834262146542875,False,True
REC_000750,USR_0039,2026-05-08,1,False,0.07795580117881123,-0.07795580117881123,False,True
REC_000796,USR_0041,2026-05-08,1,False,0.011293228392350252,-0.011293228392350252,False,True
REC_000808,USR_0042,2026-05-08,1,False,0.06778102549609522,-0.06778102549609522,False,True
REC_000894,USR_0046,2026-05-08,-1,True,-0.015410250027920958,0.015410250027920958,False,False
REC_000929,USR_0048,2026-05-08,1,False,0.06740543576189789,-0.06740543576189789,False,True
REC_001017,USR_0052,2026-05-08,1,False,0.06315321904350907,-0.06315321904350907,False,True
REC_001094,USR_0056,2026-05-08,1,False,0.050691481606256084,-0.050691481606256084,False,True
REC_001119,USR_0057,2026-05-08,1,False,0.04827030380097019,-0.04827030380097019,False,True
REC_001200,USR_0061,2026-05-08,1,False,0.06818199539782188,-0.06818199539782188,False,True
REC_001220,USR_0062,2026-05-08,-1,True,-0.003832878182400079,0.003832878182400079,False,False
REC_001251,USR_0064,2026-05-08,1,False,0.03818822318965409,-0.03818822318965409,False,True
REC_001273,USR_0065,2026-05-08,1,False,0.05635103984341572,-0.05635103984341572,False,True
REC_001290,USR_0066,2026-05-08,1,False,0.04963516920825373,-0.04963516920825373,True,False
REC_001332,USR_0068,2026-05-08,1,False,0.04545767412761664,-0.04545767412761664,False,True
REC_001358,USR_0069,2026-05-08,1,False,0.07706025167829539,-0.07706025167829539,False,True
REC_001456,USR_0074,2026-05-08,1,False,0.10381945289419503,-0.10381945289419503,False,True
REC_001543,USR_0078,2026-05-08,1,False,0.06685513906820051,-0.06685513906820051,False,True
REC_001841,USR_0093,2026-05-08,1,False,0.07067026174576063,-0.07067026174576063,False,True
REC_001936,USR_0098,2026-05-08,1,False,0.05679732965674639,-0.05679732965674639,False,True
REC_002059,USR_0104,2026-05-08,1,False,0.023709406970561786,-0.023709406970561786,False,True
REC_002151,USR_0108,2026-05-08,-1,True,-0.012415057103595473,0.012415057103595473,False,False
REC_002170,USR_0109,2026-05-08,-1,True,-0.0035876217954956546,0.0035876217954956546,False,False
REC_002224,USR_0112,2026-05-08,1,False,0.0844597535383011,-0.0844597535383011,False,True
REC_002282,USR_0115,2026-05-08,1,False,0.038822565872692394,-0.038822565872692394,False,True
REC_002305,USR_0116,2026-05-08,1,False,0.04660014218424913,-0.04660014218424913,False,True
REC_002481,USR_0125,2026-05-08,1,False,0.05390068645551632,-0.05390068645551632,True,False
REC_002549,USR_0128,2026-05-08,1,False,0.0797730779188569,-0.0797730779188569,False,True
REC_002571,USR_0129,2026-05-08,1,False,0.07648495798088789,-0.07648495798088789,False,True
REC_002588,USR_0130,2026-05-08,1,False,0.06483228834616206,-0.06483228834616206,False,True
REC_002626,USR_0132,2026-05-08,1,False,0.007344545352541254,-0.007344545352541254,False,True
REC_002671,USR_0134,2026-05-08,1,False,0.058734269817459606,-0.058734269817459606,False,True
REC_002872,USR_0144,2026-05-08,1,False,0.02875601606795769,-0.02875601606795769,False,True
REC_002889,USR_0145,2026-05-08,1,False,0.06884311672489413,-0.06884311672489413,False,True
REC_002932,USR_0147,2026-05-08,1,False,0.057003495631045675,-0.057003495631045675,False,True
REC_003161,USR_0159,2026-05-08,1,False,0.037344583101227125,-0.037344583101227125,False,True
REC_003222,USR_0162,2026-05-08,1,False,0.041126287499909764,-0.041126287499909764,False,True
REC_003245,USR_0163,2026-05-08,1,False,0.05261683875931833,-0.05261683875931833,False,True
REC_003300,USR_0166,2026-05-08,1,False,0.02459194572768636,-0.02459194572768636,False,True
REC_003409,USR_0172,2026-05-08,1,False,0.1048523112903646,-0.1048523112903646,False,True
REC_003428,USR_0173,2026-05-08,1,False,0.03597968379592059,-0.03597968379592059,False,True
REC_003540,USR_0178,2026-05-08,1,False,0.0787677645748579,-0.0787677645748579,False,True
REC_003618,USR_0182,2026-05-08,1,False,0.06375610333930964,-0.06375610333930964,False,True
REC_003637,USR_0183,2026-05-08,1,False,0.0475785012904566,-0.0475785012904566,False,True
REC_003754,USR_0189,2026-05-08,-1,True,-0.02627845658904515,0.02627845658904515,False,False
REC_003861,USR_0194,2026-05-08,1,False,0.0487168210665494,-0.0487168210665494,False,True
REC_003896,USR_0196,2026-05-08,1,False,0.038140886222760184,-0.038140886222760184,False,True
REC_004163,USR_0209,2026-05-08,1,False,0.08703757267564743,-0.08703757267564743,False,True
REC_004274,USR_0214,2026-05-08,1,False,0.03629216331138618,-0.03629216331138618,False,True
REC_004378,USR_0219,2026-05-08,1,False,0.044832225640207,-0.044832225640207,False,True
REC_004478,USR_0224,2026-05-08,1,False,0.08359365254350931,-0.08359365254350931,False,True
REC_004680,USR_0235,2026-05-08,1,False,0.04631579992927759,-0.04631579992927759,False,True
REC_004745,USR_0238,2026-05-08,1,False,0.09773033208825227,-0.09773033208825227,False,True
REC_004854,USR_0243,2026-05-08,1,False,0.023502504147640324,-0.023502504147640324,False,True
REC_004878,USR_0244,2026-05-08,1,False,0.07462741688431679,-0.07462741688431679,False,True
REC_004921,USR_0246,2026-05-08,1,False,0.06065003602473101,-0.06065003602473101,False,True
REC_000395,USR_0020,2026-05-09,1,False,0.09286148326899557,-0.09286148326899557,False,True
REC_000462,USR_0023,2026-05-09,1,False,0.057780297142170756,-0.057780297142170756,False,True
REC_000567,USR_0028,2026-05-09,1,False,0.06687790706133412,-0.06687790706133412,False,True
REC_000646,USR_0032,2026-05-09,1,False,0.025632349899272378,-0.025632349899272378,False,True
REC_000660,USR_0033,2026-05-09,1,False,0.04343970318530388,-0.04343970318530388,False,True
REC_000732,USR_0038,2026-05-09,1,False,0.011459912282333118,-0.011459912282333118,False,True
REC_000831,USR_0043,2026-05-09,1,False,0.032222486115525195,-0.032222486115525195,False,True
REC_000895,USR_0046,2026-05-09,-1,True,-0.005244827090935433,0.005244827090935433,False,False
REC_000948,USR_0049,2026-05-09,1,False,0.07717114745050191,-0.07717114745050191,False,True
REC_000973,USR_0050,2026-05-09,1,False,0.047753419328809,-0.047753419328809,False,True
REC_001058,USR_0054,2026-05-09,1,False,0.05538317989255492,-0.05538317989255492,False,True
REC_001201,USR_0061,2026-05-09,1,False,0.07177086495920398,-0.07177086495920398,False,True
REC_001221,USR_0062,2026-05-09,1,False,0.03141146184577909,-0.03141146184577909,False,True
REC_001233,USR_0063,2026-05-09,1,False,0.050185627097564134,-0.050185627097564134,False,True
REC_001274,USR_0065,2026-05-09,1,False,0.04141193524148129,-0.04141193524148129,False,True
REC_001308,USR_0067,2026-05-09,1,False,0.022894621004757698,-0.022894621004757698,False,True
REC_001727,USR_0087,2026-05-09,1,False,0.06746262877750192,-0.06746262877750192,False,True
REC_001787,USR_0090,2026-05-09,1,False,0.09264199719909699,-0.09264199719909699,False,True
REC_001910,USR_0097,2026-05-09,1,False,0.051770393206376164,-0.051770393206376164,False,True
REC_001982,USR_0100,2026-05-09,1,False,0.014574133066655559,-0.014574133066655559,False,True
REC_002030,USR_0102,2026-05-09,1,False,0.059938868234406195,-0.059938868234406195,False,True
REC_002247,USR_0113,2026-05-09,1,False,0.034505353337119404,-0.034505353337119404,False,True
REC_002416,USR_0121,2026-05-09,1,False,0.03970946690676791,-0.03970946690676791,False,True
REC_002482,USR_0125,2026-05-09,1,False,0.08614478981326973,-0.08614478981326973,False,True
REC_002609,USR_0131,2026-05-09,1,False,0.014367099089365842,-0.014367099089365842,False,True
REC_002785,USR_0140,2026-05-09,1,False,0.06145994927977638,-0.06145994927977638,False,True
REC_002846,USR_0143,2026-05-09,1,False,0.07585921044894506,-0.07585921044894506,False,True
REC_002995,USR_0150,2026-05-09,1,False,0.022718728562443946,-0.022718728562443946,False,True
REC_003011,USR_0151,2026-05-09,1,False,0.07649102043865658,-0.07649102043865658,False,True
REC_003060,USR_0153,2026-05-09,1,False,0.061587248262358896,-0.061587248262358896,False,True
REC_003204,USR_0161,2026-05-09,1,False,0.06288608264481599,-0.06288608264481599,False,True
REC_003223,USR_0162,2026-05-09,1,False,0.04084752312798495,-0.04084752312798495,False,True
REC_003341,USR_0168,2026-05-09,-1,True,-0.007618253590015001,0.007618253590015001,False,False
REC_003391,USR_0171,2026-05-09,1,False,0.06464810179709923,-0.06464810179709923,False,True
REC_003410,USR_0172,2026-05-09,1,False,0.05300241249137855,-0.05300241249137855,False,True
REC_003429,USR_0173,2026-05-09,1,False,0.050925131672617474,-0.050925131672617474,False,True
REC_003475,USR_0175,2026-05-09,1,False,0.03162841153990431,-0.03162841153990431,False,True
REC_003658,USR_0184,2026-05-09,1,False,0.0512589083280125,-0.0512589083280125,False,True
REC_003673,USR_0185,2026-05-09,1,False,0.03339950527364116,-0.03339950527364116,False,True
REC_003691,USR_0186,2026-05-09,1,False,0.04673748410099143,-0.04673748410099143,False,True
REC_003755,USR_0189,2026-05-09,-1,True,-0.03469109692777017,0.03469109692777017,False,False
REC_003774,USR_0190,2026-05-09,1,False,0.046570841875260116,-0.046570841875260116,False,True
REC_003837,USR_0193,2026-05-09,1,False,0.07765107332004817,-0.07765107332004817,False,True
REC_003937,USR_0198,2026-05-09,1,False,0.04092303350807047,-0.04092303350807047,False,True
REC_004008,USR_0201,2026-05-09,1,False,0.09429199210684602,-0.09429199210684602,False,True
REC_004093,USR_0206,2026-05-09,1,False,0.0680465009271159,-0.0680465009271159,False,True
REC_004187,USR_0210,2026-05-09,1,False,0.06126412058837333,-0.06126412058837333,False,True
REC_004204,USR_0211,2026-05-09,1,False,0.011306562587098057,-0.011306562587098057,False,True
REC_004275,USR_0214,2026-05-09,1,False,0.03567858194669343,-0.03567858194669343,False,True
REC_004317,USR_0216,2026-05-09,1,False,0.020631667428311795,-0.020631667428311795,False,True
REC_004379,USR_0219,2026-05-09,1,False,0.06275868669374385,-0.06275868669374385,False,True
REC_004664,USR_0234,2026-05-09,1,False,0.006180565436156749,-0.006180565436156749,True,False
REC_004835,USR_0242,2026-05-09,1,False,0.05272148735524057,-0.05272148735524057,False,True
REC_000030,USR_0002,2026-05-10,1,False,0.09566760823712911,-0.09566760823712911,False,True
REC_000074,USR_0004,2026-05-10,1,False,0.05363656703131586,-0.05363656703131586,False,True
REC_000196,USR_0010,2026-05-10,1,False,0.07454442502006653,-0.07454442502006653,False,True
REC_000257,USR_0013,2026-05-10,1,False,0.08428737829750022,-0.08428737829750022,False,True
REC_000318,USR_0016,2026-05-10,1,False,0.05754616605657076,-0.05754616605657076,False,True
REC_000339,USR_0017,2026-05-10,1,False,0.06377853942860251,-0.06377853942860251,False,True
REC_000463,USR_0023,2026-05-10,1,False,0.031008724134236,-0.031008724134236,False,True
REC_000542,USR_0027,2026-05-10,1,False,0.06504359498125434,-0.06504359498125434,False,True
REC_000610,USR_0030,2026-05-10,1,False,0.05107286981304282,-0.05107286981304282,False,True
REC_000809,USR_0042,2026-05-10,1,False,0.07705712163961825,-0.07705712163961825,False,True
REC_000949,USR_0049,2026-05-10,1,False,0.05806522715874002,-0.05806522715874002,False,True
REC_000974,USR_0050,2026-05-10,1,False,0.03836028173004358,-0.03836028173004358,False,True
REC_001059,USR_0054,2026-05-10,1,False,0.061258808060267456,-0.061258808060267456,False,True
REC_001222,USR_0062,2026-05-10,1,False,0.031711624368143676,-0.031711624368143676,False,True
REC_001378,USR_0070,2026-05-10,1,False,0.07278212214107543,-0.07278212214107543,False,True
REC_001457,USR_0074,2026-05-10,1,False,0.07757945123231486,-0.07757945123231486,False,True
REC_001478,USR_0075,2026-05-10,1,False,0.011699708757997973,-0.011699708757997973,True,False
REC_001544,USR_0078,2026-05-10,1,False,0.03827640797406617,-0.03827640797406617,False,True
REC_001565,USR_0079,2026-05-10,1,False,0.0783813024728045,-0.0783813024728045,False,True
REC_001685,USR_0085,2026-05-10,1,False,0.036689118302018764,-0.036689118302018764,False,True
REC_001842,USR_0093,2026-05-10,1,False,0.053606427119606226,-0.053606427119606226,False,True
REC_001937,USR_0098,2026-05-10,1,False,0.0744833875116615,-0.0744833875116615,False,True
REC_001962,USR_0099,2026-05-10,1,False,0.09403202564725044,-0.09403202564725044,False,True
REC_002043,USR_0103,2026-05-10,1,False,0.03963857768899537,-0.03963857768899537,False,True
REC_002109,USR_0106,2026-05-10,1,False,0.06850857630878315,-0.06850857630878315,False,True
REC_002248,USR_0113,2026-05-10,1,False,0.04796784110898111,-0.04796784110898111,False,True
REC_002283,USR_0115,2026-05-10,1,False,0.04170376242181234,-0.04170376242181234,False,True
REC_002353,USR_0118,2026-05-10,1,False,0.07204482080439512,-0.07204482080439512,False,True
REC_002400,USR_0120,2026-05-10,1,False,0.07895268105135589,-0.07895268105135589,False,True
REC_002524,USR_0127,2026-05-10,1,False,0.08126224271596444,-0.08126224271596444,True,False
REC_002672,USR_0134,2026-05-10,1,False,0.0502412696144906,-0.0502412696144906,False,True
REC_002890,USR_0145,2026-05-10,1,False,0.0875289696633545,-0.0875289696633545,False,True
REC_002996,USR_0150,2026-05-10,1,False,0.08066867116177634,-0.08066867116177634,False,True
REC_003033,USR_0152,2026-05-10,-1,True,-0.00481809185377069,0.00481809185377069,True,True
REC_003301,USR_0166,2026-05-10,1,False,0.08174253177127216,-0.08174253177127216,False,True
REC_003375,USR_0170,2026-05-10,1,False,0.06049847017474086,-0.06049847017474086,False,True
REC_003430,USR_0173,2026-05-10,1,False,0.06077901228074534,-0.06077901228074534,False,True
REC_003494,USR_0176,2026-05-10,1,False,0.04642396010119537,-0.04642396010119537,False,True
REC_003731,USR_0188,2026-05-10,1,False,0.042668065105279984,-0.042668065105279984,False,True
REC_003775,USR_0190,2026-05-10,1,False,0.025906778369807426,-0.025906778369807426,False,True
REC_003938,USR_0198,2026-05-10,1,False,0.04187556393626296,-0.04187556393626296,False,True
REC_003961,USR_0199,2026-05-10,1,False,0.0750424259649543,-0.0750424259649543,False,True
REC_004025,USR_0202,2026-05-10,1,False,0.06679757887307503,-0.06679757887307503,False,True
REC_004142,USR_0208,2026-05-10,1,False,0.0685932578473451,-0.0685932578473451,False,True
REC_004205,USR_0211,2026-05-10,1,False,0.0625154685355403,-0.0625154685355403,False,True
REC_004223,USR_0212,2026-05-10,1,False,0.053029948671242444,-0.053029948671242444,False,True
REC_004342,USR_0217,2026-05-10,1,False,0.015230016271539082,-0.015230016271539082,False,True
REC_004359,USR_0218,2026-05-10,1,False,0.05443615680571684,-0.05443615680571684,False,True
REC_004516,USR_0226,2026-05-10,1,False,0.020956832760461452,-0.020956832760461452,False,True
REC_004532,USR_0227,2026-05-10,1,False,0.08494115649841966,-0.08494115649841966,False,True
REC_004590,USR_0230,2026-05-10,1,False,0.006053852036869034,-0.006053852036869034,False,True
REC_004769,USR_0239,2026-05-10,1,False,0.043390300505428026,-0.043390300505428026,False,True
REC_004813,USR_0241,2026-05-10,1,False,0.052844275075676184,-0.052844275075676184,False,True
REC_004836,USR_0242,2026-05-10,1,False,0.07455057168721352,-0.07455057168721352,False,True
REC_004879,USR_0244,2026-05-10,1,False,0.07908621547098493,-0.07908621547098493,False,True
REC_004896,USR_0245,2026-05-10,1,False,0.05288824356359323,-0.05288824356359323,False,True
REC_004938,USR_0247,2026-05-10,1,False,0.02442584244316459,-0.02442584244316459,False,True
REC_004991,USR_0250,2026-05-10,1,False,0.04210784407568369,-0.04210784407568369,False,True
REC_000011,USR_0001,2026-05-11,1,False,0.029204004880093615,-0.029204004880093615,False,True
REC_000031,USR_0002,2026-05-11,1,False,0.0719899186478839,-0.0719899186478839,False,True
REC_000055,USR_0003,2026-05-11,1,False,0.02439346220781269,-0.02439346220781269,False,True
REC_000129,USR_0007,2026-05-11,1,False,0.045585786829673236,-0.045585786829673236,False,True
REC_000319,USR_0016,2026-05-11,1,False,0.06652577989168479,-0.06652577989168479,True,False
REC_000377,USR_0019,2026-05-11,1,False,0.06791268135707507,-0.06791268135707507,False,True
REC_000396,USR_0020,2026-05-11,1,False,0.061522834848576846,-0.061522834848576846,False,True
REC_000440,USR_0022,2026-05-11,1,False,0.05079020771079584,-0.05079020771079584,False,True
REC_000568,USR_0028,2026-05-11,1,False,0.04707482918474054,-0.04707482918474054,False,True
REC_000629,USR_0031,2026-05-11,1,False,0.06950608534152092,-0.06950608534152092,False,True
REC_000661,USR_0033,2026-05-11,1,False,0.055783103444491056,-0.055783103444491056,False,True
REC_000687,USR_0035,2026-05-11,1,False,0.04893626656685596,-0.04893626656685596,False,True
REC_000705,USR_0036,2026-05-11,1,False,0.08836730436742679,-0.08836730436742679,False,True
REC_000751,USR_0039,2026-05-11,1,False,0.08292257071745313,-0.08292257071745313,False,True
REC_000810,USR_0042,2026-05-11,1,False,0.06354587463785644,-0.06354587463785644,False,True
REC_000859,USR_0044,2026-05-11,1,False,0.03686196963928723,-0.03686196963928723,False,True
REC_000914,USR_0047,2026-05-11,1,False,0.06081255120267992,-0.06081255120267992,False,True
REC_000975,USR_0050,2026-05-11,1,False,0.02412409311701419,-0.02412409311701419,False,True
REC_001136,USR_0058,2026-05-11,1,False,0.07259422304565522,-0.07259422304565522,False,True
REC_002044,USR_0103,2026-05-11,1,False,0.08536209560582447,-0.08536209560582447,False,True
REC_002060,USR_0104,2026-05-11,1,False,0.0403767744818086,-0.0403767744818086,False,True
REC_002171,USR_0109,2026-05-11,1,False,0.008404849390203584,-0.008404849390203584,False,True
REC_002225,USR_0112,2026-05-11,1,False,0.07812571033675442,-0.07812571033675442,False,True
REC_002306,USR_0116,2026-05-11,1,False,0.014364434264643067,-0.014364434264643067,True,False
REC_002506,USR_0126,2026-05-11,1,False,0.07361360758881619,-0.07361360758881619,False,True
REC_002550,USR_0128,2026-05-11,1,False,0.03682123895808048,-0.03682123895808048,False,True
REC_002610,USR_0131,2026-05-11,1,False,0.061553355317808756,-0.061553355317808756,False,True
REC_002627,USR_0132,2026-05-11,1,False,0.05240257605590937,-0.05240257605590937,True,False
REC_002691,USR_0135,2026-05-11,-1,True,-0.02701124442818381,0.02701124442818381,False,False
REC_002745,USR_0138,2026-05-11,1,False,0.05311043431567397,-0.05311043431567397,False,True
REC_002764,USR_0139,2026-05-11,1,False,0.05762446064734139,-0.05762446064734139,True,False
REC_002873,USR_0144,2026-05-11,1,False,0.04825241952564979,-0.04825241952564979,False,True
REC_003012,USR_0151,2026-05-11,1,False,0.06784927709070043,-0.06784927709070043,False,True
REC_003088,USR_0155,2026-05-11,-1,True,-0.009814896146985053,0.009814896146985053,False,False
REC_003142,USR_0158,2026-05-11,1,False,0.057543235673609805,-0.057543235673609805,False,True
REC_003280,USR_0165,2026-05-11,1,False,0.06508757223445233,-0.06508757223445233,False,True
REC_003302,USR_0166,2026-05-11,1,False,0.024460607793606037,-0.024460607793606037,False,True
REC_003411,USR_0172,2026-05-11,1,False,0.04345054847207014,-0.04345054847207014,False,True
REC_003638,USR_0183,2026-05-11,1,False,0.0390990603231261,-0.0390990603231261,False,True
REC_003713,USR_0187,2026-05-11,1,False,0.09674618880643654,-0.09674618880643654,False,True
REC_003776,USR_0190,2026-05-11,1,False,0.021999014191145472,-0.021999014191145472,False,True
REC_003819,USR_0192,2026-05-11,1,False,0.034008913770097515,-0.034008913770097515,False,True
REC_003915,USR_0197,2026-05-11,1,False,0.022330790376249965,-0.022330790376249965,False,True
REC_003980,USR_0200,2026-05-11,1,False,0.03780718978894687,-0.03780718978894687,False,True
REC_004164,USR_0209,2026-05-11,1,False,0.07148109240404643,-0.07148109240404643,False,True
REC_004188,USR_0210,2026-05-11,1,False,0.07421536032463016,-0.07421536032463016,False,True
REC_004224,USR_0212,2026-05-11,1,False,0.041934284778465114,-0.041934284778465114,True,False
REC_004249,USR_0213,2026-05-11,1,False,0.02488004296643831,-0.02488004296643831,False,True
REC_004296,USR_0215,2026-05-11,1,False,0.03041533250861933,-0.03041533250861933,False,True
REC_004360,USR_0218,2026-05-11,1,False,0.053964240622477344,-0.053964240622477344,False,True
REC_004517,USR_0226,2026-05-11,1,False,0.030653653956774884,-0.030653653956774884,False,True
REC_004794,USR_0240,2026-05-11,1,False,0.02594819473771015,-0.02594819473771015,False,True
REC_004855,USR_0243,2026-05-11,1,False,0.01781851914464727,-0.01781851914464727,False,True
REC_004939,USR_0247,2026-05-11,1,False,0.014583421698424304,-0.014583421698424304,False,True
REC_004958,USR_0248,2026-05-11,1,False,0.06618835070556056,-0.06618835070556056,False,True
REC_000032,USR_0002,2026-05-12,1,False,0.024177458967320042,-0.024177458967320042,True,False
REC_000109,USR_0006,2026-05-12,1,False,0.04120220631127691,-0.04120220631127691,False,True
REC_000158,USR_0008,2026-05-12,1,False,0.047880687220049345,-0.047880687220049345,False,True
REC_000176,USR_0009,2026-05-12,1,False,0.048458582516223925,-0.048458582516223925,True,False
REC_000197,USR_0010,2026-05-12,1,False,0.03546637288782989,-0.03546637288782989,False,True
REC_000295,USR_0015,2026-05-12,1,False,0.04293680705804692,-0.04293680705804692,False,True
REC_000415,USR_0021,2026-05-12,1,False,0.059701934174613,-0.059701934174613,False,True
REC_000521,USR_0026,2026-05-12,1,False,0.04494224740047309,-0.04494224740047309,False,True
REC_000543,USR_0027,2026-05-12,1,False,0.08352871157979458,-0.08352871157979458,False,True
REC_000588,USR_0029,2026-05-12,1,False,0.05300884311103021,-0.05300884311103021,False,True
REC_000706,USR_0036,2026-05-12,1,False,0.08288072965857368,-0.08288072965857368,False,True
REC_000714,USR_0037,2026-05-12,1,False,0.11190015213713583,-0.11190015213713583,False,True
REC_000860,USR_0044,2026-05-12,1,False,0.03015286898898739,-0.03015286898898739,False,True
REC_000930,USR_0048,2026-05-12,1,False,0.06506034130277555,-0.06506034130277555,False,True
REC_001060,USR_0054,2026-05-12,1,False,0.034594627635041286,-0.034594627635041286,False,True
REC_001080,USR_0055,2026-05-12,1,False,0.07471343090997157,-0.07471343090997157,False,True
REC_001137,USR_0058,2026-05-12,1,False,0.07585799533297771,-0.07585799533297771,False,True
REC_001252,USR_0064,2026-05-12,1,False,0.06880871096015923,-0.06880871096015923,False,True
REC_001517,USR_0077,2026-05-12,1,False,0.08960205888668565,-0.08960205888668565,True,False
REC_001788,USR_0090,2026-05-12,1,False,0.05386728020609294,-0.05386728020609294,False,True
REC_001983,USR_0100,2026-05-12,1,False,0.008808258216903342,-0.008808258216903342,False,True
REC_002172,USR_0109,2026-05-12,1,False,0.05670407305585873,-0.05670407305585873,False,True
REC_002189,USR_0110,2026-05-12,1,False,0.07675964614015468,-0.07675964614015468,False,True
REC_002284,USR_0115,2026-05-12,1,False,0.07937117694920687,-0.07937117694920687,False,True
REC_002417,USR_0121,2026-05-12,1,False,0.031157283063916297,-0.031157283063916297,False,True
REC_002483,USR_0125,2026-05-12,1,False,0.06761118230543212,-0.06761118230543212,False,True
REC_002551,USR_0128,2026-05-12,1,False,0.035391823731522276,-0.035391823731522276,False,True
REC_002673,USR_0134,2026-05-12,1,False,0.005115994513042121,-0.005115994513042121,True,False
REC_002692,USR_0135,2026-05-12,-1,True,-0.015802457052621066,0.015802457052621066,False,False
REC_002725,USR_0137,2026-05-12,1,False,0.10258144010828735,-0.10258144010828735,False,True
REC_002804,USR_0141,2026-05-12,1,False,0.018191414229700498,-0.018191414229700498,False,True
REC_003013,USR_0151,2026-05-12,1,False,0.06587409487993495,-0.06587409487993495,False,True
REC_003061,USR_0153,2026-05-12,1,False,0.04665437830500724,-0.04665437830500724,False,True
REC_003089,USR_0155,2026-05-12,-1,True,-0.020823363173901654,0.020823363173901654,False,False
REC_003246,USR_0163,2026-05-12,1,False,0.05308810818517312,-0.05308810818517312,False,True
REC_003281,USR_0165,2026-05-12,1,False,0.0690278386226384,-0.0690278386226384,False,True
REC_003376,USR_0170,2026-05-12,1,False,0.07244716823390668,-0.07244716823390668,False,True
REC_003412,USR_0172,2026-05-12,1,False,0.0640434878447928,-0.0640434878447928,False,True
REC_003495,USR_0176,2026-05-12,-1,True,-0.02479543701836684,0.02479543701836684,True,True
REC_003517,USR_0177,2026-05-12,1,False,0.09043647318751724,-0.09043647318751724,False,True
REC_003714,USR_0187,2026-05-12,1,False,0.07156791716486494,-0.07156791716486494,False,True
REC_003838,USR_0193,2026-05-12,1,False,0.08836105724417814,-0.08836105724417814,False,True
REC_003862,USR_0194,2026-05-12,1,False,0.07805348506582366,-0.07805348506582366,False,True
REC_003939,USR_0198,2026-05-12,1,False,0.0859693324145539,-0.0859693324145539,False,True
REC_003981,USR_0200,2026-05-12,1,False,0.04683808447998489,-0.04683808447998489,False,True
REC_004094,USR_0206,2026-05-12,1,False,0.04839315260024385,-0.04839315260024385,False,True
REC_004206,USR_0211,2026-05-12,1,False,0.020144207050047047,-0.020144207050047047,False,True
REC_004297,USR_0215,2026-05-12,1,False,0.07099438203656838,-0.07099438203656838,False,True
REC_004456,USR_0223,2026-05-12,1,False,0.07581221573194347,-0.07581221573194347,False,True
REC_004533,USR_0227,2026-05-12,1,False,0.07157518930232876,-0.07157518930232876,False,True
REC_004647,USR_0233,2026-05-12,1,False,0.03122608154564388,-0.03122608154564388,True,False
REC_004681,USR_0235,2026-05-12,1,False,0.05735897926413852,-0.05735897926413852,False,True
REC_004897,USR_0245,2026-05-12,1,False,0.07318920194709133,-0.07318920194709133,False,True
REC_004959,USR_0248,2026-05-12,1,False,0.042646517830907615,-0.042646517830907615,False,True
REC_000198,USR_0010,2026-05-13,1,False,0.050585551375358584,-0.050585551375358584,False,True
REC_000232,USR_0012,2026-05-13,1,False,0.027056842635235112,-0.027056842635235112,False,True
REC_000320,USR_0016,2026-05-13,1,False,0.04651248613593528,-0.04651248613593528,False,True
REC_000416,USR_0021,2026-05-13,1,False,0.08587522596771446,-0.08587522596771446,False,True
REC_000483,USR_0024,2026-05-13,1,False,0.09251495251763314,-0.09251495251763314,False,True
REC_000589,USR_0029,2026-05-13,1,False,0.06585404242965137,-0.06585404242965137,False,True
REC_000611,USR_0030,2026-05-13,1,False,0.06409506118740443,-0.06409506118740443,False,True
REC_000675,USR_0034,2026-05-13,1,False,0.055619918966505644,-0.055619918966505644,False,True
REC_000733,USR_0038,2026-05-13,1,False,0.04115049157983064,-0.04115049157983064,False,True
REC_000832,USR_0043,2026-05-13,1,False,0.05962962299292457,-0.05962962299292457,False,True
REC_000896,USR_0046,2026-05-13,-1,True,-0.001603048482874736,0.001603048482874736,False,False
REC_000995,USR_0051,2026-05-13,1,False,0.06745840687988336,-0.06745840687988336,False,True
REC_001061,USR_0054,2026-05-13,1,False,0.06461732679155191,-0.06461732679155191,False,True
REC_001095,USR_0056,2026-05-13,1,False,0.07374876882131831,-0.07374876882131831,False,True
REC_001202,USR_0061,2026-05-13,1,False,0.06748216386505451,-0.06748216386505451,False,True
REC_001234,USR_0063,2026-05-13,1,False,0.07267942046844589,-0.07267942046844589,False,True
REC_001253,USR_0064,2026-05-13,1,False,0.045039773457389465,-0.045039773457389465,False,True
REC_001275,USR_0065,2026-05-13,1,False,0.05984730178653963,-0.05984730178653963,False,True
REC_001291,USR_0066,2026-05-13,1,False,0.0301281994205308,-0.0301281994205308,False,True
REC_001400,USR_0071,2026-05-13,1,False,0.08564710322172803,-0.08564710322172803,False,True
REC_001416,USR_0072,2026-05-13,1,False,0.02615411128945916,-0.02615411128945916,False,True
REC_001518,USR_0077,2026-05-13,1,False,0.0740464121014015,-0.0740464121014015,False,True
REC_001545,USR_0078,2026-05-13,1,False,0.06559056631918608,-0.06559056631918608,False,True
REC_001686,USR_0085,2026-05-13,1,False,0.07677228133314801,-0.07677228133314801,False,True
REC_001877,USR_0095,2026-05-13,1,False,0.05590346876657293,-0.05590346876657293,False,True
REC_002004,USR_0101,2026-05-13,1,False,0.008574533392749384,-0.008574533392749384,False,True
REC_002061,USR_0104,2026-05-13,1,False,0.03963060760110654,-0.03963060760110654,False,True
REC_002152,USR_0108,2026-05-13,-1,True,-0.004729744359531107,0.004729744359531107,False,False
REC_002285,USR_0115,2026-05-13,1,False,0.06864610441207247,-0.06864610441207247,False,True
REC_002331,USR_0117,2026-05-13,1,False,0.04462498744452276,-0.04462498744452276,False,True
REC_002418,USR_0121,2026-05-13,1,False,0.041074250528852,-0.041074250528852,False,True
REC_002484,USR_0125,2026-05-13,1,False,0.08713334612659057,-0.08713334612659057,False,True
REC_002611,USR_0131,2026-05-13,1,False,0.09425997109505263,-0.09425997109505263,False,True
REC_002707,USR_0136,2026-05-13,1,False,0.07468176706138352,-0.07468176706138352,False,True
REC_002765,USR_0139,2026-05-13,1,False,0.04625147991478168,-0.04625147991478168,False,True
REC_002786,USR_0140,2026-05-13,1,False,0.04654515784434493,-0.04654515784434493,False,True
REC_002805,USR_0141,2026-05-13,1,False,0.03558417569067884,-0.03558417569067884,False,True
REC_002828,USR_0142,2026-05-13,1,False,0.04561637488551257,-0.04561637488551257,False,True
REC_002891,USR_0145,2026-05-13,1,False,0.06301775855703923,-0.06301775855703923,False,True
REC_002956,USR_0148,2026-05-13,1,False,0.04187343383555353,-0.04187343383555353,False,True
REC_003076,USR_0154,2026-05-13,1,False,0.06262353712431179,-0.06262353712431179,False,True
REC_003143,USR_0158,2026-05-13,1,False,0.05979978992224727,-0.05979978992224727,False,True
REC_003162,USR_0159,2026-05-13,1,False,0.08636304741279438,-0.08636304741279438,False,True
REC_003188,USR_0160,2026-05-13,1,False,0.051570804609245346,-0.051570804609245346,False,True
REC_003303,USR_0166,2026-05-13,1,False,0.04805891615440544,-0.04805891615440544,True,False
REC_003342,USR_0168,2026-05-13,-1,True,-0.0005152670219764621,0.0005152670219764621,False,False
REC_003476,USR_0175,2026-05-13,1,False,0.025923908955944597,-0.025923908955944597,False,True
REC_003518,USR_0177,2026-05-13,1,False,0.06039243541937073,-0.06039243541937073,False,True
REC_003581,USR_0180,2026-05-13,1,False,0.08958622408681216,-0.08958622408681216,False,True
REC_003600,USR_0181,2026-05-13,1,False,0.060480698008928524,-0.060480698008928524,False,True
REC_003639,USR_0183,2026-05-13,1,False,0.04359530150990648,-0.04359530150990648,False,True
REC_003715,USR_0187,2026-05-13,1,False,0.04730741997832427,-0.04730741997832427,False,True
REC_003732,USR_0188,2026-05-13,1,False,0.0818574922368458,-0.0818574922368458,False,True
REC_003881,USR_0195,2026-05-13,1,False,0.0032122420535956042,-0.0032122420535956042,False,True
REC_003897,USR_0196,2026-05-13,1,False,0.05447450773894802,-0.05447450773894802,False,True
REC_003940,USR_0198,2026-05-13,1,False,0.06316074391724685,-0.06316074391724685,False,True
REC_003982,USR_0200,2026-05-13,1,False,0.06368811943947161,-0.06368811943947161,False,True
REC_004042,USR_0203,2026-05-13,1,False,0.03645499080656872,-0.03645499080656872,False,True
REC_004121,USR_0207,2026-05-13,1,False,0.02533620228829786,-0.02533620228829786,False,True
REC_004318,USR_0216,2026-05-13,1,False,0.04310442895018968,-0.04310442895018968,False,True
REC_004412,USR_0221,2026-05-13,1,False,0.07033754115648239,-0.07033754115648239,False,True
REC_004665,USR_0234,2026-05-13,1,False,0.0261019638364699,-0.0261019638364699,False,True
REC_004898,USR_0245,2026-05-13,1,False,0.0664636570613672,-0.0664636570613672,False,True
REC_004960,USR_0248,2026-05-13,1,False,0.07302898974903682,-0.07302898974903682,False,True
REC_000056,USR_0003,2026-05-14,1,False,0.024787124762457813,-0.024787124762457813,False,True
REC_000130,USR_0007,2026-05-14,1,False,0.016110105224533267,-0.016110105224533267,False,True
REC_000258,USR_0013,2026-05-14,1,False,0.0773125187976833,-0.0773125187976833,False,True
REC_000276,USR_0014,2026-05-14,1,False,0.033250515203030406,-0.033250515203030406,False,True
REC_000296,USR_0015,2026-05-14,1,False,0.08865899206530908,-0.08865899206530908,False,True
REC_000441,USR_0022,2026-05-14,1,False,0.008796644237582085,-0.008796644237582085,False,True
REC_000715,USR_0037,2026-05-14,1,False,0.08925507720572007,-0.08925507720572007,False,True
REC_000811,USR_0042,2026-05-14,1,False,0.04163092366566168,-0.04163092366566168,False,True
REC_000833,USR_0043,2026-05-14,1,False,0.05644314433909853,-0.05644314433909853,False,True
REC_000861,USR_0044,2026-05-14,1,False,0.07265455737563703,-0.07265455737563703,False,True
REC_001062,USR_0054,2026-05-14,1,False,0.045107730708472904,-0.045107730708472904,False,True
REC_001096,USR_0056,2026-05-14,1,False,0.06510304625417374,-0.06510304625417374,False,True
REC_001138,USR_0058,2026-05-14,1,False,0.05101947681744057,-0.05101947681744057,False,True
REC_001309,USR_0067,2026-05-14,1,False,0.045407692793546395,-0.045407692793546395,False,True
REC_001379,USR_0070,2026-05-14,1,False,0.07066334975856958,-0.07066334975856958,False,True
REC_001417,USR_0072,2026-05-14,1,False,0.012942949712754115,-0.012942949712754115,False,True
REC_001479,USR_0075,2026-05-14,1,False,0.06730406165467234,-0.06730406165467234,False,True
REC_001704,USR_0086,2026-05-14,1,False,0.05171909307927769,-0.05171909307927769,False,True
REC_001984,USR_0100,2026-05-14,1,False,0.04296208215265929,-0.04296208215265929,False,True
REC_002005,USR_0101,2026-05-14,1,False,0.029428325998243465,-0.029428325998243465,False,True
REC_002062,USR_0104,2026-05-14,1,False,0.044243255960821515,-0.044243255960821515,False,True
REC_002173,USR_0109,2026-05-14,1,False,0.054285929083546625,-0.054285929083546625,False,True
REC_002226,USR_0112,2026-05-14,1,False,0.06852021598350616,-0.06852021598350616,False,True
REC_002286,USR_0115,2026-05-14,1,False,0.04696800615069946,-0.04696800615069946,False,True
REC_002485,USR_0125,2026-05-14,1,False,0.08126075803718674,-0.08126075803718674,False,True
REC_002612,USR_0131,2026-05-14,1,False,0.026335309279070518,-0.026335309279070518,False,True
REC_002628,USR_0132,2026-05-14,1,False,0.07049503704416227,-0.07049503704416227,False,True
REC_002806,USR_0141,2026-05-14,1,False,0.004829596590088747,-0.004829596590088747,False,True
REC_003102,USR_0156,2026-05-14,1,False,0.0268199810428974,-0.0268199810428974,False,True
REC_003144,USR_0158,2026-05-14,1,False,0.068718963353333,-0.068718963353333,False,True
REC_003247,USR_0163,2026-05-14,1,False,0.025474458234329145,-0.025474458234329145,False,True
REC_003264,USR_0164,2026-05-14,1,False,0.08016648912562685,-0.08016648912562685,False,True
REC_003304,USR_0166,2026-05-14,1,False,0.0865225101810404,-0.0865225101810404,False,True
REC_003413,USR_0172,2026-05-14,1,False,0.07383385299509598,-0.07383385299509598,False,True
REC_003659,USR_0184,2026-05-14,1,False,0.04850822835128443,-0.04850822835128443,False,True
REC_003692,USR_0186,2026-05-14,1,False,0.05888213694395006,-0.05888213694395006,False,True
REC_003839,USR_0193,2026-05-14,1,False,0.07461552584882997,-0.07461552584882997,False,True
REC_003863,USR_0194,2026-05-14,1,False,0.056448267710612454,-0.056448267710612454,False,True
REC_003882,USR_0195,2026-05-14,1,False,0.03247334056142237,-0.03247334056142237,False,True
REC_003898,USR_0196,2026-05-14,1,False,0.04850896730586701,-0.04850896730586701,False,True
REC_003941,USR_0198,2026-05-14,1,False,0.039488440860041885,-0.039488440860041885,False,True
REC_004026,USR_0202,2026-05-14,1,False,0.07688484740898721,-0.07688484740898721,False,True
REC_004319,USR_0216,2026-05-14,1,False,0.032273186682292676,-0.032273186682292676,False,True
REC_004361,USR_0218,2026-05-14,1,False,0.048566541350947956,-0.048566541350947956,False,True
REC_004436,USR_0222,2026-05-14,1,False,0.062956337791152,-0.062956337791152,False,True
REC_004553,USR_0228,2026-05-14,1,False,0.039889351115686755,-0.039889351115686755,False,True
REC_004628,USR_0232,2026-05-14,-1,True,-0.014422331539735378,0.014422331539735378,False,False
REC_004682,USR_0235,2026-05-14,1,False,0.05838585039858307,-0.05838585039858307,False,True
REC_004724,USR_0237,2026-05-14,1,False,0.08070677073314148,-0.08070677073314148,False,True
REC_004814,USR_0241,2026-05-14,1,False,0.05759981421482957,-0.05759981421482957,False,True
REC_004856,USR_0243,2026-05-14,1,False,0.0037048107077839454,-0.0037048107077839454,False,True
REC_004880,USR_0244,2026-05-14,1,False,0.08438942168830615,-0.08438942168830615,False,True
REC_004922,USR_0246,2026-05-14,1,False,0.06937350826021527,-0.06937350826021527,False,True
REC_004992,USR_0250,2026-05-14,1,False,0.025882422264511706,-0.025882422264511706,False,True
REC_000033,USR_0002,2026-05-15,1,False,0.04185457587830105,-0.04185457587830105,False,True
REC_000088,USR_0005,2026-05-15,1,False,0.04533598722913129,-0.04533598722913129,False,True
REC_000110,USR_0006,2026-05-15,1,False,0.025102140360062475,-0.025102140360062475,False,True
REC_000378,USR_0019,2026-05-15,1,False,0.0821240326565944,-0.0821240326565944,False,True
REC_000484,USR_0024,2026-05-15,1,False,0.04089948447869146,-0.04089948447869146,False,True
REC_000544,USR_0027,2026-05-15,1,False,0.0708766459955959,-0.0708766459955959,False,True
REC_000647,USR_0032,2026-05-15,1,False,0.03810091824224948,-0.03810091824224948,False,True
REC_000688,USR_0035,2026-05-15,1,False,0.029332121609016493,-0.029332121609016493,False,True
REC_000707,USR_0036,2026-05-15,1,False,0.09464783884886507,-0.09464783884886507,False,True
REC_000752,USR_0039,2026-05-15,1,False,0.03474740782200836,-0.03474740782200836,False,True
REC_000834,USR_0043,2026-05-15,1,False,0.025720708181369734,-0.025720708181369734,False,True
REC_000897,USR_0046,2026-05-15,-1,True,-0.02983789062754927,0.02983789062754927,False,False
REC_000915,USR_0047,2026-05-15,1,False,0.011749484906212193,-0.011749484906212193,False,True
REC_000950,USR_0049,2026-05-15,1,False,0.05419985813946593,-0.05419985813946593,False,True
REC_001063,USR_0054,2026-05-15,1,False,0.05306130096965356,-0.05306130096965356,False,True
REC_001139,USR_0058,2026-05-15,1,False,0.0477816640120311,-0.0477816640120311,False,True
REC_001254,USR_0064,2026-05-15,1,False,0.06303316785629087,-0.06303316785629087,False,True
REC_001310,USR_0067,2026-05-15,1,False,0.03315587132812742,-0.03315587132812742,False,True
REC_001333,USR_0068,2026-05-15,1,False,0.01288087905011337,-0.01288087905011337,False,True
REC_001458,USR_0074,2026-05-15,1,False,0.07116172390889508,-0.07116172390889508,False,True
REC_001803,USR_0091,2026-05-15,1,False,0.006921135012219692,-0.006921135012219692,False,True
REC_001878,USR_0095,2026-05-15,1,False,0.054501169405739736,-0.054501169405739736,False,True
REC_001896,USR_0096,2026-05-15,1,False,0.02678570881155984,-0.02678570881155984,False,True
REC_001911,USR_0097,2026-05-15,1,False,0.07600027707913032,-0.07600027707913032,False,True
REC_002110,USR_0106,2026-05-15,1,False,0.0394676273602409,-0.0394676273602409,False,True
REC_002208,USR_0111,2026-05-15,1,False,0.07437818125395601,-0.07437818125395601,False,True
REC_002307,USR_0116,2026-05-15,1,False,0.0576430918633683,-0.0576430918633683,False,True
REC_002332,USR_0117,2026-05-15,1,False,0.021233296551652292,-0.021233296551652292,False,True
REC_002354,USR_0118,2026-05-15,1,False,0.032394875087966346,-0.032394875087966346,False,True
REC_002373,USR_0119,2026-05-15,1,False,0.0726840452110783,-0.0726840452110783,False,True
REC_002468,USR_0124,2026-05-15,1,False,0.0690104578646859,-0.0690104578646859,False,True
REC_002708,USR_0136,2026-05-15,1,False,0.07439237980116081,-0.07439237980116081,False,True
REC_002787,USR_0140,2026-05-15,1,False,0.07584740249927269,-0.07584740249927269,False,True
REC_002807,USR_0141,2026-05-15,1,False,0.04132818466953103,-0.04132818466953103,False,True
REC_002847,USR_0143,2026-05-15,1,False,0.025444425009502503,-0.025444425009502503,False,True
REC_002892,USR_0145,2026-05-15,1,False,0.06544259021333587,-0.06544259021333587,False,True
REC_002997,USR_0150,2026-05-15,1,False,0.02876991066493284,-0.02876991066493284,False,True
REC_003145,USR_0158,2026-05-15,1,False,0.09848151181552056,-0.09848151181552056,False,True
REC_003163,USR_0159,2026-05-15,1,False,0.06426070564248687,-0.06426070564248687,False,True
REC_003282,USR_0165,2026-05-15,1,False,0.08044112884914212,-0.08044112884914212,False,True
REC_003377,USR_0170,2026-05-15,1,False,0.044757163989905646,-0.044757163989905646,False,True
REC_003431,USR_0173,2026-05-15,1,False,0.055991502808103666,-0.055991502808103666,False,True
REC_003541,USR_0178,2026-05-15,1,False,0.03131761440118125,-0.03131761440118125,False,True
REC_003564,USR_0179,2026-05-15,1,False,0.045697600902482705,-0.045697600902482705,False,True
REC_003619,USR_0182,2026-05-15,1,False,0.013683052018552133,-0.013683052018552133,False,True
REC_003674,USR_0185,2026-05-15,1,False,0.0707719907303942,-0.0707719907303942,False,True
REC_003797,USR_0191,2026-05-15,1,False,0.07355492879169001,-0.07355492879169001,False,True
REC_003840,USR_0193,2026-05-15,1,False,0.06840183456725535,-0.06840183456725535,False,True
REC_003942,USR_0198,2026-05-15,1,False,0.04838489977386262,-0.04838489977386262,False,True
REC_003962,USR_0199,2026-05-15,1,False,0.06650628065573039,-0.06650628065573039,False,True
REC_004027,USR_0202,2026-05-15,1,False,0.0015994836194952455,-0.0015994836194952455,False,True
REC_004165,USR_0209,2026-05-15,1,False,0.043375937187752234,-0.043375937187752234,False,True
REC_004207,USR_0211,2026-05-15,1,False,0.03190894180736975,-0.03190894180736975,False,True
REC_004225,USR_0212,2026-05-15,1,False,0.07142856483461968,-0.07142856483461968,False,True
REC_004250,USR_0213,2026-05-15,1,False,0.06390467700073943,-0.06390467700073943,False,True
REC_004320,USR_0216,2026-05-15,1,False,0.05740379710835902,-0.05740379710835902,False,True
REC_004343,USR_0217,2026-05-15,1,False,0.044035405425683016,-0.044035405425683016,False,True
REC_004395,USR_0220,2026-05-15,1,False,0.022033570483304676,-0.022033570483304676,False,True
REC_004437,USR_0222,2026-05-15,1,False,0.04989670150123954,-0.04989670150123954,False,True
REC_004569,USR_0229,2026-05-15,1,False,0.07570263849253378,-0.07570263849253378,False,True
REC_004591,USR_0230,2026-05-15,1,False,0.007642861195448103,-0.007642861195448103,False,True
REC_004725,USR_0237,2026-05-15,1,False,0.02404705768374421,-0.02404705768374421,False,True
REC_004746,USR_0238,2026-05-15,1,False,0.08684461311810299,-0.08684461311810299,False,True
REC_004795,USR_0240,2026-05-15,1,False,0.040583028452433056,-0.040583028452433056,False,True
REC_004837,USR_0242,2026-05-15,1,False,0.019256930060602473,-0.019256930060602473,False,True
REC_004857,USR_0243,2026-05-15,1,False,0.03296799925028232,-0.03296799925028232,False,True
REC_000057,USR_0003,2026-05-16,1,False,0.025423523378847235,-0.025423523378847235,False,True
REC_000089,USR_0005,2026-05-16,1,False,0.07412363893524027,-0.07412363893524027,False,True
REC_000159,USR_0008,2026-05-16,1,False,0.06740552359695212,-0.06740552359695212,False,True
REC_000297,USR_0015,2026-05-16,1,False,0.05366667017469173,-0.05366667017469173,False,True
REC_000464,USR_0023,2026-05-16,1,False,0.027734305434863882,-0.027734305434863882,False,True
REC_000545,USR_0027,2026-05-16,1,False,0.037253019940622745,-0.037253019940622745,False,True
REC_000569,USR_0028,2026-05-16,1,False,0.05457324653451989,-0.05457324653451989,False,True
REC_000590,USR_0029,2026-05-16,1,False,0.03984422022374051,-0.03984422022374051,False,True
REC_000734,USR_0038,2026-05-16,1,False,0.07957324917900171,-0.07957324917900171,False,True
REC_000862,USR_0044,2026-05-16,1,False,0.07100855472243872,-0.07100855472243872,False,True
REC_000879,USR_0045,2026-05-16,1,False,0.04992790495695115,-0.04992790495695115,False,True
REC_000976,USR_0050,2026-05-16,1,False,0.020610004622417577,-0.020610004622417577,False,True
REC_001159,USR_0059,2026-05-16,1,False,0.07177683147122338,-0.07177683147122338,False,True
REC_001179,USR_0060,2026-05-16,1,False,0.015020326016358387,-0.015020326016358387,False,True
REC_001359,USR_0069,2026-05-16,1,False,0.07436654286670108,-0.07436654286670108,False,True
REC_001380,USR_0070,2026-05-16,1,False,0.059541263849499704,-0.059541263849499704,False,True
REC_001418,USR_0072,2026-05-16,1,False,0.031654905826023316,-0.031654905826023316,False,True
REC_001519,USR_0077,2026-05-16,1,False,0.04367789030031444,-0.04367789030031444,False,True
REC_001728,USR_0087,2026-05-16,1,False,0.03221754999850718,-0.03221754999850718,False,True
REC_001843,USR_0093,2026-05-16,1,False,0.05917723701459204,-0.05917723701459204,False,True
REC_002031,USR_0102,2026-05-16,1,False,0.03840858783930462,-0.03840858783930462,False,True
REC_002091,USR_0105,2026-05-16,1,False,0.059055595685209517,-0.059055595685209517,False,True
REC_002190,USR_0110,2026-05-16,1,False,0.05482720138249658,-0.05482720138249658,False,True
REC_002693,USR_0135,2026-05-16,-1,True,-0.011396702952110593,0.011396702952110593,False,False
REC_002746,USR_0138,2026-05-16,1,False,0.014884236599929657,-0.014884236599929657,True,False
REC_002808,USR_0141,2026-05-16,-1,True,-0.0034912873645019937,0.0034912873645019937,False,False
REC_002874,USR_0144,2026-05-16,1,False,0.04000612893764144,-0.04000612893764144,False,True
REC_002912,USR_0146,2026-05-16,1,False,0.021314890288010924,-0.021314890288010924,False,True
REC_002933,USR_0147,2026-05-16,1,False,0.030820696046005902,-0.030820696046005902,False,True
REC_002957,USR_0148,2026-05-16,1,False,0.06100741924699299,-0.06100741924699299,False,True
REC_002978,USR_0149,2026-05-16,1,False,0.024622660246776118,-0.024622660246776118,True,False
REC_003034,USR_0152,2026-05-16,1,False,0.016467463232037627,-0.016467463232037627,False,True
REC_003090,USR_0155,2026-05-16,-1,True,-0.05379639504770639,0.05379639504770639,True,True
REC_003125,USR_0157,2026-05-16,1,False,0.06227331911793477,-0.06227331911793477,False,True
REC_003164,USR_0159,2026-05-16,1,False,0.0866967815553733,-0.0866967815553733,False,True
REC_003205,USR_0161,2026-05-16,1,False,0.07480524929725857,-0.07480524929725857,False,True
REC_003248,USR_0163,2026-05-16,1,False,0.01680126349544464,-0.01680126349544464,False,True
REC_003265,USR_0164,2026-05-16,1,False,0.07484733699265561,-0.07484733699265561,False,True
REC_003454,USR_0174,2026-05-16,1,False,0.07185706521738927,-0.07185706521738927,False,True
REC_003519,USR_0177,2026-05-16,1,False,0.03981075368910564,-0.03981075368910564,False,True
REC_003640,USR_0183,2026-05-16,1,False,0.07509863185458188,-0.07509863185458188,False,True
REC_003693,USR_0186,2026-05-16,1,False,0.09047547885829671,-0.09047547885829671,False,True
REC_003883,USR_0195,2026-05-16,1,False,0.04843606477495971,-0.04843606477495971,False,True
REC_004009,USR_0201,2026-05-16,1,False,0.09736004074474142,-0.09736004074474142,False,True
REC_004095,USR_0206,2026-05-16,1,False,0.030070068655746796,-0.030070068655746796,False,True
REC_004143,USR_0208,2026-05-16,1,False,0.051265986592494595,-0.051265986592494595,False,True
REC_004166,USR_0209,2026-05-16,1,False,0.05287768935749243,-0.05287768935749243,False,True
REC_004276,USR_0214,2026-05-16,1,False,0.06534215595657311,-0.06534215595657311,False,True
REC_004380,USR_0219,2026-05-16,1,False,0.04183229612391581,-0.04183229612391581,False,True
REC_004479,USR_0224,2026-05-16,1,False,0.070452872940512,-0.070452872940512,False,True
REC_004495,USR_0225,2026-05-16,1,False,0.08130374972540949,-0.08130374972540949,False,True
REC_004518,USR_0226,2026-05-16,1,False,0.008925478279657728,-0.008925478279657728,False,True
REC_004629,USR_0232,2026-05-16,1,False,0.010340839734123253,-0.010340839734123253,False,True
REC_004770,USR_0239,2026-05-16,-1,True,-0.010763996124763753,0.010763996124763753,True,True
REC_004881,USR_0244,2026-05-16,1,False,0.07703615433313199,-0.07703615433313199,False,True
REC_004923,USR_0246,2026-05-16,1,False,0.052924861182840455,-0.052924861182840455,False,True
REC_000111,USR_0006,2026-05-17,1,False,0.06137150101364525,-0.06137150101364525,False,True
REC_000218,USR_0011,2026-05-17,1,False,0.006267264364206326,-0.006267264364206326,False,True
REC_000233,USR_0012,2026-05-17,1,False,0.011860270253028271,-0.011860270253028271,False,True
REC_000259,USR_0013,2026-05-17,1,False,0.06986217286310509,-0.06986217286310509,False,True
REC_000277,USR_0014,2026-05-17,1,False,0.05597979120673596,-0.05597979120673596,False,True
REC_000298,USR_0015,2026-05-17,1,False,0.0579247466129047,-0.0579247466129047,False,True
REC_000340,USR_0017,2026-05-17,1,False,0.07675239469123774,-0.07675239469123774,False,True
REC_000546,USR_0027,2026-05-17,1,False,0.05715873903007734,-0.05715873903007734,False,True
REC_000689,USR_0035,2026-05-17,1,False,0.03587291751470262,-0.03587291751470262,False,True
REC_000812,USR_0042,2026-05-17,1,False,0.07049765334860553,-0.07049765334860553,False,True
REC_000880,USR_0045,2026-05-17,1,False,0.03661733413702478,-0.03661733413702478,False,True
REC_001081,USR_0055,2026-05-17,1,False,0.049673958785876715,-0.049673958785876715,True,False
REC_001140,USR_0058,2026-05-17,1,False,0.07101543004581429,-0.07101543004581429,False,True
REC_001180,USR_0060,2026-05-17,1,False,0.01575680831499615,-0.01575680831499615,False,True
REC_001502,USR_0076,2026-05-17,1,False,0.075161154996845,-0.075161154996845,False,True
REC_001520,USR_0077,2026-05-17,1,False,0.07430672838815078,-0.07430672838815078,False,True
REC_001546,USR_0078,2026-05-17,1,False,0.0804760393515827,-0.0804760393515827,False,True
REC_001582,USR_0080,2026-05-17,1,False,0.04300989642625197,-0.04300989642625197,False,True
REC_001729,USR_0087,2026-05-17,1,False,0.042052182754974854,-0.042052182754974854,False,True
REC_001766,USR_0089,2026-05-17,1,False,0.026982192307715425,-0.026982192307715425,False,True
REC_001789,USR_0090,2026-05-17,1,False,0.055099428898879255,-0.055099428898879255,False,True
REC_001844,USR_0093,2026-05-17,1,False,0.074644497295563,-0.074644497295563,False,True
REC_001863,USR_0094,2026-05-17,1,False,0.04899315665219284,-0.04899315665219284,False,True
REC_001897,USR_0096,2026-05-17,1,False,0.06153129810721025,-0.06153129810721025,False,True
REC_002045,USR_0103,2026-05-17,1,False,0.056970189236643376,-0.056970189236643376,False,True
REC_002153,USR_0108,2026-05-17,1,False,0.014792684231016429,-0.014792684231016429,False,True
REC_002209,USR_0111,2026-05-17,1,False,0.06420629413428003,-0.06420629413428003,False,True
REC_002308,USR_0116,2026-05-17,1,False,0.06472195970314082,-0.06472195970314082,False,True
REC_002355,USR_0118,2026-05-17,1,False,0.059552798568881404,-0.059552798568881404,False,True
REC_002374,USR_0119,2026-05-17,1,False,0.07742896234699242,-0.07742896234699242,False,True
REC_002401,USR_0120,2026-05-17,1,False,0.050432631743063616,-0.050432631743063616,False,True
REC_002453,USR_0123,2026-05-17,1,False,0.051753875008391015,-0.051753875008391015,True,False
REC_002552,USR_0128,2026-05-17,1,False,0.03295115034822793,-0.03295115034822793,False,True
REC_002613,USR_0131,2026-05-17,1,False,0.0757608987638036,-0.0757608987638036,False,True
REC_002647,USR_0133,2026-05-17,1,False,0.0427491108311992,-0.0427491108311992,False,True
REC_002674,USR_0134,2026-05-17,1,False,0.04825137596242096,-0.04825137596242096,False,True
REC_002766,USR_0139,2026-05-17,1,False,0.08700842150860927,-0.08700842150860927,False,True
REC_002788,USR_0140,2026-05-17,1,False,0.09768786867468005,-0.09768786867468005,False,True
REC_002809,USR_0141,2026-05-17,1,False,0.02674480413880992,-0.02674480413880992,False,True
REC_002979,USR_0149,2026-05-17,1,False,0.039741961613171284,-0.039741961613171284,False,True
REC_003035,USR_0152,2026-05-17,1,False,0.05656250646061328,-0.05656250646061328,False,True
REC_003146,USR_0158,2026-05-17,1,False,0.018100666201853355,-0.018100666201853355,False,True
REC_003249,USR_0163,2026-05-17,1,False,0.08353981189933535,-0.08353981189933535,False,True
REC_003283,USR_0165,2026-05-17,1,False,0.04979410879320967,-0.04979410879320967,False,True
REC_003716,USR_0187,2026-05-17,1,False,0.015352465178307906,-0.015352465178307906,True,False
REC_003756,USR_0189,2026-05-17,1,False,0.012528446121434111,-0.012528446121434111,False,True
REC_003820,USR_0192,2026-05-17,-1,True,-0.009144800300161293,0.009144800300161293,True,True
REC_003864,USR_0194,2026-05-17,1,False,0.030758014658166355,-0.030758014658166355,False,True
REC_003963,USR_0199,2026-05-17,1,False,0.07092021224472816,-0.07092021224472816,False,True
REC_004028,USR_0202,2026-05-17,1,False,0.0029897251762251997,-0.0029897251762251997,False,True
REC_004344,USR_0217,2026-05-17,1,False,0.021480936797016348,-0.021480936797016348,False,True
REC_004396,USR_0220,2026-05-17,1,False,0.03890298642958884,-0.03890298642958884,False,True
REC_004413,USR_0221,2026-05-17,1,False,0.01410719867778909,-0.01410719867778909,False,True
REC_004438,USR_0222,2026-05-17,1,False,0.06174131773462532,-0.06174131773462532,False,True
REC_004457,USR_0223,2026-05-17,1,False,0.023052218814917425,-0.023052218814917425,False,True
REC_004592,USR_0230,2026-05-17,1,False,0.03998149602850787,-0.03998149602850787,False,True
REC_004747,USR_0238,2026-05-17,1,False,0.09025572709872576,-0.09025572709872576,False,True
REC_004815,USR_0241,2026-05-17,1,False,0.04840589752872804,-0.04840589752872804,False,True
REC_004961,USR_0248,2026-05-17,1,False,0.07910488074677635,-0.07910488074677635,False,True
REC_000177,USR_0009,2026-05-18,1,False,0.05643182844841621,-0.05643182844841621,False,True
REC_000278,USR_0014,2026-05-18,1,False,0.05365863611978783,-0.05365863611978783,False,True
REC_000299,USR_0015,2026-05-18,1,False,0.0670782271123051,-0.0670782271123051,False,True
REC_000363,USR_0018,2026-05-18,1,False,0.03725242583203747,-0.03725242583203747,False,True
REC_000417,USR_0021,2026-05-18,1,False,0.08151391701384503,-0.08151391701384503,False,True
REC_000485,USR_0024,2026-05-18,1,False,0.042813530272890754,-0.042813530272890754,True,False
REC_000547,USR_0027,2026-05-18,1,False,0.06649343613861419,-0.06649343613861419,False,True
REC_000690,USR_0035,2026-05-18,1,False,0.05696011946524676,-0.05696011946524676,False,True
REC_000797,USR_0041,2026-05-18,1,False,0.04767068331204616,-0.04767068331204616,False,True
REC_000835,USR_0043,2026-05-18,1,False,0.015621902207384353,-0.015621902207384353,False,True
REC_001097,USR_0056,2026-05-18,1,False,0.04139115281828459,-0.04139115281828459,False,True
REC_001120,USR_0057,2026-05-18,1,False,0.03227708573142746,-0.03227708573142746,False,True
REC_001181,USR_0060,2026-05-18,1,False,0.06927169572247349,-0.06927169572247349,False,True
REC_001419,USR_0072,2026-05-18,1,False,0.02828761269423946,-0.02828761269423946,False,True
REC_001566,USR_0079,2026-05-18,1,False,0.0952015155235636,-0.0952015155235636,False,True
REC_001705,USR_0086,2026-05-18,1,False,0.041929422504525915,-0.041929422504525915,False,True
REC_001748,USR_0088,2026-05-18,1,False,0.05502683668511782,-0.05502683668511782,False,True
REC_001804,USR_0091,2026-05-18,-1,True,-0.0062127794612163445,0.0062127794612163445,False,False
REC_001912,USR_0097,2026-05-18,1,False,0.05366264257401954,-0.05366264257401954,False,True
REC_002063,USR_0104,2026-05-18,1,False,0.08163926113599462,-0.08163926113599462,False,True
REC_002130,USR_0107,2026-05-18,1,False,0.0805609307835079,-0.0805609307835079,False,True
REC_002249,USR_0113,2026-05-18,1,False,0.061019215902238466,-0.061019215902238466,False,True
REC_002375,USR_0119,2026-05-18,1,False,0.08138932057880693,-0.08138932057880693,False,True
REC_002454,USR_0123,2026-05-18,1,False,0.06635484565890143,-0.06635484565890143,False,True
REC_002614,USR_0131,2026-05-18,1,False,0.032168278271096806,-0.032168278271096806,False,True
REC_002629,USR_0132,2026-05-18,1,False,0.01782101538769243,-0.01782101538769243,False,True
REC_002648,USR_0133,2026-05-18,1,False,0.014583525378143891,-0.014583525378143891,False,True
REC_002789,USR_0140,2026-05-18,1,False,0.06931544861802258,-0.06931544861802258,False,True
REC_002893,USR_0145,2026-05-18,1,False,0.0754946778441637,-0.0754946778441637,False,True
REC_003077,USR_0154,2026-05-18,1,False,0.029467936294147568,-0.029467936294147568,False,True
REC_003147,USR_0158,2026-05-18,1,False,0.09469709248137831,-0.09469709248137831,False,True
REC_003250,USR_0163,2026-05-18,1,False,0.03578866828168603,-0.03578866828168603,True,False
REC_003343,USR_0168,2026-05-18,1,False,0.025085209188711488,-0.025085209188711488,False,True
REC_003359,USR_0169,2026-05-18,1,False,0.03732681981189939,-0.03732681981189939,False,True
REC_003432,USR_0173,2026-05-18,1,False,0.03869261695304277,-0.03869261695304277,False,True
REC_003542,USR_0178,2026-05-18,1,False,0.04939144170886656,-0.04939144170886656,False,True
REC_003660,USR_0184,2026-05-18,1,False,0.04358297356420482,-0.04358297356420482,False,True
REC_003675,USR_0185,2026-05-18,-1,True,-0.0072297919983935754,0.0072297919983935754,False,False
REC_003717,USR_0187,2026-05-18,1,False,0.044246162105152975,-0.044246162105152975,False,True
REC_003899,USR_0196,2026-05-18,1,False,0.07593680249870122,-0.07593680249870122,False,True
REC_003943,USR_0198,2026-05-18,1,False,0.0705987145352176,-0.0705987145352176,False,True
REC_004251,USR_0213,2026-05-18,1,False,0.0487508127673581,-0.0487508127673581,False,True
REC_004858,USR_0243,2026-05-18,1,False,0.027474516890343248,-0.027474516890343248,False,True
REC_000034,USR_0002,2026-05-19,1,False,0.08400893077896077,-0.08400893077896077,False,True
REC_000178,USR_0009,2026-05-19,1,False,0.08219089044799638,-0.08219089044799638,False,True
REC_000234,USR_0012,2026-05-19,1,False,0.060809789713458906,-0.060809789713458906,False,True
REC_000591,USR_0029,2026-05-19,1,False,0.005686699977545118,-0.005686699977545118,False,True
REC_000735,USR_0038,2026-05-19,1,False,0.09743293043505613,-0.09743293043505613,False,True
REC_000753,USR_0039,2026-05-19,1,False,0.013838579643121074,-0.013838579643121074,True,False
REC_000798,USR_0041,2026-05-19,1,False,0.02782679398984761,-0.02782679398984761,False,True
REC_000813,USR_0042,2026-05-19,1,False,0.07590122826706958,-0.07590122826706958,False,True
REC_000836,USR_0043,2026-05-19,1,False,0.04756669678756442,-0.04756669678756442,False,True
REC_000881,USR_0045,2026-05-19,1,False,0.05166127705631146,-0.05166127705631146,False,True
REC_000931,USR_0048,2026-05-19,1,False,0.08135143673748524,-0.08135143673748524,False,True
REC_001141,USR_0058,2026-05-19,1,False,0.055245436094343736,-0.055245436094343736,False,True
REC_001603,USR_0081,2026-05-19,1,False,0.0397937954099743,-0.0397937954099743,False,True
REC_001620,USR_0082,2026-05-19,1,False,0.037058339404161755,-0.037058339404161755,False,True
REC_001646,USR_0083,2026-05-19,1,False,0.06739161283297274,-0.06739161283297274,False,True
REC_001706,USR_0086,2026-05-19,1,False,0.007120542411371056,-0.007120542411371056,False,True
REC_001767,USR_0089,2026-05-19,1,False,0.01793339848854525,-0.01793339848854525,False,True
REC_001963,USR_0099,2026-05-19,1,False,0.08461745124262143,-0.08461745124262143,False,True
REC_002006,USR_0101,2026-05-19,1,False,0.0311479818828036,-0.0311479818828036,False,True
REC_002064,USR_0104,2026-05-19,1,False,0.035026977233559076,-0.035026977233559076,False,True
REC_002092,USR_0105,2026-05-19,1,False,0.07746352846262888,-0.07746352846262888,False,True
REC_002210,USR_0111,2026-05-19,1,False,0.07859309849176782,-0.07859309849176782,False,True
REC_002309,USR_0116,2026-05-19,1,False,0.041523510700143096,-0.041523510700143096,False,True
REC_002356,USR_0118,2026-05-19,1,False,0.06512794431112257,-0.06512794431112257,False,True
REC_002402,USR_0120,2026-05-19,1,False,0.043678060761449256,-0.043678060761449256,False,True
REC_002419,USR_0121,2026-05-19,1,False,0.030973934000493863,-0.030973934000493863,False,True
REC_002525,USR_0127,2026-05-19,1,False,0.08983823726000789,-0.08983823726000789,False,True
REC_002726,USR_0137,2026-05-19,1,False,0.08616620700024719,-0.08616620700024719,False,True
REC_002747,USR_0138,2026-05-19,1,False,0.0648746161201858,-0.0648746161201858,False,True
REC_002810,USR_0141,2026-05-19,-1,True,-0.022251837355035442,0.022251837355035442,False,False
REC_002848,USR_0143,2026-05-19,1,False,0.07325770286432665,-0.07325770286432665,False,True
REC_003036,USR_0152,2026-05-19,1,False,0.007445670342503097,-0.007445670342503097,False,True
REC_003062,USR_0153,2026-05-19,1,False,0.07982209850076044,-0.07982209850076044,False,True
REC_003091,USR_0155,2026-05-19,1,False,0.01474510021530051,-0.01474510021530051,False,True
REC_003126,USR_0157,2026-05-19,1,False,0.018867584939950888,-0.018867584939950888,True,False
REC_003251,USR_0163,2026-05-19,1,False,0.06353470326710198,-0.06353470326710198,False,True
REC_003344,USR_0168,2026-05-19,-1,True,-0.013678072408669584,0.013678072408669584,False,False
REC_003496,USR_0176,2026-05-19,1,False,0.03375174216593174,-0.03375174216593174,False,True
REC_003565,USR_0179,2026-05-19,1,False,0.03971190106490863,-0.03971190106490863,False,True
REC_003821,USR_0192,2026-05-19,1,False,0.0219477516704496,-0.0219477516704496,False,True
REC_003964,USR_0199,2026-05-19,1,False,0.05848498561413562,-0.05848498561413562,False,True
REC_003983,USR_0200,2026-05-19,1,False,0.040139503454623526,-0.040139503454623526,False,True
REC_004057,USR_0204,2026-05-19,1,False,0.06029953976158048,-0.06029953976158048,False,True
REC_004144,USR_0208,2026-05-19,1,False,0.04780844018088176,-0.04780844018088176,False,True
REC_004252,USR_0213,2026-05-19,1,False,0.03053912860778818,-0.03053912860778818,False,True
REC_004362,USR_0218,2026-05-19,1,False,0.04050905409070821,-0.04050905409070821,False,True
REC_004648,USR_0233,2026-05-19,1,False,0.062039562677407345,-0.062039562677407345,False,True
REC_004683,USR_0235,2026-05-19,1,False,0.057469564907641935,-0.057469564907641935,False,True
REC_004771,USR_0239,2026-05-19,1,False,0.061081144084592476,-0.061081144084592476,False,True
REC_004859,USR_0243,2026-05-19,1,False,0.019835657902351533,-0.019835657902351533,False,True
REC_004899,USR_0245,2026-05-19,1,False,0.04899792573395212,-0.04899792573395212,False,True
REC_004940,USR_0247,2026-05-19,1,False,0.05543677291255894,-0.05543677291255894,False,True
REC_004993,USR_0250,2026-05-19,1,False,0.028089089008095425,-0.028089089008095425,False,True
REC_000112,USR_0006,2026-05-20,1,False,0.053914949319900485,-0.053914949319900485,False,True
REC_000179,USR_0009,2026-05-20,1,False,0.05868451560443,-0.05868451560443,False,True
REC_000418,USR_0021,2026-05-20,1,False,0.03604885435463484,-0.03604885435463484,False,True
REC_000465,USR_0023,2026-05-20,1,False,0.07161497158038743,-0.07161497158038743,False,True
REC_000837,USR_0043,2026-05-20,1,False,0.04298391072416202,-0.04298391072416202,False,True
REC_000932,USR_0048,2026-05-20,1,False,0.07766058735093384,-0.07766058735093384,False,True
REC_001381,USR_0070,2026-05-20,1,False,0.06701879065863775,-0.06701879065863775,False,True
REC_001401,USR_0071,2026-05-20,1,False,0.06184718975773351,-0.06184718975773351,False,True
REC_001420,USR_0072,2026-05-20,1,False,0.0526393299072338,-0.0526393299072338,False,True
REC_001604,USR_0081,2026-05-20,1,False,0.06939492926566831,-0.06939492926566831,False,True
REC_001666,USR_0084,2026-05-20,1,False,0.07189001423687619,-0.07189001423687619,False,True
REC_001707,USR_0086,2026-05-20,1,False,0.03688899188626549,-0.03688899188626549,False,True
REC_001749,USR_0088,2026-05-20,1,False,0.0722912727060509,-0.0722912727060509,False,True
REC_002093,USR_0105,2026-05-20,1,False,0.06096922281098949,-0.06096922281098949,False,True
REC_002111,USR_0106,2026-05-20,1,False,0.0228472165830495,-0.0228472165830495,False,True
REC_002131,USR_0107,2026-05-20,1,False,0.03062151124153012,-0.03062151124153012,False,True
REC_002211,USR_0111,2026-05-20,1,False,0.06809236525668738,-0.06809236525668738,False,True
REC_002310,USR_0116,2026-05-20,1,False,0.06372918082514611,-0.06372918082514611,False,True
REC_002420,USR_0121,2026-05-20,-1,True,-0.002264043090301704,0.002264043090301704,False,False
REC_002437,USR_0122,2026-05-20,1,False,0.10842417471763977,-0.10842417471763977,False,True
REC_002507,USR_0126,2026-05-20,1,False,0.07902280246796467,-0.07902280246796467,False,True
REC_002649,USR_0133,2026-05-20,1,False,0.014520351892343575,-0.014520351892343575,False,True
REC_002748,USR_0138,2026-05-20,1,False,0.04477904835705959,-0.04477904835705959,False,True
REC_002811,USR_0141,2026-05-20,1,False,0.0403355994388761,-0.0403355994388761,False,True
REC_002849,USR_0143,2026-05-20,1,False,0.08541728600316395,-0.08541728600316395,False,True
REC_002998,USR_0150,2026-05-20,1,False,0.05123781235325531,-0.05123781235325531,False,True
REC_003037,USR_0152,2026-05-20,1,False,0.06294565395034213,-0.06294565395034213,False,True
REC_003252,USR_0163,2026-05-20,1,False,0.07679962758063691,-0.07679962758063691,False,True
REC_003321,USR_0167,2026-05-20,1,False,0.04406837823987425,-0.04406837823987425,False,True
REC_003392,USR_0171,2026-05-20,1,False,0.051552000011288235,-0.051552000011288235,False,True
REC_003414,USR_0172,2026-05-20,1,False,0.012719680259369537,-0.012719680259369537,False,True
REC_003433,USR_0173,2026-05-20,1,False,0.0649524009141283,-0.0649524009141283,False,True
REC_003620,USR_0182,2026-05-20,1,False,0.08183239432642575,-0.08183239432642575,False,True
REC_003694,USR_0186,2026-05-20,1,False,0.09893603561462311,-0.09893603561462311,False,True
REC_003733,USR_0188,2026-05-20,1,False,0.02818809546813844,-0.02818809546813844,False,True
REC_003798,USR_0191,2026-05-20,1,False,0.051984747522504926,-0.051984747522504926,False,True
REC_003841,USR_0193,2026-05-20,1,False,0.05846284482955011,-0.05846284482955011,False,True
REC_003865,USR_0194,2026-05-20,1,False,0.03459573500428448,-0.03459573500428448,False,True
REC_003916,USR_0197,2026-05-20,1,False,0.05552510099547825,-0.05552510099547825,False,True
REC_004043,USR_0203,2026-05-20,1,False,0.04612763260488023,-0.04612763260488023,False,True
REC_004253,USR_0213,2026-05-20,1,False,0.06300340872833349,-0.06300340872833349,False,True
REC_004277,USR_0214,2026-05-20,1,False,0.03651014514607803,-0.03651014514607803,False,True
REC_004345,USR_0217,2026-05-20,1,False,0.027747757812720264,-0.027747757812720264,False,True
REC_004397,USR_0220,2026-05-20,1,False,0.05794292970433457,-0.05794292970433457,False,True
REC_004458,USR_0223,2026-05-20,1,False,0.056281592905640054,-0.056281592905640054,False,True
REC_004496,USR_0225,2026-05-20,1,False,0.026147634365949246,-0.026147634365949246,False,True
REC_004610,USR_0231,2026-05-20,1,False,0.04727469099466186,-0.04727469099466186,False,True
REC_004816,USR_0241,2026-05-20,1,False,0.051773837381140775,-0.051773837381140775,False,True
REC_004838,USR_0242,2026-05-20,1,False,0.01899563858465536,-0.01899563858465536,False,True
REC_004860,USR_0243,2026-05-20,1,False,0.01733218679040005,-0.01733218679040005,False,True
REC_004900,USR_0245,2026-05-20,1,False,0.05284829094897625,-0.05284829094897625,False,True
REC_004976,USR_0249,2026-05-20,1,False,0.013711284932816148,-0.013711284932816148,False,True
REC_004994,USR_0250,2026-05-20,1,False,0.00814629838877401,-0.00814629838877401,False,True
REC_000131,USR_0007,2026-05-21,1,False,0.00622215545774385,-0.00622215545774385,False,True
REC_000199,USR_0010,2026-05-21,1,False,0.02663407883371982,-0.02663407883371982,False,True
REC_000219,USR_0011,2026-05-21,1,False,0.003977184153772351,-0.003977184153772351,False,True
REC_000279,USR_0014,2026-05-21,1,False,0.024738974779534018,-0.024738974779534018,False,True
REC_000321,USR_0016,2026-05-21,1,False,0.0971451202297019,-0.0971451202297019,False,True
REC_000548,USR_0027,2026-05-21,1,False,0.07173152800893895,-0.07173152800893895,False,True
REC_000691,USR_0035,2026-05-21,1,False,0.068000388135529,-0.068000388135529,False,True
REC_000754,USR_0039,2026-05-21,1,False,0.047393237236620256,-0.047393237236620256,False,True
REC_000773,USR_0040,2026-05-21,1,False,0.07555218637571043,-0.07555218637571043,False,True
REC_000838,USR_0043,2026-05-21,1,False,0.025374600588384533,-0.025374600588384533,True,False
REC_000996,USR_0051,2026-05-21,1,False,0.07517294204440716,-0.07517294204440716,True,False
REC_001018,USR_0052,2026-05-21,1,False,0.05312645651102704,-0.05312645651102704,False,True
REC_001064,USR_0054,2026-05-21,1,False,0.034400002030089694,-0.034400002030089694,False,True
REC_001082,USR_0055,2026-05-21,1,False,0.07231062743482913,-0.07231062743482913,False,True
REC_001098,USR_0056,2026-05-21,1,False,0.05751662630196491,-0.05751662630196491,False,True
REC_001292,USR_0066,2026-05-21,1,False,0.06328209319896982,-0.06328209319896982,False,True
REC_001334,USR_0068,2026-05-21,1,False,0.06487959498934259,-0.06487959498934259,False,True
REC_001382,USR_0070,2026-05-21,1,False,0.05638352319558765,-0.05638352319558765,False,True
REC_001421,USR_0072,2026-05-21,1,False,0.017808880177734077,-0.017808880177734077,False,True
REC_001459,USR_0074,2026-05-21,1,False,0.07976545495341741,-0.07976545495341741,False,True
REC_001768,USR_0089,2026-05-21,-1,True,-0.012140585842300933,0.012140585842300933,False,False
REC_001913,USR_0097,2026-05-21,1,False,0.05910806025902665,-0.05910806025902665,False,True
REC_001938,USR_0098,2026-05-21,1,False,0.05280162651522419,-0.05280162651522419,False,True
REC_001985,USR_0100,2026-05-21,1,False,0.026226350461329984,-0.026226350461329984,False,True
REC_002094,USR_0105,2026-05-21,1,False,0.07580762998772494,-0.07580762998772494,False,True
REC_002287,USR_0115,2026-05-21,1,False,0.04187474906129035,-0.04187474906129035,False,True
REC_002357,USR_0118,2026-05-21,1,False,0.030326632087137484,-0.030326632087137484,False,True
REC_002376,USR_0119,2026-05-21,1,False,0.08251501674912304,-0.08251501674912304,False,True
REC_002572,USR_0129,2026-05-21,1,False,0.06957426487636253,-0.06957426487636253,False,True
REC_002589,USR_0130,2026-05-21,-1,True,-0.005554395617357932,0.005554395617357932,False,False
REC_002727,USR_0137,2026-05-21,1,False,0.04732717734768205,-0.04732717734768205,False,True
REC_002875,USR_0144,2026-05-21,1,False,0.057039106127577566,-0.057039106127577566,False,True
REC_002894,USR_0145,2026-05-21,1,False,0.01487832998879346,-0.01487832998879346,False,True
REC_003063,USR_0153,2026-05-21,1,False,0.0804238797030864,-0.0804238797030864,False,True
REC_003103,USR_0156,2026-05-21,1,False,0.0430775893722572,-0.0430775893722572,False,True
REC_003224,USR_0162,2026-05-21,1,False,0.031106866587782722,-0.031106866587782722,False,True
REC_003305,USR_0166,2026-05-21,1,False,0.05553669354336743,-0.05553669354336743,False,True
REC_003345,USR_0168,2026-05-21,-1,True,-0.016887653053232365,0.016887653053232365,False,False
REC_003477,USR_0175,2026-05-21,1,False,0.000924642840617218,-0.000924642840617218,False,True
REC_003497,USR_0176,2026-05-21,1,False,0.03253662875858737,-0.03253662875858737,False,True
REC_003601,USR_0181,2026-05-21,1,False,0.0809268384223184,-0.0809268384223184,False,True
REC_003621,USR_0182,2026-05-21,1,False,0.09504139810431639,-0.09504139810431639,False,True
REC_003676,USR_0185,2026-05-21,1,False,0.04065747714947732,-0.04065747714947732,False,True
REC_003944,USR_0198,2026-05-21,1,False,0.0646390294224517,-0.0646390294224517,False,True
REC_004044,USR_0203,2026-05-21,1,False,0.04797960963589648,-0.04797960963589648,False,True
REC_004096,USR_0206,2026-05-21,1,False,0.06995002175106485,-0.06995002175106485,False,True
REC_004145,USR_0208,2026-05-21,1,False,0.04885379396838524,-0.04885379396838524,False,True
REC_004278,USR_0214,2026-05-21,1,False,0.07318529644322547,-0.07318529644322547,False,True
REC_004480,USR_0224,2026-05-21,1,False,0.06119461802102666,-0.06119461802102666,True,False
REC_004611,USR_0231,2026-05-21,1,False,0.0396062195465226,-0.0396062195465226,False,True
REC_004684,USR_0235,2026-05-21,1,False,0.03915492837517176,-0.03915492837517176,False,True
REC_004772,USR_0239,2026-05-21,1,False,0.05423134404071461,-0.05423134404071461,False,True
REC_004796,USR_0240,2026-05-21,1,False,0.04606380226322454,-0.04606380226322454,False,True
REC_004861,USR_0243,2026-05-21,-1,True,-0.021259963294654738,0.021259963294654738,False,False
REC_004924,USR_0246,2026-05-21,1,False,0.06564413776228151,-0.06564413776228151,False,True
REC_000322,USR_0016,2026-05-22,1,False,0.09523306265068093,-0.09523306265068093,False,True
REC_000379,USR_0019,2026-05-22,1,False,0.05407368744030172,-0.05407368744030172,False,True
REC_000419,USR_0021,2026-05-22,1,False,0.05262854965393021,-0.05262854965393021,False,True
REC_000570,USR_0028,2026-05-22,1,False,0.04197376695158744,-0.04197376695158744,False,True
REC_000612,USR_0030,2026-05-22,1,False,0.07086623679407711,-0.07086623679407711,False,True
REC_000648,USR_0032,2026-05-22,1,False,0.05378411730619986,-0.05378411730619986,False,True
REC_000736,USR_0038,2026-05-22,1,False,0.045137583216093125,-0.045137583216093125,False,True
REC_000839,USR_0043,2026-05-22,1,False,0.06519614536991208,-0.06519614536991208,False,True
REC_000951,USR_0049,2026-05-22,1,False,0.042695630224682646,-0.042695630224682646,False,True
REC_001037,USR_0053,2026-05-22,1,False,0.09165214571010044,-0.09165214571010044,False,True
REC_001065,USR_0054,2026-05-22,1,False,0.04381640081613708,-0.04381640081613708,False,True
REC_001099,USR_0056,2026-05-22,1,False,0.07531723250430072,-0.07531723250430072,False,True
REC_001235,USR_0063,2026-05-22,1,False,0.09340912575649557,-0.09340912575649557,False,True
REC_001335,USR_0068,2026-05-22,1,False,0.04880989520331336,-0.04880989520331336,False,True
REC_001383,USR_0070,2026-05-22,1,False,0.069360252477222,-0.069360252477222,False,True
REC_001440,USR_0073,2026-05-22,1,False,0.07183151763372275,-0.07183151763372275,False,True
REC_001503,USR_0076,2026-05-22,1,False,0.027377994665526262,-0.027377994665526262,False,True
REC_001547,USR_0078,2026-05-22,1,False,0.06842632839980028,-0.06842632839980028,False,True
REC_001708,USR_0086,2026-05-22,1,False,0.01761782132324996,-0.01761782132324996,False,True
REC_001730,USR_0087,2026-05-22,1,False,0.01763087958631082,-0.01763087958631082,False,True
REC_001769,USR_0089,2026-05-22,1,False,0.018542037211281226,-0.018542037211281226,False,True
REC_001805,USR_0091,2026-05-22,1,False,0.02297477785067986,-0.02297477785067986,False,True
REC_001914,USR_0097,2026-05-22,1,False,0.06975911325810119,-0.06975911325810119,False,True
REC_002046,USR_0103,2026-05-22,1,False,0.04226875270390684,-0.04226875270390684,False,True
REC_002095,USR_0105,2026-05-22,1,False,0.08862746061052856,-0.08862746061052856,False,True
REC_002112,USR_0106,2026-05-22,1,False,0.0699687998321159,-0.0699687998321159,False,True
REC_002154,USR_0108,2026-05-22,1,False,0.005555194087781268,-0.005555194087781268,False,True
REC_002212,USR_0111,2026-05-22,1,False,0.021520859835769235,-0.021520859835769235,False,True
REC_002288,USR_0115,2026-05-22,1,False,0.04336689493029505,-0.04336689493029505,False,True
REC_002311,USR_0116,2026-05-22,1,False,0.07333025265045656,-0.07333025265045656,False,True
REC_002377,USR_0119,2026-05-22,1,False,0.02282788865696178,-0.02282788865696178,False,True
REC_002403,USR_0120,2026-05-22,1,False,0.015219068797566071,-0.015219068797566071,False,True
REC_002438,USR_0122,2026-05-22,1,False,0.07946991525805341,-0.07946991525805341,False,True
REC_002590,USR_0130,2026-05-22,1,False,0.038074561925170225,-0.038074561925170225,False,True
REC_002630,USR_0132,2026-05-22,1,False,0.04139155928725591,-0.04139155928725591,False,True
REC_002790,USR_0140,2026-05-22,1,False,0.07297966574855935,-0.07297966574855935,False,True
REC_002812,USR_0141,2026-05-22,-1,True,-0.0025531147122680453,0.0025531147122680453,False,False
REC_002850,USR_0143,2026-05-22,1,False,0.05148003128340045,-0.05148003128340045,False,True
REC_003038,USR_0152,2026-05-22,1,False,0.03309056784365627,-0.03309056784365627,False,True
REC_003148,USR_0158,2026-05-22,1,False,0.04972256485661797,-0.04972256485661797,False,True
REC_003165,USR_0159,2026-05-22,1,False,0.06103639637941416,-0.06103639637941416,False,True
REC_003206,USR_0161,2026-05-22,1,False,0.06692538230836109,-0.06692538230836109,False,True
REC_003225,USR_0162,2026-05-22,1,False,0.043353972040847455,-0.043353972040847455,False,True
REC_003306,USR_0166,2026-05-22,1,False,0.09245701429315278,-0.09245701429315278,False,True
REC_003360,USR_0169,2026-05-22,1,False,0.0807685271748006,-0.0807685271748006,False,True
REC_003520,USR_0177,2026-05-22,1,False,0.03152958291261898,-0.03152958291261898,False,True
REC_003582,USR_0180,2026-05-22,1,False,0.0838234227073546,-0.0838234227073546,False,True
REC_003602,USR_0181,2026-05-22,1,False,0.04696522851584284,-0.04696522851584284,False,True
REC_003677,USR_0185,2026-05-22,1,False,0.05639925374122162,-0.05639925374122162,False,True
REC_003695,USR_0186,2026-05-22,1,False,0.03742736151712628,-0.03742736151712628,False,True
REC_003757,USR_0189,2026-05-22,1,False,0.02551631287570655,-0.02551631287570655,False,True
REC_003822,USR_0192,2026-05-22,-1,True,-0.03387589041029937,0.03387589041029937,True,True
REC_003866,USR_0194,2026-05-22,1,False,0.022376137734336554,-0.022376137734336554,False,True
REC_003984,USR_0200,2026-05-22,1,False,0.0645566279700081,-0.0645566279700081,False,True
REC_004010,USR_0201,2026-05-22,1,False,0.09776952328108962,-0.09776952328108962,False,True
REC_004075,USR_0205,2026-05-22,1,False,0.05526440449791631,-0.05526440449791631,False,True
REC_004097,USR_0206,2026-05-22,1,False,0.045750490689741796,-0.045750490689741796,False,True
REC_004146,USR_0208,2026-05-22,1,False,0.038540065076847985,-0.038540065076847985,False,True
REC_004254,USR_0213,2026-05-22,1,False,0.062286699321608574,-0.062286699321608574,False,True
REC_004298,USR_0215,2026-05-22,1,False,0.07528431440582872,-0.07528431440582872,False,True
REC_004346,USR_0217,2026-05-22,1,False,0.033650152578071135,-0.033650152578071135,False,True
REC_004363,USR_0218,2026-05-22,1,False,0.020633342412048394,-0.020633342412048394,False,True
REC_004459,USR_0223,2026-05-22,1,False,0.08538009833963545,-0.08538009833963545,False,True
REC_004534,USR_0227,2026-05-22,1,False,0.09433808061035248,-0.09433808061035248,False,True
REC_004612,USR_0231,2026-05-22,1,False,0.03527485081405768,-0.03527485081405768,False,True
REC_004773,USR_0239,2026-05-22,1,False,0.04679839768139066,-0.04679839768139066,False,True
REC_000090,USR_0005,2026-05-23,1,False,0.04782538999019509,-0.04782538999019509,False,True
REC_000200,USR_0010,2026-05-23,1,False,0.027819433127190485,-0.027819433127190485,False,True
REC_000260,USR_0013,2026-05-23,1,False,0.09019662126450817,-0.09019662126450817,False,True
REC_000341,USR_0017,2026-05-23,1,False,0.06750931673507182,-0.06750931673507182,False,True
REC_000442,USR_0022,2026-05-23,-1,True,-0.002175394958946253,0.002175394958946253,False,False
REC_000486,USR_0024,2026-05-23,1,False,0.04010854655299528,-0.04010854655299528,False,True
REC_000592,USR_0029,2026-05-23,1,False,0.059793971112291955,-0.059793971112291955,False,True
REC_000737,USR_0038,2026-05-23,1,False,0.0770673652913621,-0.0770673652913621,False,True
REC_000774,USR_0040,2026-05-23,1,False,0.05511653974889513,-0.05511653974889513,False,True
REC_000898,USR_0046,2026-05-23,1,False,0.0007114101168478326,-0.0007114101168478326,False,True
REC_000977,USR_0050,2026-05-23,1,False,0.011684354894507587,-0.011684354894507587,False,True
REC_000997,USR_0051,2026-05-23,1,False,0.06142137254588509,-0.06142137254588509,True,False
REC_001083,USR_0055,2026-05-23,1,False,0.036938602437970425,-0.036938602437970425,False,True
REC_001100,USR_0056,2026-05-23,1,False,0.04133668584435174,-0.04133668584435174,False,True
REC_001160,USR_0059,2026-05-23,1,False,0.04105659431720571,-0.04105659431720571,False,True
REC_001422,USR_0072,2026-05-23,1,False,0.02031371334699783,-0.02031371334699783,False,True
REC_001441,USR_0073,2026-05-23,1,False,0.08598155610149316,-0.08598155610149316,False,True
REC_001521,USR_0077,2026-05-23,1,False,0.08853183011253124,-0.08853183011253124,False,True
REC_001605,USR_0081,2026-05-23,1,False,0.015502950412917826,-0.015502950412917826,False,True
REC_001621,USR_0082,2026-05-23,1,False,0.04249572651445027,-0.04249572651445027,False,True
REC_001731,USR_0087,2026-05-23,1,False,0.04017213032137523,-0.04017213032137523,False,True
REC_001845,USR_0093,2026-05-23,1,False,0.026468216532067712,-0.026468216532067712,False,True
REC_001898,USR_0096,2026-05-23,1,False,0.07023845577461696,-0.07023845577461696,False,True
REC_001915,USR_0097,2026-05-23,1,False,0.07682774105245327,-0.07682774105245327,False,True
REC_002096,USR_0105,2026-05-23,1,False,0.07582807518500095,-0.07582807518500095,False,True
REC_002132,USR_0107,2026-05-23,1,False,0.09268700684419745,-0.09268700684419745,False,True
REC_002526,USR_0127,2026-05-23,1,False,0.06972026642206813,-0.06972026642206813,False,True
REC_002650,USR_0133,2026-05-23,1,False,0.055424594447534836,-0.055424594447534836,False,True
REC_002709,USR_0136,2026-05-23,1,False,0.03306605413148189,-0.03306605413148189,True,False
REC_002749,USR_0138,2026-05-23,1,False,0.025831864219494294,-0.025831864219494294,False,True
REC_002851,USR_0143,2026-05-23,1,False,0.029576950657416,-0.029576950657416,False,True
REC_002895,USR_0145,2026-05-23,1,False,0.04727624931947905,-0.04727624931947905,False,True
REC_002913,USR_0146,2026-05-23,1,False,0.030335472672780806,-0.030335472672780806,False,True
REC_002934,USR_0147,2026-05-23,1,False,0.0741877260661124,-0.0741877260661124,False,True
REC_003166,USR_0159,2026-05-23,1,False,0.07556632554248705,-0.07556632554248705,False,True
REC_003284,USR_0165,2026-05-23,1,False,0.09604054215070501,-0.09604054215070501,False,True
REC_003758,USR_0189,2026-05-23,1,False,0.002509983973355001,-0.002509983973355001,False,True
REC_003799,USR_0191,2026-05-23,1,False,0.04988490546064628,-0.04988490546064628,False,True
REC_003900,USR_0196,2026-05-23,1,False,0.05183373373686018,-0.05183373373686018,False,True
REC_004208,USR_0211,2026-05-23,1,False,0.05140501784726864,-0.05140501784726864,False,True
REC_004255,USR_0213,2026-05-23,1,False,0.025293767928074307,-0.025293767928074307,False,True
REC_004279,USR_0214,2026-05-23,1,False,0.07171214915973034,-0.07171214915973034,False,True
REC_004570,USR_0229,2026-05-23,1,False,0.09353608409041819,-0.09353608409041819,False,True
REC_004613,USR_0231,2026-05-23,1,False,0.0346575621604176,-0.0346575621604176,False,True
REC_004666,USR_0234,2026-05-23,1,False,0.07556589027873539,-0.07556589027873539,False,True
REC_004774,USR_0239,2026-05-23,1,False,0.07662418245699648,-0.07662418245699648,False,True
REC_004797,USR_0240,2026-05-23,1,False,0.06762319110549386,-0.06762319110549386,False,True
REC_000035,USR_0002,2026-05-24,1,False,0.0770186824487537,-0.0770186824487537,False,True
REC_000058,USR_0003,2026-05-24,1,False,0.008100151788259291,-0.008100151788259291,False,True
REC_000132,USR_0007,2026-05-24,1,False,0.04013938405552708,-0.04013938405552708,False,True
REC_000323,USR_0016,2026-05-24,1,False,0.05740008625579002,-0.05740008625579002,False,True
REC_000397,USR_0020,2026-05-24,1,False,0.08479632177958657,-0.08479632177958657,False,True
REC_000443,USR_0022,2026-05-24,1,False,0.00996493844216606,-0.00996493844216606,False,True
REC_000487,USR_0024,2026-05-24,1,False,0.05326576089670809,-0.05326576089670809,False,True
REC_000613,USR_0030,2026-05-24,1,False,0.023840744658301716,-0.023840744658301716,False,True
REC_000814,USR_0042,2026-05-24,1,False,0.059264507845958936,-0.059264507845958936,False,True
REC_000882,USR_0045,2026-05-24,1,False,0.034609933823687766,-0.034609933823687766,False,True
REC_000978,USR_0050,2026-05-24,1,False,0.03060300384336334,-0.03060300384336334,False,True
REC_000998,USR_0051,2026-05-24,1,False,0.08754876772519399,-0.08754876772519399,False,True
REC_001066,USR_0054,2026-05-24,1,False,0.06621274566479779,-0.06621274566479779,False,True
REC_001336,USR_0068,2026-05-24,1,False,0.05454349570145006,-0.05454349570145006,False,True
REC_001647,USR_0083,2026-05-24,1,False,0.07632951882907946,-0.07632951882907946,False,True
REC_001667,USR_0084,2026-05-24,1,False,0.06940835649018279,-0.06940835649018279,False,True
REC_001864,USR_0094,2026-05-24,1,False,0.009771137127671525,-0.009771137127671525,False,True
REC_001939,USR_0098,2026-05-24,1,False,0.07522561118946669,-0.07522561118946669,False,True
REC_002007,USR_0101,2026-05-24,1,False,0.020675953255811397,-0.020675953255811397,False,True
REC_002065,USR_0104,2026-05-24,1,False,0.06966267464276132,-0.06966267464276132,False,True
REC_002097,USR_0105,2026-05-24,1,False,0.08607034353453824,-0.08607034353453824,False,True
REC_002191,USR_0110,2026-05-24,1,False,0.026238557509608962,-0.026238557509608962,False,True
REC_002312,USR_0116,2026-05-24,1,False,0.09765768786673756,-0.09765768786673756,False,True
REC_002358,USR_0118,2026-05-24,1,False,0.04976909110365885,-0.04976909110365885,False,True
REC_002486,USR_0125,2026-05-24,1,False,0.050112367539775826,-0.050112367539775826,False,True
REC_002553,USR_0128,2026-05-24,1,False,0.050655828301476136,-0.050655828301476136,False,True
REC_002573,USR_0129,2026-05-24,1,False,0.03215418734083281,-0.03215418734083281,False,True
REC_002591,USR_0130,2026-05-24,1,False,0.04143340080777719,-0.04143340080777719,False,True
REC_002631,USR_0132,2026-05-24,1,False,0.06878777956273902,-0.06878777956273902,False,True
REC_002813,USR_0141,2026-05-24,-1,True,-0.017199817989601685,0.017199817989601685,False,False
REC_002876,USR_0144,2026-05-24,1,False,0.06133696969822766,-0.06133696969822766,False,True
REC_003039,USR_0152,2026-05-24,1,False,0.06434318479455925,-0.06434318479455925,False,True
REC_003226,USR_0162,2026-05-24,1,False,0.012657252822185328,-0.012657252822185328,False,True
REC_003393,USR_0171,2026-05-24,1,False,0.044955626817650474,-0.044955626817650474,False,True
REC_003434,USR_0173,2026-05-24,1,False,0.047199883445985136,-0.047199883445985136,False,True
REC_003521,USR_0177,2026-05-24,1,False,0.04383977771203856,-0.04383977771203856,False,True
REC_003583,USR_0180,2026-05-24,1,False,0.0864319996513272,-0.0864319996513272,False,True
REC_003661,USR_0184,2026-05-24,1,False,0.05496198159330484,-0.05496198159330484,False,True
REC_003678,USR_0185,2026-05-24,1,False,0.07810257369604612,-0.07810257369604612,False,True
REC_003800,USR_0191,2026-05-24,1,False,0.052878960564663235,-0.052878960564663235,True,False
REC_003867,USR_0194,2026-05-24,1,False,0.07910213228967738,-0.07910213228967738,False,True
REC_003917,USR_0197,2026-05-24,1,False,0.06752330080454666,-0.06752330080454666,False,True
REC_003945,USR_0198,2026-05-24,1,False,0.01126650218699754,-0.01126650218699754,False,True
REC_004011,USR_0201,2026-05-24,1,False,0.06246073190249479,-0.06246073190249479,False,True
REC_004414,USR_0221,2026-05-24,1,False,0.037077513654082184,-0.037077513654082184,False,True
REC_004571,USR_0229,2026-05-24,1,False,0.06689216855967006,-0.06689216855967006,False,True
REC_004667,USR_0234,2026-05-24,1,False,0.08746504548659234,-0.08746504548659234,False,True
REC_004706,USR_0236,2026-05-24,1,False,0.0700132587650027,-0.0700132587650027,False,True
REC_004775,USR_0239,2026-05-24,1,False,0.04278100374904964,-0.04278100374904964,False,True
REC_004817,USR_0241,2026-05-24,1,False,0.04868915074886371,-0.04868915074886371,False,True
REC_004862,USR_0243,2026-05-24,1,False,0.0035659759014332604,-0.0035659759014332604,False,True
REC_000059,USR_0003,2026-05-25,1,False,0.030962452737764323,-0.030962452737764323,False,True
REC_000113,USR_0006,2026-05-25,1,False,0.07708642481946276,-0.07708642481946276,False,True
REC_000220,USR_0011,2026-05-25,1,False,0.06400490609028714,-0.06400490609028714,False,True
REC_000280,USR_0014,2026-05-25,1,False,0.0508957873912374,-0.0508957873912374,False,True
REC_000300,USR_0015,2026-05-25,1,False,0.08351860365884312,-0.08351860365884312,False,True
REC_000444,USR_0022,2026-05-25,1,False,0.02150497828457032,-0.02150497828457032,False,True
REC_000466,USR_0023,2026-05-25,1,False,0.0748286087808277,-0.0748286087808277,False,True
REC_000488,USR_0024,2026-05-25,1,False,0.043801787017538285,-0.043801787017538285,False,True
REC_000708,USR_0036,2026-05-25,1,False,0.0691305944942513,-0.0691305944942513,False,True
REC_000775,USR_0040,2026-05-25,1,False,0.09278519636687127,-0.09278519636687127,False,True
REC_000863,USR_0044,2026-05-25,1,False,0.0931647216920869,-0.0931647216920869,False,True
REC_001038,USR_0053,2026-05-25,1,False,0.06159204206625951,-0.06159204206625951,False,True
REC_001142,USR_0058,2026-05-25,1,False,0.042124677276467626,-0.042124677276467626,False,True
REC_001402,USR_0071,2026-05-25,1,False,0.07168964213488477,-0.07168964213488477,False,True
REC_001567,USR_0079,2026-05-25,1,False,0.08853152056442865,-0.08853152056442865,False,True
REC_001770,USR_0089,2026-05-25,-1,True,-0.02569321719317752,0.02569321719317752,False,False
REC_001846,USR_0093,2026-05-25,1,False,0.0301750558716824,-0.0301750558716824,False,True
REC_001879,USR_0095,2026-05-25,1,False,0.0640309594116546,-0.0640309594116546,False,True
REC_001916,USR_0097,2026-05-25,1,False,0.07958083930733661,-0.07958083930733661,False,True
REC_001986,USR_0100,2026-05-25,1,False,0.052347740616456695,-0.052347740616456695,False,True
REC_002008,USR_0101,2026-05-25,1,False,0.038955455683815254,-0.038955455683815254,False,True
REC_002133,USR_0107,2026-05-25,1,False,0.05584795076357474,-0.05584795076357474,False,True
REC_002192,USR_0110,2026-05-25,1,False,0.07233208296733873,-0.07233208296733873,False,True
REC_002487,USR_0125,2026-05-25,1,False,0.04553866504819842,-0.04553866504819842,False,True
REC_002592,USR_0130,2026-05-25,1,False,0.04566852485614736,-0.04566852485614736,False,True
REC_002694,USR_0135,2026-05-25,1,False,0.025980666961823162,-0.025980666961823162,False,True
REC_002814,USR_0141,2026-05-25,1,False,0.030244325338159073,-0.030244325338159073,False,True
REC_002958,USR_0148,2026-05-25,1,False,0.026721724176045403,-0.026721724176045403,False,True
REC_003092,USR_0155,2026-05-25,1,False,0.017439903703586723,-0.017439903703586723,False,True
REC_003127,USR_0157,2026-05-25,-1,True,-0.0014759531066395049,0.0014759531066395049,False,False
REC_003149,USR_0158,2026-05-25,1,False,0.07710022906505365,-0.07710022906505365,False,True
REC_003415,USR_0172,2026-05-25,1,False,0.01535210024719924,-0.01535210024719924,False,True
REC_003435,USR_0173,2026-05-25,1,False,0.07319113857879478,-0.07319113857879478,False,True
REC_003522,USR_0177,2026-05-25,1,False,0.022054309120433935,-0.022054309120433935,False,True
REC_003543,USR_0178,2026-05-25,1,False,0.05277155529612637,-0.05277155529612637,False,True
REC_003566,USR_0179,2026-05-25,1,False,0.06427741786882146,-0.06427741786882146,False,True
REC_003584,USR_0180,2026-05-25,1,False,0.0854130173078253,-0.0854130173078253,False,True
REC_003641,USR_0183,2026-05-25,1,False,0.06255256547478844,-0.06255256547478844,False,True
REC_003718,USR_0187,2026-05-25,1,False,0.044460645953069144,-0.044460645953069144,False,True
REC_003734,USR_0188,2026-05-25,1,False,0.055393156828173806,-0.055393156828173806,False,True
REC_003823,USR_0192,2026-05-25,1,False,0.02441884771271874,-0.02441884771271874,False,True
REC_003946,USR_0198,2026-05-25,1,False,0.06145231068317614,-0.06145231068317614,False,True
REC_004058,USR_0204,2026-05-25,1,False,0.03822942324497541,-0.03822942324497541,False,True
REC_004076,USR_0205,2026-05-25,1,False,0.09532077638245956,-0.09532077638245956,False,True
REC_004098,USR_0206,2026-05-25,1,False,0.044748332191769324,-0.044748332191769324,False,True
REC_004280,USR_0214,2026-05-25,1,False,0.07018189822690152,-0.07018189822690152,False,True
REC_004321,USR_0216,2026-05-25,1,False,0.06860229040495502,-0.06860229040495502,False,True
REC_004381,USR_0219,2026-05-25,1,False,0.055914607577306874,-0.055914607577306874,False,True
REC_004439,USR_0222,2026-05-25,1,False,0.03619664571770442,-0.03619664571770442,False,True
REC_004460,USR_0223,2026-05-25,1,False,0.03302192332161569,-0.03302192332161569,False,True
REC_004707,USR_0236,2026-05-25,1,False,0.0681113890030643,-0.0681113890030643,False,True
REC_004726,USR_0237,2026-05-25,1,False,0.016150408573778696,-0.016150408573778696,False,True
REC_004776,USR_0239,2026-05-25,1,False,0.0430856427237597,-0.0430856427237597,False,True
REC_004818,USR_0241,2026-05-25,1,False,0.06691369663761382,-0.06691369663761382,False,True
REC_004863,USR_0243,2026-05-25,1,False,0.012088096870878529,-0.012088096870878529,False,True
REC_004901,USR_0245,2026-05-25,1,False,0.07276398150053515,-0.07276398150053515,False,True
REC_000091,USR_0005,2026-05-26,1,False,0.04641447793914938,-0.04641447793914938,False,True
REC_000160,USR_0008,2026-05-26,1,False,0.06854033792122233,-0.06854033792122233,False,True
REC_000180,USR_0009,2026-05-26,1,False,0.06326985816648512,-0.06326985816648512,False,True
REC_000324,USR_0016,2026-05-26,1,False,0.0870907510423598,-0.0870907510423598,False,True
REC_000364,USR_0018,2026-05-26,1,False,0.07752679102965826,-0.07752679102965826,False,True
REC_000630,USR_0031,2026-05-26,1,False,0.08223255731643164,-0.08223255731643164,False,True
REC_000776,USR_0040,2026-05-26,1,False,0.04216131819368357,-0.04216131819368357,False,True
REC_000815,USR_0042,2026-05-26,1,False,0.08096322133629719,-0.08096322133629719,False,True
REC_000979,USR_0050,2026-05-26,1,False,0.04336220217745501,-0.04336220217745501,False,True
REC_000999,USR_0051,2026-05-26,1,False,0.02614472409676727,-0.02614472409676727,False,True
REC_001067,USR_0054,2026-05-26,1,False,0.05137138045488032,-0.05137138045488032,False,True
REC_001223,USR_0062,2026-05-26,1,False,0.00966847122396719,-0.00966847122396719,False,True
REC_001236,USR_0063,2026-05-26,1,False,0.08216936306185835,-0.08216936306185835,False,True
REC_001255,USR_0064,2026-05-26,1,False,0.0850803260570811,-0.0850803260570811,False,True
REC_001293,USR_0066,2026-05-26,1,False,0.03937766331088555,-0.03937766331088555,False,True
REC_001548,USR_0078,2026-05-26,1,False,0.06401625173804237,-0.06401625173804237,False,True
REC_001709,USR_0086,2026-05-26,1,False,0.053015882510071666,-0.053015882510071666,False,True
REC_001806,USR_0091,2026-05-26,1,False,0.05412065166364799,-0.05412065166364799,False,True
REC_001826,USR_0092,2026-05-26,1,False,0.07279925167082135,-0.07279925167082135,False,True
REC_001847,USR_0093,2026-05-26,1,False,0.0467063982598962,-0.0467063982598962,False,True
REC_001917,USR_0097,2026-05-26,1,False,0.09368962882006232,-0.09368962882006232,False,True
REC_002009,USR_0101,2026-05-26,1,False,0.037404457924224865,-0.037404457924224865,False,True
REC_002047,USR_0103,2026-05-26,1,False,0.08273409424322992,-0.08273409424322992,False,True
REC_002134,USR_0107,2026-05-26,1,False,0.07694931537655314,-0.07694931537655314,False,True
REC_002227,USR_0112,2026-05-26,1,False,0.07304679202052727,-0.07304679202052727,False,True
REC_002439,USR_0122,2026-05-26,1,False,0.06334298028251306,-0.06334298028251306,False,True
REC_002767,USR_0139,2026-05-26,1,False,0.0700703366403917,-0.0700703366403917,False,True
REC_002935,USR_0147,2026-05-26,1,False,0.07500564489168615,-0.07500564489168615,False,True
REC_003040,USR_0152,2026-05-26,1,False,0.049711375518811496,-0.049711375518811496,False,True
REC_003167,USR_0159,2026-05-26,1,False,0.09327146133820596,-0.09327146133820596,False,True
REC_003285,USR_0165,2026-05-26,1,False,0.07787025953567872,-0.07787025953567872,False,True
REC_003394,USR_0171,2026-05-26,1,False,0.03412064863951092,-0.03412064863951092,False,True
REC_003455,USR_0174,2026-05-26,1,False,0.07255786172831352,-0.07255786172831352,False,True
REC_003478,USR_0175,2026-05-26,1,False,0.032477836812427,-0.032477836812427,True,False
REC_003801,USR_0191,2026-05-26,1,False,0.1054594904170385,-0.1054594904170385,False,True
REC_003842,USR_0193,2026-05-26,1,False,0.023152201925545568,-0.023152201925545568,False,True
REC_003965,USR_0199,2026-05-26,1,False,0.06374114417257559,-0.06374114417257559,False,True
REC_004012,USR_0201,2026-05-26,1,False,0.061851337277549934,-0.061851337277549934,False,True
REC_004059,USR_0204,2026-05-26,1,False,0.03893704209510679,-0.03893704209510679,False,True
REC_004077,USR_0205,2026-05-26,1,False,0.04190402395296888,-0.04190402395296888,False,True
REC_004167,USR_0209,2026-05-26,1,False,0.07429817344376732,-0.07429817344376732,False,True
REC_004189,USR_0210,2026-05-26,1,False,0.061616825528945984,-0.061616825528945984,False,True
REC_004322,USR_0216,2026-05-26,1,False,0.035054808675960836,-0.035054808675960836,False,True
REC_004415,USR_0221,2026-05-26,1,False,0.06995425755516893,-0.06995425755516893,False,True
REC_004593,USR_0230,2026-05-26,1,False,0.021598163127383718,-0.021598163127383718,False,True
REC_004614,USR_0231,2026-05-26,1,False,0.02929788223038804,-0.02929788223038804,False,True
REC_004668,USR_0234,2026-05-26,1,False,0.03550565829405666,-0.03550565829405666,False,True
REC_004685,USR_0235,2026-05-26,1,False,0.0032155479044326807,-0.0032155479044326807,False,True
REC_004777,USR_0239,2026-05-26,1,False,0.031875525025557905,-0.031875525025557905,False,True
REC_004864,USR_0243,2026-05-26,1,False,0.06861052137512669,-0.06861052137512669,False,True
REC_004977,USR_0249,2026-05-26,1,False,0.03937523599233428,-0.03937523599233428,False,True
REC_004995,USR_0250,2026-05-26,1,False,0.060377795142403046,-0.060377795142403046,False,True
REC_000235,USR_0012,2026-05-27,1,False,0.020130267658749257,-0.020130267658749257,False,True
REC_000325,USR_0016,2026-05-27,1,False,0.09707773599259584,-0.09707773599259584,False,True
REC_000593,USR_0029,2026-05-27,1,False,0.04941595273493704,-0.04941595273493704,False,True
REC_000614,USR_0030,2026-05-27,1,False,0.032845916536648645,-0.032845916536648645,False,True
REC_000662,USR_0033,2026-05-27,1,False,0.09131366748191394,-0.09131366748191394,False,True
REC_000916,USR_0047,2026-05-27,1,False,0.05092745652628977,-0.05092745652628977,False,True
REC_000952,USR_0049,2026-05-27,1,False,0.05880009028518901,-0.05880009028518901,False,True
REC_001039,USR_0053,2026-05-27,1,False,0.07131565373073845,-0.07131565373073845,False,True
REC_001101,USR_0056,2026-05-27,1,False,0.025316454208258343,-0.025316454208258343,False,True
REC_001121,USR_0057,2026-05-27,1,False,0.053863128461000664,-0.053863128461000664,False,True
REC_001143,USR_0058,2026-05-27,1,False,0.07752984295119925,-0.07752984295119925,False,True
REC_001237,USR_0063,2026-05-27,1,False,0.04980440351208071,-0.04980440351208071,False,True
REC_001504,USR_0076,2026-05-27,1,False,0.05484702325114277,-0.05484702325114277,False,True
REC_001568,USR_0079,2026-05-27,1,False,0.08850301221364487,-0.08850301221364487,False,True
REC_001583,USR_0080,2026-05-27,1,False,0.06152636976095521,-0.06152636976095521,False,True
REC_001732,USR_0087,2026-05-27,1,False,0.04365017155380202,-0.04365017155380202,False,True
REC_001790,USR_0090,2026-05-27,1,False,0.06993904285066765,-0.06993904285066765,False,True
REC_001940,USR_0098,2026-05-27,1,False,0.06446117099944104,-0.06446117099944104,False,True
REC_002066,USR_0104,2026-05-27,-1,True,-0.010283113104746944,0.010283113104746944,False,False
REC_002359,USR_0118,2026-05-27,1,False,0.03100317965016941,-0.03100317965016941,False,True
REC_002508,USR_0126,2026-05-27,1,False,0.062279833655367656,-0.062279833655367656,False,True
REC_002710,USR_0136,2026-05-27,1,False,0.046395657372456656,-0.046395657372456656,False,True
REC_002728,USR_0137,2026-05-27,1,False,0.05707514713182815,-0.05707514713182815,False,True
REC_002768,USR_0139,2026-05-27,1,False,0.06704158557042023,-0.06704158557042023,False,True
REC_002852,USR_0143,2026-05-27,1,False,0.06462020004856844,-0.06462020004856844,False,True
REC_002914,USR_0146,2026-05-27,1,False,0.05031229071651344,-0.05031229071651344,False,True
REC_002999,USR_0150,2026-05-27,1,False,0.061677635928783614,-0.061677635928783614,False,True
REC_003014,USR_0151,2026-05-27,1,False,0.06809433724170683,-0.06809433724170683,False,True
REC_003104,USR_0156,2026-05-27,1,False,0.051106136966107385,-0.051106136966107385,False,True
REC_003207,USR_0161,2026-05-27,1,False,0.046851031859870884,-0.046851031859870884,False,True
REC_003307,USR_0166,2026-05-27,1,False,0.04405450231016833,-0.04405450231016833,False,True
REC_003456,USR_0174,2026-05-27,1,False,0.08772828886674866,-0.08772828886674866,False,True
REC_003523,USR_0177,2026-05-27,1,False,0.0348574248013786,-0.0348574248013786,False,True
REC_003544,USR_0178,2026-05-27,1,False,0.005503320078281582,-0.005503320078281582,False,True
REC_003567,USR_0179,2026-05-27,1,False,0.03575787966204508,-0.03575787966204508,False,True
REC_003696,USR_0186,2026-05-27,1,False,0.06472753349726545,-0.06472753349726545,False,True
REC_003735,USR_0188,2026-05-27,1,False,0.07497668186385847,-0.07497668186385847,False,True
REC_003802,USR_0191,2026-05-27,1,False,0.04652110180855357,-0.04652110180855357,False,True
REC_003947,USR_0198,2026-05-27,1,False,0.05503581271617647,-0.05503581271617647,False,True
REC_004078,USR_0205,2026-05-27,1,False,0.0579959347768958,-0.0579959347768958,False,True
REC_004099,USR_0206,2026-05-27,1,False,0.050990723462925214,-0.050990723462925214,False,True
REC_004122,USR_0207,2026-05-27,1,False,0.045320682983726546,-0.045320682983726546,False,True
REC_004481,USR_0224,2026-05-27,1,False,0.07377780348898211,-0.07377780348898211,False,True
REC_004572,USR_0229,2026-05-27,1,False,0.052958527311200654,-0.052958527311200654,False,True
REC_004819,USR_0241,2026-05-27,1,False,0.05759081283336581,-0.05759081283336581,False,True
REC_004962,USR_0248,2026-05-27,1,False,0.0860133642566353,-0.0860133642566353,False,True
REC_000012,USR_0001,2026-05-28,1,False,0.07489487959653446,-0.07489487959653446,False,True
REC_000036,USR_0002,2026-05-28,1,False,0.08815599202996832,-0.08815599202996832,False,True
REC_000133,USR_0007,2026-05-28,1,False,0.02511293446031343,-0.02511293446031343,False,True
REC_000161,USR_0008,2026-05-28,1,False,0.06807469379007075,-0.06807469379007075,False,True
REC_000181,USR_0009,2026-05-28,1,False,0.05242495454332258,-0.05242495454332258,False,True
REC_000201,USR_0010,2026-05-28,1,False,0.04747400827662496,-0.04747400827662496,False,True
REC_000420,USR_0021,2026-05-28,1,False,0.03851047978974825,-0.03851047978974825,False,True
REC_000467,USR_0023,2026-05-28,1,False,0.02932726548398773,-0.02932726548398773,False,True
REC_000489,USR_0024,2026-05-28,1,False,0.08644880104553598,-0.08644880104553598,False,True
REC_000571,USR_0028,2026-05-28,1,False,0.06037092029281815,-0.06037092029281815,False,True
REC_000594,USR_0029,2026-05-28,1,False,0.011313504219083392,-0.011313504219083392,False,True
REC_000649,USR_0032,2026-05-28,1,False,0.034224825081067944,-0.034224825081067944,False,True
REC_000663,USR_0033,2026-05-28,1,False,0.012032244685488691,-0.012032244685488691,False,True
REC_000716,USR_0037,2026-05-28,1,False,0.07747787024148872,-0.07747787024148872,False,True
REC_000799,USR_0041,2026-05-28,1,False,0.06372388155381908,-0.06372388155381908,False,True
REC_000864,USR_0044,2026-05-28,1,False,0.02184300753380941,-0.02184300753380941,False,True
REC_000980,USR_0050,2026-05-28,1,False,0.036469627049199205,-0.036469627049199205,False,True
REC_001084,USR_0055,2026-05-28,1,False,0.04121747632181899,-0.04121747632181899,False,True
REC_001144,USR_0058,2026-05-28,1,False,0.057200240185329154,-0.057200240185329154,False,True
REC_001161,USR_0059,2026-05-28,1,False,0.07981489415362453,-0.07981489415362453,False,True
REC_001203,USR_0061,2026-05-28,1,False,0.08823271797595422,-0.08823271797595422,False,True
REC_001384,USR_0070,2026-05-28,1,False,0.05618976698453393,-0.05618976698453393,False,True
REC_001480,USR_0075,2026-05-28,1,False,0.05919259574585195,-0.05919259574585195,False,True
REC_001622,USR_0082,2026-05-28,1,False,0.0313419467004874,-0.0313419467004874,False,True
REC_001648,USR_0083,2026-05-28,1,False,0.07077900394251602,-0.07077900394251602,False,True
REC_001668,USR_0084,2026-05-28,1,False,0.036209506217533494,-0.036209506217533494,False,True
REC_001710,USR_0086,2026-05-28,1,False,0.01356727218420406,-0.01356727218420406,False,True
REC_001865,USR_0094,2026-05-28,1,False,0.0256166352489815,-0.0256166352489815,False,True
REC_001941,USR_0098,2026-05-28,1,False,0.08857276876730996,-0.08857276876730996,False,True
REC_001964,USR_0099,2026-05-28,1,False,0.08397717517520886,-0.08397717517520886,False,True
REC_002193,USR_0110,2026-05-28,1,False,0.04789461494288655,-0.04789461494288655,False,True
REC_002213,USR_0111,2026-05-28,1,False,0.07783558915490718,-0.07783558915490718,False,True
REC_002250,USR_0113,2026-05-28,1,False,0.06515354630415399,-0.06515354630415399,False,True
REC_002509,USR_0126,2026-05-28,1,False,0.007642328526222486,-0.007642328526222486,True,False
REC_002574,USR_0129,2026-05-28,1,False,0.08771289081380929,-0.08771289081380929,False,True
REC_002632,USR_0132,2026-05-28,1,False,0.0428748034159096,-0.0428748034159096,False,True
REC_002853,USR_0143,2026-05-28,1,False,0.07177769675647483,-0.07177769675647483,False,True
REC_003041,USR_0152,2026-05-28,1,False,0.030758958824156912,-0.030758958824156912,False,True
REC_003189,USR_0160,2026-05-28,1,False,0.0569369847001715,-0.0569369847001715,False,True
REC_003227,USR_0162,2026-05-28,1,False,0.04158504661508866,-0.04158504661508866,False,True
REC_003286,USR_0165,2026-05-28,1,False,0.08526676927253296,-0.08526676927253296,False,True
REC_003378,USR_0170,2026-05-28,1,False,0.06752946505662705,-0.06752946505662705,False,True
REC_003479,USR_0175,2026-05-28,1,False,0.023530034160628877,-0.023530034160628877,False,True
REC_003568,USR_0179,2026-05-28,1,False,0.02432724389034474,-0.02432724389034474,False,True
REC_003622,USR_0182,2026-05-28,1,False,0.019962113240804324,-0.019962113240804324,False,True
REC_003736,USR_0188,2026-05-28,1,False,0.05901864571871951,-0.05901864571871951,False,True
REC_003966,USR_0199,2026-05-28,1,False,0.04220898368265824,-0.04220898368265824,False,True
REC_004123,USR_0207,2026-05-28,1,False,0.07404746361238917,-0.07404746361238917,False,True
REC_004190,USR_0210,2026-05-28,1,False,0.0895757707222618,-0.0895757707222618,False,True
REC_004226,USR_0212,2026-05-28,1,False,0.02543279847991492,-0.02543279847991492,False,True
REC_004281,USR_0214,2026-05-28,1,False,0.04566267330977253,-0.04566267330977253,False,True
REC_004416,USR_0221,2026-05-28,1,False,0.04890508424489587,-0.04890508424489587,False,True
REC_004461,USR_0223,2026-05-28,1,False,0.0030003252695927074,-0.0030003252695927074,False,True
REC_004519,USR_0226,2026-05-28,1,False,0.02720640324778656,-0.02720640324778656,False,True
REC_004554,USR_0228,2026-05-28,1,False,0.030836942598583272,-0.030836942598583272,False,True
REC_004820,USR_0241,2026-05-28,1,False,0.05130797028684386,-0.05130797028684386,False,True
REC_004941,USR_0247,2026-05-28,1,False,0.03723071752071305,-0.03723071752071305,False,True
REC_000060,USR_0003,2026-05-29,-1,True,-0.004075788499981581,0.004075788499981581,False,False
REC_000134,USR_0007,2026-05-29,1,False,0.03664929492878177,-0.03664929492878177,False,True
REC_000162,USR_0008,2026-05-29,1,False,0.06463230905315998,-0.06463230905315998,False,True
REC_000182,USR_0009,2026-05-29,1,False,0.058113280178428706,-0.058113280178428706,False,True
REC_000281,USR_0014,2026-05-29,-1,True,-0.0003724917877181433,0.0003724917877181433,False,False
REC_000421,USR_0021,2026-05-29,1,False,0.06513285812483094,-0.06513285812483094,False,True
REC_000595,USR_0029,2026-05-29,1,False,0.049808109366922204,-0.049808109366922204,False,True
REC_000631,USR_0031,2026-05-29,1,False,0.05184089571869299,-0.05184089571869299,True,False
REC_000664,USR_0033,2026-05-29,1,False,0.05919749722140211,-0.05919749722140211,False,True
REC_000840,USR_0043,2026-05-29,1,False,0.03300988384635045,-0.03300988384635045,False,True
REC_000981,USR_0050,2026-05-29,1,False,0.04781303138095283,-0.04781303138095283,False,True
REC_001085,USR_0055,2026-05-29,1,False,0.07370782671743298,-0.07370782671743298,False,True
REC_001162,USR_0059,2026-05-29,1,False,0.08536135557052837,-0.08536135557052837,False,True
REC_001256,USR_0064,2026-05-29,1,False,0.05519978253129215,-0.05519978253129215,False,True
REC_001522,USR_0077,2026-05-29,1,False,0.06882382707920293,-0.06882382707920293,False,True
REC_001584,USR_0080,2026-05-29,1,False,0.04253578264235286,-0.04253578264235286,False,True
REC_001606,USR_0081,2026-05-29,1,False,0.04337566181416097,-0.04337566181416097,False,True
REC_001669,USR_0084,2026-05-29,1,False,0.020521227694711985,-0.020521227694711985,False,True
REC_001711,USR_0086,2026-05-29,1,False,0.010519364137440479,-0.010519364137440479,False,True
REC_002289,USR_0115,2026-05-29,1,False,0.05995124579023858,-0.05995124579023858,False,True
REC_002360,USR_0118,2026-05-29,1,False,0.032249490629100375,-0.032249490629100375,False,True
REC_002554,USR_0128,2026-05-29,1,False,0.0497817826304634,-0.0497817826304634,False,True
REC_002695,USR_0135,2026-05-29,-1,True,-0.0080002764940027,0.0080002764940027,False,False
REC_002729,USR_0137,2026-05-29,1,False,0.08415349195668254,-0.08415349195668254,False,True
REC_002769,USR_0139,2026-05-29,1,False,0.06398796332719675,-0.06398796332719675,False,True
REC_002896,USR_0145,2026-05-29,1,False,0.056067904078063224,-0.056067904078063224,False,True
REC_003015,USR_0151,2026-05-29,1,False,0.048343427487114954,-0.048343427487114954,False,True
REC_003042,USR_0152,2026-05-29,1,False,0.05557136378079769,-0.05557136378079769,False,True
REC_003253,USR_0163,2026-05-29,1,False,0.05461616866007479,-0.05461616866007479,False,True
REC_003322,USR_0167,2026-05-29,1,False,0.06525612962905525,-0.06525612962905525,False,True
REC_003346,USR_0168,2026-05-29,-1,True,-0.03176649133303999,0.03176649133303999,False,False
REC_003416,USR_0172,2026-05-29,1,False,0.015314790308155413,-0.015314790308155413,False,True
REC_003436,USR_0173,2026-05-29,1,False,0.08512573098887172,-0.08512573098887172,False,True
REC_003498,USR_0176,2026-05-29,1,False,0.0572750586666651,-0.0572750586666651,False,True
REC_003603,USR_0181,2026-05-29,1,False,0.06201126031471216,-0.06201126031471216,False,True
REC_003719,USR_0187,2026-05-29,1,False,0.07395621145279624,-0.07395621145279624,False,True
REC_003884,USR_0195,2026-05-29,1,False,0.07715864724122334,-0.07715864724122334,False,True
REC_003918,USR_0197,2026-05-29,1,False,0.05784219398640522,-0.05784219398640522,False,True
REC_004060,USR_0204,2026-05-29,1,False,0.030097634301328002,-0.030097634301328002,False,True
REC_004124,USR_0207,2026-05-29,1,False,0.07132083538041278,-0.07132083538041278,False,True
REC_004168,USR_0209,2026-05-29,1,False,0.07652964887731245,-0.07652964887731245,False,True
REC_004227,USR_0212,2026-05-29,1,False,0.04268393693548567,-0.04268393693548567,False,True
REC_004382,USR_0219,2026-05-29,1,False,0.03393600195591734,-0.03393600195591734,False,True
REC_004398,USR_0220,2026-05-29,1,False,0.05498153111575366,-0.05498153111575366,False,True
REC_004497,USR_0225,2026-05-29,1,False,0.009405398519878538,-0.009405398519878538,True,False
REC_004573,USR_0229,2026-05-29,1,False,0.07043614767822187,-0.07043614767822187,False,True
REC_004630,USR_0232,2026-05-29,1,False,0.013815603027733991,-0.013815603027733991,False,True
REC_004882,USR_0244,2026-05-29,1,False,0.06610934582077521,-0.06610934582077521,False,True
REC_004978,USR_0249,2026-05-29,1,False,0.0327089170963733,-0.0327089170963733,False,True
REC_000183,USR_0009,2026-05-30,1,False,0.07481750424031747,-0.07481750424031747,False,True
REC_000261,USR_0013,2026-05-30,1,False,0.06408237969360903,-0.06408237969360903,False,True
REC_000342,USR_0017,2026-05-30,1,False,0.06786989929575193,-0.06786989929575193,False,True
REC_000692,USR_0035,2026-05-30,-1,True,-0.004805611100753393,0.004805611100753393,True,True
REC_000841,USR_0043,2026-05-30,1,False,0.05595410281555263,-0.05595410281555263,False,True
REC_000883,USR_0045,2026-05-30,1,False,0.0764535431071815,-0.0764535431071815,False,True
REC_001102,USR_0056,2026-05-30,1,False,0.06327657006924925,-0.06327657006924925,False,True
REC_001145,USR_0058,2026-05-30,1,False,0.05239525550266899,-0.05239525550266899,False,True
REC_001238,USR_0063,2026-05-30,1,False,0.04891897568716863,-0.04891897568716863,False,True
REC_001257,USR_0064,2026-05-30,1,False,0.05573991635183534,-0.05573991635183534,False,True
REC_001276,USR_0065,2026-05-30,1,False,0.023672998686732727,-0.023672998686732727,False,True
REC_001294,USR_0066,2026-05-30,1,False,0.08157742952338426,-0.08157742952338426,False,True
REC_001423,USR_0072,2026-05-30,1,False,0.046263695416732475,-0.046263695416732475,False,True
REC_001481,USR_0075,2026-05-30,1,False,0.06543222234634033,-0.06543222234634033,False,True
REC_001623,USR_0082,2026-05-30,1,False,0.06001345609738162,-0.06001345609738162,False,True
REC_001670,USR_0084,2026-05-30,1,False,0.07487694157999841,-0.07487694157999841,False,True
REC_001750,USR_0088,2026-05-30,1,False,0.0685770153996042,-0.0685770153996042,False,True
REC_001771,USR_0089,2026-05-30,-1,True,-0.021154399672532853,0.021154399672532853,False,False
REC_001807,USR_0091,2026-05-30,1,False,0.035336681621390864,-0.035336681621390864,False,True
REC_001899,USR_0096,2026-05-30,1,False,0.05854470955750951,-0.05854470955750951,False,True
REC_001942,USR_0098,2026-05-30,1,False,0.05766765117222522,-0.05766765117222522,False,True
REC_002032,USR_0102,2026-05-30,1,False,0.06539054147569406,-0.06539054147569406,False,True
REC_002113,USR_0106,2026-05-30,1,False,0.07077506206434914,-0.07077506206434914,False,True
REC_002135,USR_0107,2026-05-30,1,False,0.09047761994189857,-0.09047761994189857,False,True
REC_002228,USR_0112,2026-05-30,1,False,0.08207528411478399,-0.08207528411478399,False,True
REC_002251,USR_0113,2026-05-30,1,False,0.04308732819038463,-0.04308732819038463,False,True
REC_002270,USR_0114,2026-05-30,1,False,0.06964703201795974,-0.06964703201795974,False,True
REC_002361,USR_0118,2026-05-30,-1,True,-0.0025193032077976962,0.0025193032077976962,False,False
REC_002378,USR_0119,2026-05-30,1,False,0.06639737957672637,-0.06639737957672637,False,True
REC_002555,USR_0128,2026-05-30,1,False,0.046539037368264535,-0.046539037368264535,False,True
REC_002675,USR_0134,2026-05-30,1,False,0.03546547696694974,-0.03546547696694974,False,True
REC_002770,USR_0139,2026-05-30,1,False,0.07029488461075484,-0.07029488461075484,False,True
REC_002854,USR_0143,2026-05-30,1,False,0.0487574377647626,-0.0487574377647626,False,True
REC_002936,USR_0147,2026-05-30,1,False,0.060823445587285196,-0.060823445587285196,False,True
REC_003043,USR_0152,2026-05-30,1,False,0.037631640028795266,-0.037631640028795266,False,True
REC_003208,USR_0161,2026-05-30,1,False,0.08991396394393353,-0.08991396394393353,False,True
REC_003457,USR_0174,2026-05-30,1,False,0.07553976516531086,-0.07553976516531086,False,True
REC_003499,USR_0176,2026-05-30,1,False,0.03488441544588444,-0.03488441544588444,False,True
REC_003585,USR_0180,2026-05-30,1,False,0.05780619737018411,-0.05780619737018411,False,True
REC_003868,USR_0194,2026-05-30,1,False,0.07705683170959504,-0.07705683170959504,False,True
REC_003967,USR_0199,2026-05-30,1,False,0.025249400150529178,-0.025249400150529178,False,True
REC_004079,USR_0205,2026-05-30,1,False,0.04963846737881139,-0.04963846737881139,False,True
REC_004125,USR_0207,2026-05-30,1,False,0.03095934835803127,-0.03095934835803127,False,True
REC_004147,USR_0208,2026-05-30,1,False,0.08662370009089687,-0.08662370009089687,False,True
REC_004191,USR_0210,2026-05-30,1,False,0.05184372432573914,-0.05184372432573914,False,True
REC_004364,USR_0218,2026-05-30,1,False,0.05790575373096751,-0.05790575373096751,False,True
REC_004417,USR_0221,2026-05-30,1,False,0.03379742076757586,-0.03379742076757586,False,True
REC_004498,USR_0225,2026-05-30,1,False,0.02923784034427268,-0.02923784034427268,False,True
REC_004574,USR_0229,2026-05-30,1,False,0.08257489764251219,-0.08257489764251219,False,True
REC_004748,USR_0238,2026-05-30,1,False,0.07490917268560449,-0.07490917268560449,False,True
REC_004821,USR_0241,2026-05-30,1,False,0.04675569069444596,-0.04675569069444596,False,True
REC_004902,USR_0245,2026-05-30,1,False,0.034269422324258225,-0.034269422324258225,False,True
REC_004942,USR_0247,2026-05-30,1,False,0.043400254825701756,-0.043400254825701756,False,True
REC_000013,USR_0001,2026-05-31,1,False,0.06429729120406341,-0.06429729120406341,False,True
REC_000061,USR_0003,2026-05-31,-1,True,-0.005726833391728192,0.005726833391728192,False,False
REC_000092,USR_0005,2026-05-31,1,False,0.06657120545948758,-0.06657120545948758,False,True
REC_000282,USR_0014,2026-05-31,1,False,0.041067993680928894,-0.041067993680928894,False,True
REC_000343,USR_0017,2026-05-31,1,False,0.03946353639196931,-0.03946353639196931,False,True
REC_000380,USR_0019,2026-05-31,1,False,0.07817201616671121,-0.07817201616671121,False,True
REC_000398,USR_0020,2026-05-31,1,False,0.036921079292486614,-0.036921079292486614,False,True
REC_000490,USR_0024,2026-05-31,1,False,0.05880840990124647,-0.05880840990124647,False,True
REC_000522,USR_0026,2026-05-31,1,False,0.03719135728333561,-0.03719135728333561,False,True
REC_000572,USR_0028,2026-05-31,1,False,0.07888747684702568,-0.07888747684702568,False,True
REC_000650,USR_0032,2026-05-31,1,False,0.04743040956351563,-0.04743040956351563,False,True
REC_000676,USR_0034,2026-05-31,1,False,0.08642113490656139,-0.08642113490656139,False,True
REC_000717,USR_0037,2026-05-31,1,False,0.0437057251742059,-0.0437057251742059,False,True
REC_000884,USR_0045,2026-05-31,1,False,0.07925352133539282,-0.07925352133539282,False,True
REC_000899,USR_0046,2026-05-31,1,False,0.006168560126762146,-0.006168560126762146,False,True
REC_000917,USR_0047,2026-05-31,1,False,0.07655455894207397,-0.07655455894207397,False,True
REC_001000,USR_0051,2026-05-31,1,False,0.059428754122680394,-0.059428754122680394,True,False
REC_001122,USR_0057,2026-05-31,1,False,0.062186423487048004,-0.062186423487048004,False,True
REC_001146,USR_0058,2026-05-31,1,False,0.05477209354222312,-0.05477209354222312,False,True
REC_001277,USR_0065,2026-05-31,1,False,0.05192321723432858,-0.05192321723432858,False,True
REC_001311,USR_0067,2026-05-31,1,False,0.041197865490261276,-0.041197865490261276,False,True
REC_001337,USR_0068,2026-05-31,1,False,0.06330049749464567,-0.06330049749464567,False,True
REC_001403,USR_0071,2026-05-31,1,False,0.08274899202628183,-0.08274899202628183,False,True
REC_001482,USR_0075,2026-05-31,1,False,0.04313695018042829,-0.04313695018042829,False,True
REC_001607,USR_0081,2026-05-31,1,False,0.015242041678095175,-0.015242041678095175,False,True
REC_001880,USR_0095,2026-05-31,1,False,0.07953078300741112,-0.07953078300741112,False,True
REC_001918,USR_0097,2026-05-31,1,False,0.06639481444406242,-0.06639481444406242,False,True
REC_002033,USR_0102,2026-05-31,1,False,0.056952410460747116,-0.056952410460747116,False,True
REC_002067,USR_0104,2026-05-31,1,False,0.062297743272346384,-0.062297743272346384,False,True
REC_002174,USR_0109,2026-05-31,1,False,0.05602484028575738,-0.05602484028575738,False,True
REC_002194,USR_0110,2026-05-31,1,False,0.05674820733615438,-0.05674820733615438,False,True
REC_002271,USR_0114,2026-05-31,1,False,0.05511609748742469,-0.05511609748742469,False,True
REC_002333,USR_0117,2026-05-31,1,False,0.05800014500707862,-0.05800014500707862,False,True
REC_002404,USR_0120,2026-05-31,1,False,0.06427067653283464,-0.06427067653283464,False,True
REC_002575,USR_0129,2026-05-31,1,False,0.06049214183886026,-0.06049214183886026,False,True
REC_002593,USR_0130,2026-05-31,1,False,0.030773885200087503,-0.030773885200087503,False,True
REC_002651,USR_0133,2026-05-31,1,False,0.030870295478866105,-0.030870295478866105,False,True
REC_002730,USR_0137,2026-05-31,1,False,0.08744450636794582,-0.08744450636794582,False,True
REC_002815,USR_0141,2026-05-31,1,False,0.03647948263746381,-0.03647948263746381,False,True
REC_002980,USR_0149,2026-05-31,1,False,0.04715449622885809,-0.04715449622885809,False,True
REC_003105,USR_0156,2026-05-31,1,False,0.07574027225139163,-0.07574027225139163,False,True
REC_003361,USR_0169,2026-05-31,1,False,0.026656363780654502,-0.026656363780654502,False,True
REC_003623,USR_0182,2026-05-31,1,False,0.0985497514074849,-0.0985497514074849,False,True
REC_003642,USR_0183,2026-05-31,1,False,0.08531310717279988,-0.08531310717279988,False,True
REC_003662,USR_0184,2026-05-31,1,False,0.04990077818718458,-0.04990077818718458,True,False
REC_003697,USR_0186,2026-05-31,1,False,0.022136651612558955,-0.022136651612558955,False,True
REC_003843,USR_0193,2026-05-31,1,False,0.06925502797680744,-0.06925502797680744,False,True
REC_003901,USR_0196,2026-05-31,1,False,0.04742573072277961,-0.04742573072277961,False,True
REC_003919,USR_0197,2026-05-31,1,False,0.051358198642451836,-0.051358198642451836,False,True
REC_003948,USR_0198,2026-05-31,1,False,0.049057588117254414,-0.049057588117254414,False,True
REC_004045,USR_0203,2026-05-31,1,False,0.007533695352823666,-0.007533695352823666,False,True
REC_004061,USR_0204,2026-05-31,1,False,0.05520586732585203,-0.05520586732585203,False,True
REC_004148,USR_0208,2026-05-31,1,False,0.056980267365671744,-0.056980267365671744,False,True
REC_004399,USR_0220,2026-05-31,1,False,0.04501052671537442,-0.04501052671537442,False,True
REC_004499,USR_0225,2026-05-31,1,False,0.08495191974046801,-0.08495191974046801,False,True
REC_004594,USR_0230,2026-05-31,1,False,0.024651045961784634,-0.024651045961784634,False,True
REC_004615,USR_0231,2026-05-31,-1,True,-0.012046902810583626,0.012046902810583626,False,False
REC_004631,USR_0232,2026-05-31,1,False,0.017131213351223917,-0.017131213351223917,False,True
REC_004749,USR_0238,2026-05-31,1,False,0.08720617821551607,-0.08720617821551607,False,True
REC_004778,USR_0239,2026-05-31,1,False,0.06787752102010902,-0.06787752102010902,False,True
REC_004903,USR_0245,2026-05-31,1,False,0.08860441184790724,-0.08860441184790724,False,True
REC_004963,USR_0248,2026-05-31,1,False,0.07351897805217078,-0.07351897805217078,False,True
REC_004996,USR_0250,2026-05-31,1,False,0.051128494818656,-0.051128494818656,False,True
REC_000135,USR_0007,2026-06-01,1,False,0.028790838162216004,-0.028790838162216004,False,True
REC_000344,USR_0017,2026-06-01,1,False,0.09125865848078968,-0.09125865848078968,False,True
REC_000365,USR_0018,2026-06-01,1,False,0.058019606252352085,-0.058019606252352085,False,True
REC_000445,USR_0022,2026-06-01,1,False,0.04758187871663,-0.04758187871663,False,True
REC_000709,USR_0036,2026-06-01,1,False,0.0887272970803622,-0.0887272970803622,False,True
REC_000738,USR_0038,2026-06-01,1,False,0.01848303313621147,-0.01848303313621147,False,True
REC_000885,USR_0045,2026-06-01,1,False,0.049621080202851164,-0.049621080202851164,False,True
REC_000933,USR_0048,2026-06-01,1,False,0.06255817660987845,-0.06255817660987845,False,True
REC_000953,USR_0049,2026-06-01,1,False,0.09239885200395764,-0.09239885200395764,False,True
REC_001123,USR_0057,2026-06-01,1,False,0.09929364162802978,-0.09929364162802978,False,True
REC_001147,USR_0058,2026-06-01,1,False,0.059139430010706984,-0.059139430010706984,False,True
REC_001295,USR_0066,2026-06-01,-1,True,-0.00661667840599689,0.00661667840599689,False,False
REC_001360,USR_0069,2026-06-01,1,False,0.07353381461671793,-0.07353381461671793,False,True
REC_001442,USR_0073,2026-06-01,1,False,0.053517672795976856,-0.053517672795976856,False,True
REC_001483,USR_0075,2026-06-01,1,False,0.07793250271202701,-0.07793250271202701,False,True
REC_001523,USR_0077,2026-06-01,1,False,0.07470426915182543,-0.07470426915182543,False,True
REC_001585,USR_0080,2026-06-01,1,False,0.08210330135797517,-0.08210330135797517,False,True
REC_001624,USR_0082,2026-06-01,1,False,0.06377782518921421,-0.06377782518921421,False,True
REC_001671,USR_0084,2026-06-01,1,False,0.051423790474565134,-0.051423790474565134,False,True
REC_001687,USR_0085,2026-06-01,1,False,0.06798050355113788,-0.06798050355113788,False,True
REC_001791,USR_0090,2026-06-01,1,False,0.07051742960312735,-0.07051742960312735,False,True
REC_001987,USR_0100,2026-06-01,1,False,0.0006154133630953407,-0.0006154133630953407,False,True
REC_002048,USR_0103,2026-06-01,1,False,0.08604810144717917,-0.08604810144717917,False,True
REC_002098,USR_0105,2026-06-01,1,False,0.10692112354043692,-0.10692112354043692,False,True
REC_002313,USR_0116,2026-06-01,1,False,0.0732577419356576,-0.0732577419356576,False,True
REC_002334,USR_0117,2026-06-01,1,False,0.044043579004670375,-0.044043579004670375,False,True
REC_002405,USR_0120,2026-06-01,1,False,0.06945280139640359,-0.06945280139640359,False,True
REC_002440,USR_0122,2026-06-01,1,False,0.07794454026887898,-0.07794454026887898,False,True
REC_002469,USR_0124,2026-06-01,1,False,0.03190063140689642,-0.03190063140689642,False,True
REC_002711,USR_0136,2026-06-01,1,False,0.06691395391805072,-0.06691395391805072,False,True
REC_002877,USR_0144,2026-06-01,1,False,0.04390690329654762,-0.04390690329654762,False,True
REC_002915,USR_0146,2026-06-01,1,False,0.05487178168567819,-0.05487178168567819,False,True
REC_002959,USR_0148,2026-06-01,1,False,0.05866661350899455,-0.05866661350899455,False,True
REC_002981,USR_0149,2026-06-01,1,False,0.03593625272126899,-0.03593625272126899,False,True
REC_003000,USR_0150,2026-06-01,1,False,0.04344683644442343,-0.04344683644442343,False,True
REC_003078,USR_0154,2026-06-01,1,False,0.05072049349628077,-0.05072049349628077,False,True
REC_003106,USR_0156,2026-06-01,1,False,0.057426069040986405,-0.057426069040986405,False,True
REC_003128,USR_0157,2026-06-01,1,False,0.0731085085124743,-0.0731085085124743,False,True
REC_003254,USR_0163,2026-06-01,1,False,0.06748659299113646,-0.06748659299113646,False,True
REC_003308,USR_0166,2026-06-01,1,False,0.07729538494719151,-0.07729538494719151,False,True
REC_003347,USR_0168,2026-06-01,1,False,0.03146276623541083,-0.03146276623541083,False,True
REC_003458,USR_0174,2026-06-01,1,False,0.08044645853603916,-0.08044645853603916,False,True
REC_003624,USR_0182,2026-06-01,1,False,0.09015199700939458,-0.09015199700939458,False,True
REC_003663,USR_0184,2026-06-01,1,False,0.0686113808513546,-0.0686113808513546,False,True
REC_003777,USR_0190,2026-06-01,1,False,0.022103435812571792,-0.022103435812571792,False,True
REC_003902,USR_0196,2026-06-01,1,False,0.07306304623164289,-0.07306304623164289,False,True
REC_003968,USR_0199,2026-06-01,1,False,0.0326796070153455,-0.0326796070153455,False,True
REC_004080,USR_0205,2026-06-01,1,False,0.03519964834890682,-0.03519964834890682,False,True
REC_004383,USR_0219,2026-06-01,1,False,0.05561663970263486,-0.05561663970263486,False,True
REC_004440,USR_0222,2026-06-01,1,False,0.07886992119854896,-0.07886992119854896,False,True
REC_004482,USR_0224,2026-06-01,1,False,0.04651099766359801,-0.04651099766359801,False,True
REC_004555,USR_0228,2026-06-01,1,False,0.06544065032688667,-0.06544065032688667,False,True
REC_004575,USR_0229,2026-06-01,1,False,0.047501818765324944,-0.047501818765324944,False,True
REC_004727,USR_0237,2026-06-01,1,False,0.06669758761786987,-0.06669758761786987,False,True
REC_004750,USR_0238,2026-06-01,1,False,0.09811913968946945,-0.09811913968946945,False,True
